USE [SAN_JOSE]
GO
/****** Object:  Table [dbo].[Entradas]    Script Date: 22/7/2021 18:43:18 ******/
SET ANSI_NULLS ON
GO
SET QUOTED_IDENTIFIER ON
GO
CREATE TABLE [dbo].[Entradas](
	[EntradaId] [int] IDENTITY(1,1) NOT NULL,
	[ProductoId] [int] NOT NULL,
	[Fecha] [date] NULL,
	[Cantidad] [int] NOT NULL,
	[Remito] [varchar](50) NULL,
PRIMARY KEY CLUSTERED 
(
	[EntradaId] ASC
)WITH (PAD_INDEX = OFF, STATISTICS_NORECOMPUTE = OFF, IGNORE_DUP_KEY = OFF, ALLOW_ROW_LOCKS = ON, ALLOW_PAGE_LOCKS = ON, OPTIMIZE_FOR_SEQUENTIAL_KEY = OFF) ON [PRIMARY]
) ON [PRIMARY]
GO
/****** Object:  Table [dbo].[Predicciones]    Script Date: 22/7/2021 18:43:18 ******/
SET ANSI_NULLS ON
GO
SET QUOTED_IDENTIFIER ON
GO
CREATE TABLE [dbo].[Predicciones](
	[PrediccionId] [int] IDENTITY(1,1) NOT NULL,
	[ProductoId] [int] NOT NULL,
	[Semana] [int] NOT NULL,
	[Cantidad] [int] NOT NULL,
	[Fecha] [date] NULL,
PRIMARY KEY CLUSTERED 
(
	[PrediccionId] ASC
)WITH (PAD_INDEX = OFF, STATISTICS_NORECOMPUTE = OFF, IGNORE_DUP_KEY = OFF, ALLOW_ROW_LOCKS = ON, ALLOW_PAGE_LOCKS = ON, OPTIMIZE_FOR_SEQUENTIAL_KEY = OFF) ON [PRIMARY]
) ON [PRIMARY]
GO
/****** Object:  Table [dbo].[Productos]    Script Date: 22/7/2021 18:43:18 ******/
SET ANSI_NULLS ON
GO
SET QUOTED_IDENTIFIER ON
GO
CREATE TABLE [dbo].[Productos](
	[ProductoId] [int] IDENTITY(1,1) NOT NULL,
	[Codigo] [varchar](20) NOT NULL,
	[Nombre] [varchar](50) NOT NULL,
	[Presentacion] [varchar](50) NOT NULL,
	[Stock] [int] NULL,
	[P] [int] NULL,
	[D] [int] NULL,
	[Q] [int] NULL,
PRIMARY KEY CLUSTERED 
(
	[ProductoId] ASC
)WITH (PAD_INDEX = OFF, STATISTICS_NORECOMPUTE = OFF, IGNORE_DUP_KEY = OFF, ALLOW_ROW_LOCKS = ON, ALLOW_PAGE_LOCKS = ON, OPTIMIZE_FOR_SEQUENTIAL_KEY = OFF) ON [PRIMARY]
) ON [PRIMARY]
GO
/****** Object:  Table [dbo].[Salidas]    Script Date: 22/7/2021 18:43:18 ******/
SET ANSI_NULLS ON
GO
SET QUOTED_IDENTIFIER ON
GO
CREATE TABLE [dbo].[Salidas](
	[SalidaId] [int] IDENTITY(1,1) NOT NULL,
	[ProductoId] [int] NOT NULL,
	[Fecha] [date] NULL,
	[Cantidad] [int] NOT NULL,
PRIMARY KEY CLUSTERED 
(
	[SalidaId] ASC
)WITH (PAD_INDEX = OFF, STATISTICS_NORECOMPUTE = OFF, IGNORE_DUP_KEY = OFF, ALLOW_ROW_LOCKS = ON, ALLOW_PAGE_LOCKS = ON, OPTIMIZE_FOR_SEQUENTIAL_KEY = OFF) ON [PRIMARY]
) ON [PRIMARY]
GO
/****** Object:  Table [dbo].[SalidasDiciembre]    Script Date: 22/7/2021 18:43:18 ******/
SET ANSI_NULLS ON
GO
SET QUOTED_IDENTIFIER ON
GO
CREATE TABLE [dbo].[SalidasDiciembre](
	[SalidaId] [int] NULL,
	[ProductoId] [int] NULL,
	[Fecha] [date] NULL,
	[Cantidad] [int] NULL
) ON [PRIMARY]
GO
/****** Object:  Table [dbo].[Semanas]    Script Date: 22/7/2021 18:43:18 ******/
SET ANSI_NULLS ON
GO
SET QUOTED_IDENTIFIER ON
GO
CREATE TABLE [dbo].[Semanas](
	[NumeroSemana] [int] NOT NULL,
	[FechaInicio] [date] NOT NULL,
	[FechaFin] [date] NOT NULL,
PRIMARY KEY CLUSTERED 
(
	[NumeroSemana] ASC
)WITH (PAD_INDEX = OFF, STATISTICS_NORECOMPUTE = OFF, IGNORE_DUP_KEY = OFF, ALLOW_ROW_LOCKS = ON, ALLOW_PAGE_LOCKS = ON, OPTIMIZE_FOR_SEQUENTIAL_KEY = OFF) ON [PRIMARY]
) ON [PRIMARY]
GO
SET IDENTITY_INSERT [dbo].[Entradas] ON 

INSERT [dbo].[Entradas] ([EntradaId], [ProductoId], [Fecha], [Cantidad], [Remito]) VALUES (1, 55, CAST(N'2020-07-03' AS Date), 1, N'R0005-00011407')
INSERT [dbo].[Entradas] ([EntradaId], [ProductoId], [Fecha], [Cantidad], [Remito]) VALUES (2, 33, CAST(N'2020-07-03' AS Date), 4, N'R0005-00011407')
INSERT [dbo].[Entradas] ([EntradaId], [ProductoId], [Fecha], [Cantidad], [Remito]) VALUES (3, 20, CAST(N'2020-07-03' AS Date), 2, N'R0005-00011407')
INSERT [dbo].[Entradas] ([EntradaId], [ProductoId], [Fecha], [Cantidad], [Remito]) VALUES (4, 24, CAST(N'2020-07-03' AS Date), 4, N'R0005-00011407')
INSERT [dbo].[Entradas] ([EntradaId], [ProductoId], [Fecha], [Cantidad], [Remito]) VALUES (5, 27, CAST(N'2020-07-03' AS Date), 1, N'R0005-00011407')
INSERT [dbo].[Entradas] ([EntradaId], [ProductoId], [Fecha], [Cantidad], [Remito]) VALUES (6, 28, CAST(N'2020-07-03' AS Date), 3, N'R0005-00011407')
INSERT [dbo].[Entradas] ([EntradaId], [ProductoId], [Fecha], [Cantidad], [Remito]) VALUES (7, 29, CAST(N'2020-07-03' AS Date), 3, N'R0005-00011407')
INSERT [dbo].[Entradas] ([EntradaId], [ProductoId], [Fecha], [Cantidad], [Remito]) VALUES (8, 58, CAST(N'2020-07-03' AS Date), 2, N'R0005-00011407')
INSERT [dbo].[Entradas] ([EntradaId], [ProductoId], [Fecha], [Cantidad], [Remito]) VALUES (9, 74, CAST(N'2020-07-03' AS Date), 3, N'R0005-00011407')
INSERT [dbo].[Entradas] ([EntradaId], [ProductoId], [Fecha], [Cantidad], [Remito]) VALUES (10, 73, CAST(N'2020-07-03' AS Date), 2, N'R0005-00011407')
INSERT [dbo].[Entradas] ([EntradaId], [ProductoId], [Fecha], [Cantidad], [Remito]) VALUES (11, 21, CAST(N'2020-07-03' AS Date), 3, N'R0005-00011407')
INSERT [dbo].[Entradas] ([EntradaId], [ProductoId], [Fecha], [Cantidad], [Remito]) VALUES (12, 75, CAST(N'2020-07-03' AS Date), 1, N'R0005-00011408')
INSERT [dbo].[Entradas] ([EntradaId], [ProductoId], [Fecha], [Cantidad], [Remito]) VALUES (13, 75, CAST(N'2020-07-03' AS Date), 2, N'R0005-00011408')
INSERT [dbo].[Entradas] ([EntradaId], [ProductoId], [Fecha], [Cantidad], [Remito]) VALUES (14, 69, CAST(N'2020-07-03' AS Date), 2, N'R0005-00011408')
INSERT [dbo].[Entradas] ([EntradaId], [ProductoId], [Fecha], [Cantidad], [Remito]) VALUES (15, 78, CAST(N'2020-07-03' AS Date), 1, N'R0005-00011408')
INSERT [dbo].[Entradas] ([EntradaId], [ProductoId], [Fecha], [Cantidad], [Remito]) VALUES (16, 43, CAST(N'2020-07-03' AS Date), 1, N'R0005-00011408')
INSERT [dbo].[Entradas] ([EntradaId], [ProductoId], [Fecha], [Cantidad], [Remito]) VALUES (17, 35, CAST(N'2020-07-03' AS Date), 36, N'R0005-00011408')
INSERT [dbo].[Entradas] ([EntradaId], [ProductoId], [Fecha], [Cantidad], [Remito]) VALUES (18, 9, CAST(N'2020-07-03' AS Date), 12, N'R0005-00011408')
INSERT [dbo].[Entradas] ([EntradaId], [ProductoId], [Fecha], [Cantidad], [Remito]) VALUES (19, 57, CAST(N'2020-07-03' AS Date), 1, N'R0005-00011406')
INSERT [dbo].[Entradas] ([EntradaId], [ProductoId], [Fecha], [Cantidad], [Remito]) VALUES (20, 4, CAST(N'2020-07-03' AS Date), 70, N'R0005-00011406')
INSERT [dbo].[Entradas] ([EntradaId], [ProductoId], [Fecha], [Cantidad], [Remito]) VALUES (21, 5, CAST(N'2020-07-03' AS Date), 80, N'R0005-00011406')
INSERT [dbo].[Entradas] ([EntradaId], [ProductoId], [Fecha], [Cantidad], [Remito]) VALUES (22, 6, CAST(N'2020-07-03' AS Date), 20, N'R0005-00011406')
INSERT [dbo].[Entradas] ([EntradaId], [ProductoId], [Fecha], [Cantidad], [Remito]) VALUES (23, 10, CAST(N'2020-07-03' AS Date), 26, N'R0005-00011406')
INSERT [dbo].[Entradas] ([EntradaId], [ProductoId], [Fecha], [Cantidad], [Remito]) VALUES (24, 12, CAST(N'2020-07-03' AS Date), 1, N'R0005-00011406')
INSERT [dbo].[Entradas] ([EntradaId], [ProductoId], [Fecha], [Cantidad], [Remito]) VALUES (25, 13, CAST(N'2020-07-03' AS Date), 5, N'R0005-00011406')
INSERT [dbo].[Entradas] ([EntradaId], [ProductoId], [Fecha], [Cantidad], [Remito]) VALUES (26, 14, CAST(N'2020-07-03' AS Date), 5, N'R0005-00011406')
INSERT [dbo].[Entradas] ([EntradaId], [ProductoId], [Fecha], [Cantidad], [Remito]) VALUES (27, 15, CAST(N'2020-07-03' AS Date), 5, N'R0005-00011406')
INSERT [dbo].[Entradas] ([EntradaId], [ProductoId], [Fecha], [Cantidad], [Remito]) VALUES (28, 16, CAST(N'2020-07-03' AS Date), 5, N'R0005-00011406')
INSERT [dbo].[Entradas] ([EntradaId], [ProductoId], [Fecha], [Cantidad], [Remito]) VALUES (29, 17, CAST(N'2020-07-03' AS Date), 5, N'R0005-00011406')
INSERT [dbo].[Entradas] ([EntradaId], [ProductoId], [Fecha], [Cantidad], [Remito]) VALUES (30, 42, CAST(N'2020-07-03' AS Date), 1, N'R0005-00011406')
INSERT [dbo].[Entradas] ([EntradaId], [ProductoId], [Fecha], [Cantidad], [Remito]) VALUES (31, 18, CAST(N'2020-07-03' AS Date), 2, N'R0005-00011406')
INSERT [dbo].[Entradas] ([EntradaId], [ProductoId], [Fecha], [Cantidad], [Remito]) VALUES (32, 37, CAST(N'2020-07-03' AS Date), 16, N'R0005-00011406')
INSERT [dbo].[Entradas] ([EntradaId], [ProductoId], [Fecha], [Cantidad], [Remito]) VALUES (33, 47, CAST(N'2020-07-03' AS Date), 2, N'R0005-00011409')
INSERT [dbo].[Entradas] ([EntradaId], [ProductoId], [Fecha], [Cantidad], [Remito]) VALUES (34, 1, CAST(N'2020-07-27' AS Date), 160, N'R0005-00011650')
INSERT [dbo].[Entradas] ([EntradaId], [ProductoId], [Fecha], [Cantidad], [Remito]) VALUES (35, 2, CAST(N'2020-07-27' AS Date), 160, N'R0005-00011650')
INSERT [dbo].[Entradas] ([EntradaId], [ProductoId], [Fecha], [Cantidad], [Remito]) VALUES (36, 3, CAST(N'2020-07-27' AS Date), 160, N'R0005-00011650')
INSERT [dbo].[Entradas] ([EntradaId], [ProductoId], [Fecha], [Cantidad], [Remito]) VALUES (37, 4, CAST(N'2020-07-27' AS Date), 140, N'R0005-00011650')
INSERT [dbo].[Entradas] ([EntradaId], [ProductoId], [Fecha], [Cantidad], [Remito]) VALUES (38, 30, CAST(N'2020-07-27' AS Date), 16, N'R0005-00011650')
INSERT [dbo].[Entradas] ([EntradaId], [ProductoId], [Fecha], [Cantidad], [Remito]) VALUES (39, 36, CAST(N'2020-07-27' AS Date), 108, N'R0005-00011650')
INSERT [dbo].[Entradas] ([EntradaId], [ProductoId], [Fecha], [Cantidad], [Remito]) VALUES (40, 32, CAST(N'2020-07-27' AS Date), 34, N'R0005-00011650')
INSERT [dbo].[Entradas] ([EntradaId], [ProductoId], [Fecha], [Cantidad], [Remito]) VALUES (41, 11, CAST(N'2020-07-27' AS Date), 3, N'R0005-00011650')
INSERT [dbo].[Entradas] ([EntradaId], [ProductoId], [Fecha], [Cantidad], [Remito]) VALUES (42, 12, CAST(N'2020-07-27' AS Date), 3, N'R0005-00011650')
INSERT [dbo].[Entradas] ([EntradaId], [ProductoId], [Fecha], [Cantidad], [Remito]) VALUES (43, 13, CAST(N'2020-07-27' AS Date), 4, N'R0005-00011650')
INSERT [dbo].[Entradas] ([EntradaId], [ProductoId], [Fecha], [Cantidad], [Remito]) VALUES (44, 14, CAST(N'2020-07-27' AS Date), 5, N'R0005-00011650')
INSERT [dbo].[Entradas] ([EntradaId], [ProductoId], [Fecha], [Cantidad], [Remito]) VALUES (45, 15, CAST(N'2020-07-27' AS Date), 5, N'R0005-00011650')
INSERT [dbo].[Entradas] ([EntradaId], [ProductoId], [Fecha], [Cantidad], [Remito]) VALUES (46, 55, CAST(N'2020-07-27' AS Date), 1, N'R0005-00011651')
INSERT [dbo].[Entradas] ([EntradaId], [ProductoId], [Fecha], [Cantidad], [Remito]) VALUES (47, 47, CAST(N'2020-07-27' AS Date), 3, N'R0005-00011651')
INSERT [dbo].[Entradas] ([EntradaId], [ProductoId], [Fecha], [Cantidad], [Remito]) VALUES (48, 33, CAST(N'2020-07-27' AS Date), 3, N'R0005-00011651')
INSERT [dbo].[Entradas] ([EntradaId], [ProductoId], [Fecha], [Cantidad], [Remito]) VALUES (49, 20, CAST(N'2020-07-27' AS Date), 4, N'R0005-00011651')
INSERT [dbo].[Entradas] ([EntradaId], [ProductoId], [Fecha], [Cantidad], [Remito]) VALUES (50, 64, CAST(N'2020-07-27' AS Date), 1, N'R0005-00011651')
INSERT [dbo].[Entradas] ([EntradaId], [ProductoId], [Fecha], [Cantidad], [Remito]) VALUES (51, 65, CAST(N'2020-07-27' AS Date), 3, N'R0005-00011651')
INSERT [dbo].[Entradas] ([EntradaId], [ProductoId], [Fecha], [Cantidad], [Remito]) VALUES (52, 21, CAST(N'2020-07-27' AS Date), 2, N'R0005-00011651')
INSERT [dbo].[Entradas] ([EntradaId], [ProductoId], [Fecha], [Cantidad], [Remito]) VALUES (53, 22, CAST(N'2020-07-27' AS Date), 3, N'R0005-00011651')
INSERT [dbo].[Entradas] ([EntradaId], [ProductoId], [Fecha], [Cantidad], [Remito]) VALUES (54, 23, CAST(N'2020-07-27' AS Date), 5, N'R0005-00011651')
INSERT [dbo].[Entradas] ([EntradaId], [ProductoId], [Fecha], [Cantidad], [Remito]) VALUES (55, 24, CAST(N'2020-07-27' AS Date), 5, N'R0005-00011651')
INSERT [dbo].[Entradas] ([EntradaId], [ProductoId], [Fecha], [Cantidad], [Remito]) VALUES (56, 25, CAST(N'2020-07-27' AS Date), 5, N'R0005-00011651')
INSERT [dbo].[Entradas] ([EntradaId], [ProductoId], [Fecha], [Cantidad], [Remito]) VALUES (57, 71, CAST(N'2020-07-27' AS Date), 3, N'R0005-00011651')
INSERT [dbo].[Entradas] ([EntradaId], [ProductoId], [Fecha], [Cantidad], [Remito]) VALUES (58, 79, CAST(N'2020-07-27' AS Date), 1, N'R0005-00011653')
INSERT [dbo].[Entradas] ([EntradaId], [ProductoId], [Fecha], [Cantidad], [Remito]) VALUES (59, 26, CAST(N'2020-07-27' AS Date), 2, N'R0005-00011653')
INSERT [dbo].[Entradas] ([EntradaId], [ProductoId], [Fecha], [Cantidad], [Remito]) VALUES (60, 72, CAST(N'2020-07-27' AS Date), 2, N'R0005-00011653')
INSERT [dbo].[Entradas] ([EntradaId], [ProductoId], [Fecha], [Cantidad], [Remito]) VALUES (61, 62, CAST(N'2020-07-27' AS Date), 4, N'R0005-00011653')
INSERT [dbo].[Entradas] ([EntradaId], [ProductoId], [Fecha], [Cantidad], [Remito]) VALUES (62, 19, CAST(N'2020-07-27' AS Date), 5, N'R0005-00011653')
INSERT [dbo].[Entradas] ([EntradaId], [ProductoId], [Fecha], [Cantidad], [Remito]) VALUES (63, 63, CAST(N'2020-07-27' AS Date), 4, N'R0005-00011653')
INSERT [dbo].[Entradas] ([EntradaId], [ProductoId], [Fecha], [Cantidad], [Remito]) VALUES (64, 70, CAST(N'2020-07-27' AS Date), 2, N'R0005-00011653')
INSERT [dbo].[Entradas] ([EntradaId], [ProductoId], [Fecha], [Cantidad], [Remito]) VALUES (65, 69, CAST(N'2020-07-27' AS Date), 3, N'R0005-00011653')
INSERT [dbo].[Entradas] ([EntradaId], [ProductoId], [Fecha], [Cantidad], [Remito]) VALUES (66, 59, CAST(N'2020-07-27' AS Date), 2, N'R0005-00011653')
INSERT [dbo].[Entradas] ([EntradaId], [ProductoId], [Fecha], [Cantidad], [Remito]) VALUES (67, 60, CAST(N'2020-07-27' AS Date), 2, N'R0005-00011653')
INSERT [dbo].[Entradas] ([EntradaId], [ProductoId], [Fecha], [Cantidad], [Remito]) VALUES (68, 16, CAST(N'2020-07-27' AS Date), 5, N'R0005-00011652')
INSERT [dbo].[Entradas] ([EntradaId], [ProductoId], [Fecha], [Cantidad], [Remito]) VALUES (69, 17, CAST(N'2020-07-27' AS Date), 4, N'R0005-00011652')
INSERT [dbo].[Entradas] ([EntradaId], [ProductoId], [Fecha], [Cantidad], [Remito]) VALUES (70, 18, CAST(N'2020-07-27' AS Date), 6, N'R0005-00011652')
INSERT [dbo].[Entradas] ([EntradaId], [ProductoId], [Fecha], [Cantidad], [Remito]) VALUES (71, 40, CAST(N'2020-07-27' AS Date), 1, N'R0005-00011652')
INSERT [dbo].[Entradas] ([EntradaId], [ProductoId], [Fecha], [Cantidad], [Remito]) VALUES (72, 42, CAST(N'2020-07-27' AS Date), 1, N'R0005-00011652')
INSERT [dbo].[Entradas] ([EntradaId], [ProductoId], [Fecha], [Cantidad], [Remito]) VALUES (73, 34, CAST(N'2020-07-27' AS Date), 1, N'R0005-00011652')
INSERT [dbo].[Entradas] ([EntradaId], [ProductoId], [Fecha], [Cantidad], [Remito]) VALUES (74, 53, CAST(N'2020-07-27' AS Date), 1, N'R0005-00011652')
INSERT [dbo].[Entradas] ([EntradaId], [ProductoId], [Fecha], [Cantidad], [Remito]) VALUES (75, 77, CAST(N'2020-07-27' AS Date), 2, N'R0005-00011654')
INSERT [dbo].[Entradas] ([EntradaId], [ProductoId], [Fecha], [Cantidad], [Remito]) VALUES (76, 63, CAST(N'2020-08-24' AS Date), 3, N'R0005-00011969')
INSERT [dbo].[Entradas] ([EntradaId], [ProductoId], [Fecha], [Cantidad], [Remito]) VALUES (77, 27, CAST(N'2020-08-24' AS Date), 4, N'R0005-00011969')
INSERT [dbo].[Entradas] ([EntradaId], [ProductoId], [Fecha], [Cantidad], [Remito]) VALUES (78, 28, CAST(N'2020-08-24' AS Date), 4, N'R0005-00011969')
INSERT [dbo].[Entradas] ([EntradaId], [ProductoId], [Fecha], [Cantidad], [Remito]) VALUES (79, 26, CAST(N'2020-08-24' AS Date), 3, N'R0005-00011969')
INSERT [dbo].[Entradas] ([EntradaId], [ProductoId], [Fecha], [Cantidad], [Remito]) VALUES (80, 62, CAST(N'2020-08-24' AS Date), 4, N'R0005-00011969')
INSERT [dbo].[Entradas] ([EntradaId], [ProductoId], [Fecha], [Cantidad], [Remito]) VALUES (81, 19, CAST(N'2020-08-24' AS Date), 5, N'R0005-00011969')
INSERT [dbo].[Entradas] ([EntradaId], [ProductoId], [Fecha], [Cantidad], [Remito]) VALUES (82, 65, CAST(N'2020-08-24' AS Date), 2, N'R0005-00011969')
INSERT [dbo].[Entradas] ([EntradaId], [ProductoId], [Fecha], [Cantidad], [Remito]) VALUES (83, 69, CAST(N'2020-08-24' AS Date), 3, N'R0005-00011969')
INSERT [dbo].[Entradas] ([EntradaId], [ProductoId], [Fecha], [Cantidad], [Remito]) VALUES (84, 70, CAST(N'2020-08-24' AS Date), 2, N'R0005-00011969')
INSERT [dbo].[Entradas] ([EntradaId], [ProductoId], [Fecha], [Cantidad], [Remito]) VALUES (85, 78, CAST(N'2020-08-24' AS Date), 1, N'R0005-00011969')
INSERT [dbo].[Entradas] ([EntradaId], [ProductoId], [Fecha], [Cantidad], [Remito]) VALUES (86, 61, CAST(N'2020-08-24' AS Date), 1, N'R0005-00011969')
INSERT [dbo].[Entradas] ([EntradaId], [ProductoId], [Fecha], [Cantidad], [Remito]) VALUES (87, 1, CAST(N'2020-08-24' AS Date), 160, N'R0005-00011966')
INSERT [dbo].[Entradas] ([EntradaId], [ProductoId], [Fecha], [Cantidad], [Remito]) VALUES (88, 2, CAST(N'2020-08-24' AS Date), 80, N'R0005-00011966')
INSERT [dbo].[Entradas] ([EntradaId], [ProductoId], [Fecha], [Cantidad], [Remito]) VALUES (89, 3, CAST(N'2020-08-24' AS Date), 160, N'R0005-00011966')
INSERT [dbo].[Entradas] ([EntradaId], [ProductoId], [Fecha], [Cantidad], [Remito]) VALUES (90, 7, CAST(N'2020-08-24' AS Date), 72, N'R0005-00011966')
INSERT [dbo].[Entradas] ([EntradaId], [ProductoId], [Fecha], [Cantidad], [Remito]) VALUES (91, 30, CAST(N'2020-08-24' AS Date), 32, N'R0005-00011966')
INSERT [dbo].[Entradas] ([EntradaId], [ProductoId], [Fecha], [Cantidad], [Remito]) VALUES (92, 10, CAST(N'2020-08-24' AS Date), 34, N'R0005-00011966')
INSERT [dbo].[Entradas] ([EntradaId], [ProductoId], [Fecha], [Cantidad], [Remito]) VALUES (93, 79, CAST(N'2020-08-24' AS Date), 1, N'R0005-00011966')
INSERT [dbo].[Entradas] ([EntradaId], [ProductoId], [Fecha], [Cantidad], [Remito]) VALUES (94, 11, CAST(N'2020-08-24' AS Date), 3, N'R0005-00011966')
INSERT [dbo].[Entradas] ([EntradaId], [ProductoId], [Fecha], [Cantidad], [Remito]) VALUES (95, 12, CAST(N'2020-08-24' AS Date), 3, N'R0005-00011966')
INSERT [dbo].[Entradas] ([EntradaId], [ProductoId], [Fecha], [Cantidad], [Remito]) VALUES (96, 13, CAST(N'2020-08-24' AS Date), 3, N'R0005-00011966')
INSERT [dbo].[Entradas] ([EntradaId], [ProductoId], [Fecha], [Cantidad], [Remito]) VALUES (97, 14, CAST(N'2020-08-24' AS Date), 5, N'R0005-00011966')
INSERT [dbo].[Entradas] ([EntradaId], [ProductoId], [Fecha], [Cantidad], [Remito]) VALUES (98, 15, CAST(N'2020-08-24' AS Date), 5, N'R0005-00011966')
INSERT [dbo].[Entradas] ([EntradaId], [ProductoId], [Fecha], [Cantidad], [Remito]) VALUES (99, 9, CAST(N'2020-08-24' AS Date), 12, N'R0005-00011966')
GO
INSERT [dbo].[Entradas] ([EntradaId], [ProductoId], [Fecha], [Cantidad], [Remito]) VALUES (100, 16, CAST(N'2020-08-24' AS Date), 5, N'R0005-00011967')
INSERT [dbo].[Entradas] ([EntradaId], [ProductoId], [Fecha], [Cantidad], [Remito]) VALUES (101, 17, CAST(N'2020-08-24' AS Date), 5, N'R0005-00011967')
INSERT [dbo].[Entradas] ([EntradaId], [ProductoId], [Fecha], [Cantidad], [Remito]) VALUES (102, 18, CAST(N'2020-08-24' AS Date), 8, N'R0005-00011967')
INSERT [dbo].[Entradas] ([EntradaId], [ProductoId], [Fecha], [Cantidad], [Remito]) VALUES (103, 51, CAST(N'2020-08-24' AS Date), 1, N'R0005-00011967')
INSERT [dbo].[Entradas] ([EntradaId], [ProductoId], [Fecha], [Cantidad], [Remito]) VALUES (104, 33, CAST(N'2020-08-24' AS Date), 4, N'R0005-00011968')
INSERT [dbo].[Entradas] ([EntradaId], [ProductoId], [Fecha], [Cantidad], [Remito]) VALUES (105, 20, CAST(N'2020-08-24' AS Date), 4, N'R0005-00011968')
INSERT [dbo].[Entradas] ([EntradaId], [ProductoId], [Fecha], [Cantidad], [Remito]) VALUES (106, 64, CAST(N'2020-08-24' AS Date), 1, N'R0005-00011968')
INSERT [dbo].[Entradas] ([EntradaId], [ProductoId], [Fecha], [Cantidad], [Remito]) VALUES (107, 46, CAST(N'2020-08-24' AS Date), 1, N'R0005-00011968')
INSERT [dbo].[Entradas] ([EntradaId], [ProductoId], [Fecha], [Cantidad], [Remito]) VALUES (108, 21, CAST(N'2020-08-24' AS Date), 2, N'R0005-00011968')
INSERT [dbo].[Entradas] ([EntradaId], [ProductoId], [Fecha], [Cantidad], [Remito]) VALUES (109, 68, CAST(N'2020-08-24' AS Date), 4, N'R0005-00011968')
INSERT [dbo].[Entradas] ([EntradaId], [ProductoId], [Fecha], [Cantidad], [Remito]) VALUES (110, 23, CAST(N'2020-08-24' AS Date), 2, N'R0005-00011968')
INSERT [dbo].[Entradas] ([EntradaId], [ProductoId], [Fecha], [Cantidad], [Remito]) VALUES (111, 24, CAST(N'2020-08-24' AS Date), 5, N'R0005-00011968')
INSERT [dbo].[Entradas] ([EntradaId], [ProductoId], [Fecha], [Cantidad], [Remito]) VALUES (112, 25, CAST(N'2020-08-24' AS Date), 3, N'R0005-00011968')
INSERT [dbo].[Entradas] ([EntradaId], [ProductoId], [Fecha], [Cantidad], [Remito]) VALUES (113, 71, CAST(N'2020-08-24' AS Date), 3, N'R0005-00011968')
INSERT [dbo].[Entradas] ([EntradaId], [ProductoId], [Fecha], [Cantidad], [Remito]) VALUES (114, 73, CAST(N'2020-08-24' AS Date), 2, N'R0005-00011968')
INSERT [dbo].[Entradas] ([EntradaId], [ProductoId], [Fecha], [Cantidad], [Remito]) VALUES (115, 44, CAST(N'2020-08-24' AS Date), 1, N'R0005-00011970')
INSERT [dbo].[Entradas] ([EntradaId], [ProductoId], [Fecha], [Cantidad], [Remito]) VALUES (116, 39, CAST(N'2020-08-24' AS Date), 1, N'R0005-00011970')
INSERT [dbo].[Entradas] ([EntradaId], [ProductoId], [Fecha], [Cantidad], [Remito]) VALUES (117, 38, CAST(N'2020-08-24' AS Date), 1, N'R0005-00011970')
INSERT [dbo].[Entradas] ([EntradaId], [ProductoId], [Fecha], [Cantidad], [Remito]) VALUES (118, 45, CAST(N'2020-08-24' AS Date), 1, N'R0005-00011970')
INSERT [dbo].[Entradas] ([EntradaId], [ProductoId], [Fecha], [Cantidad], [Remito]) VALUES (119, 33, CAST(N'2020-09-08' AS Date), 1, N'R0005-00012132')
INSERT [dbo].[Entradas] ([EntradaId], [ProductoId], [Fecha], [Cantidad], [Remito]) VALUES (120, 20, CAST(N'2020-09-08' AS Date), 4, N'R0005-00012132')
INSERT [dbo].[Entradas] ([EntradaId], [ProductoId], [Fecha], [Cantidad], [Remito]) VALUES (121, 64, CAST(N'2020-09-08' AS Date), 2, N'R0005-00012132')
INSERT [dbo].[Entradas] ([EntradaId], [ProductoId], [Fecha], [Cantidad], [Remito]) VALUES (122, 25, CAST(N'2020-09-08' AS Date), 3, N'R0005-00012132')
INSERT [dbo].[Entradas] ([EntradaId], [ProductoId], [Fecha], [Cantidad], [Remito]) VALUES (123, 26, CAST(N'2020-09-08' AS Date), 3, N'R0005-00012132')
INSERT [dbo].[Entradas] ([EntradaId], [ProductoId], [Fecha], [Cantidad], [Remito]) VALUES (124, 27, CAST(N'2020-09-08' AS Date), 2, N'R0005-00012132')
INSERT [dbo].[Entradas] ([EntradaId], [ProductoId], [Fecha], [Cantidad], [Remito]) VALUES (125, 28, CAST(N'2020-09-08' AS Date), 2, N'R0005-00012132')
INSERT [dbo].[Entradas] ([EntradaId], [ProductoId], [Fecha], [Cantidad], [Remito]) VALUES (126, 29, CAST(N'2020-09-08' AS Date), 3, N'R0005-00012132')
INSERT [dbo].[Entradas] ([EntradaId], [ProductoId], [Fecha], [Cantidad], [Remito]) VALUES (127, 22, CAST(N'2020-09-08' AS Date), 2, N'R0005-00012132')
INSERT [dbo].[Entradas] ([EntradaId], [ProductoId], [Fecha], [Cantidad], [Remito]) VALUES (128, 59, CAST(N'2020-09-08' AS Date), 2, N'R0005-00012132')
INSERT [dbo].[Entradas] ([EntradaId], [ProductoId], [Fecha], [Cantidad], [Remito]) VALUES (129, 21, CAST(N'2020-09-08' AS Date), 3, N'R0005-00012132')
INSERT [dbo].[Entradas] ([EntradaId], [ProductoId], [Fecha], [Cantidad], [Remito]) VALUES (130, 19, CAST(N'2020-09-08' AS Date), 3, N'R0005-00012132')
INSERT [dbo].[Entradas] ([EntradaId], [ProductoId], [Fecha], [Cantidad], [Remito]) VALUES (131, 2, CAST(N'2020-09-08' AS Date), 80, N'R0005-00012131')
INSERT [dbo].[Entradas] ([EntradaId], [ProductoId], [Fecha], [Cantidad], [Remito]) VALUES (132, 5, CAST(N'2020-09-08' AS Date), 40, N'R0005-00012131')
INSERT [dbo].[Entradas] ([EntradaId], [ProductoId], [Fecha], [Cantidad], [Remito]) VALUES (133, 11, CAST(N'2020-09-08' AS Date), 2, N'R0005-00012131')
INSERT [dbo].[Entradas] ([EntradaId], [ProductoId], [Fecha], [Cantidad], [Remito]) VALUES (134, 12, CAST(N'2020-09-08' AS Date), 3, N'R0005-00012131')
INSERT [dbo].[Entradas] ([EntradaId], [ProductoId], [Fecha], [Cantidad], [Remito]) VALUES (135, 13, CAST(N'2020-09-08' AS Date), 5, N'R0005-00012131')
INSERT [dbo].[Entradas] ([EntradaId], [ProductoId], [Fecha], [Cantidad], [Remito]) VALUES (136, 14, CAST(N'2020-09-08' AS Date), 5, N'R0005-00012131')
INSERT [dbo].[Entradas] ([EntradaId], [ProductoId], [Fecha], [Cantidad], [Remito]) VALUES (137, 15, CAST(N'2020-09-08' AS Date), 5, N'R0005-00012131')
INSERT [dbo].[Entradas] ([EntradaId], [ProductoId], [Fecha], [Cantidad], [Remito]) VALUES (138, 16, CAST(N'2020-09-08' AS Date), 5, N'R0005-00012131')
INSERT [dbo].[Entradas] ([EntradaId], [ProductoId], [Fecha], [Cantidad], [Remito]) VALUES (139, 17, CAST(N'2020-09-08' AS Date), 5, N'R0005-00012131')
INSERT [dbo].[Entradas] ([EntradaId], [ProductoId], [Fecha], [Cantidad], [Remito]) VALUES (140, 18, CAST(N'2020-09-08' AS Date), 6, N'R0005-00012131')
INSERT [dbo].[Entradas] ([EntradaId], [ProductoId], [Fecha], [Cantidad], [Remito]) VALUES (141, 48, CAST(N'2020-09-08' AS Date), 1, N'R0005-00012131')
INSERT [dbo].[Entradas] ([EntradaId], [ProductoId], [Fecha], [Cantidad], [Remito]) VALUES (142, 79, CAST(N'2020-09-08' AS Date), 1, N'R0005-00012131')
INSERT [dbo].[Entradas] ([EntradaId], [ProductoId], [Fecha], [Cantidad], [Remito]) VALUES (143, 22, CAST(N'2020-09-23' AS Date), 3, N'R0005-00012306')
INSERT [dbo].[Entradas] ([EntradaId], [ProductoId], [Fecha], [Cantidad], [Remito]) VALUES (144, 68, CAST(N'2020-09-23' AS Date), 2, N'R0005-00012306')
INSERT [dbo].[Entradas] ([EntradaId], [ProductoId], [Fecha], [Cantidad], [Remito]) VALUES (145, 21, CAST(N'2020-09-23' AS Date), 3, N'R0005-00012306')
INSERT [dbo].[Entradas] ([EntradaId], [ProductoId], [Fecha], [Cantidad], [Remito]) VALUES (146, 47, CAST(N'2020-09-23' AS Date), 6, N'R0005-00012306')
INSERT [dbo].[Entradas] ([EntradaId], [ProductoId], [Fecha], [Cantidad], [Remito]) VALUES (147, 62, CAST(N'2020-09-23' AS Date), 3, N'R0005-00012306')
INSERT [dbo].[Entradas] ([EntradaId], [ProductoId], [Fecha], [Cantidad], [Remito]) VALUES (148, 73, CAST(N'2020-09-23' AS Date), 2, N'R0005-00012306')
INSERT [dbo].[Entradas] ([EntradaId], [ProductoId], [Fecha], [Cantidad], [Remito]) VALUES (149, 26, CAST(N'2020-09-23' AS Date), 3, N'R0005-00012306')
INSERT [dbo].[Entradas] ([EntradaId], [ProductoId], [Fecha], [Cantidad], [Remito]) VALUES (150, 76, CAST(N'2020-09-23' AS Date), 2, N'R0005-00012306')
INSERT [dbo].[Entradas] ([EntradaId], [ProductoId], [Fecha], [Cantidad], [Remito]) VALUES (151, 70, CAST(N'2020-09-23' AS Date), 4, N'R0005-00012306')
INSERT [dbo].[Entradas] ([EntradaId], [ProductoId], [Fecha], [Cantidad], [Remito]) VALUES (152, 19, CAST(N'2020-09-23' AS Date), 2, N'R0005-00012306')
INSERT [dbo].[Entradas] ([EntradaId], [ProductoId], [Fecha], [Cantidad], [Remito]) VALUES (153, 78, CAST(N'2020-09-23' AS Date), 1, N'R0005-00012306')
INSERT [dbo].[Entradas] ([EntradaId], [ProductoId], [Fecha], [Cantidad], [Remito]) VALUES (154, 1, CAST(N'2020-09-23' AS Date), 80, N'R0005-00012309')
INSERT [dbo].[Entradas] ([EntradaId], [ProductoId], [Fecha], [Cantidad], [Remito]) VALUES (155, 2, CAST(N'2020-09-23' AS Date), 80, N'R0005-00012309')
INSERT [dbo].[Entradas] ([EntradaId], [ProductoId], [Fecha], [Cantidad], [Remito]) VALUES (156, 3, CAST(N'2020-09-23' AS Date), 80, N'R0005-00012309')
INSERT [dbo].[Entradas] ([EntradaId], [ProductoId], [Fecha], [Cantidad], [Remito]) VALUES (157, 4, CAST(N'2020-09-23' AS Date), 70, N'R0005-00012309')
INSERT [dbo].[Entradas] ([EntradaId], [ProductoId], [Fecha], [Cantidad], [Remito]) VALUES (158, 7, CAST(N'2020-09-23' AS Date), 70, N'R0005-00012309')
INSERT [dbo].[Entradas] ([EntradaId], [ProductoId], [Fecha], [Cantidad], [Remito]) VALUES (159, 8, CAST(N'2020-09-23' AS Date), 30, N'R0005-00012309')
INSERT [dbo].[Entradas] ([EntradaId], [ProductoId], [Fecha], [Cantidad], [Remito]) VALUES (160, 9, CAST(N'2020-09-23' AS Date), 24, N'R0005-00012309')
INSERT [dbo].[Entradas] ([EntradaId], [ProductoId], [Fecha], [Cantidad], [Remito]) VALUES (161, 11, CAST(N'2020-09-23' AS Date), 1, N'R0005-00012309')
INSERT [dbo].[Entradas] ([EntradaId], [ProductoId], [Fecha], [Cantidad], [Remito]) VALUES (162, 12, CAST(N'2020-09-23' AS Date), 2, N'R0005-00012309')
INSERT [dbo].[Entradas] ([EntradaId], [ProductoId], [Fecha], [Cantidad], [Remito]) VALUES (163, 52, CAST(N'2020-09-23' AS Date), 4, N'R0005-00012309')
INSERT [dbo].[Entradas] ([EntradaId], [ProductoId], [Fecha], [Cantidad], [Remito]) VALUES (164, 13, CAST(N'2020-09-23' AS Date), 4, N'R0005-00012309')
INSERT [dbo].[Entradas] ([EntradaId], [ProductoId], [Fecha], [Cantidad], [Remito]) VALUES (165, 14, CAST(N'2020-09-23' AS Date), 4, N'R0005-00012309')
INSERT [dbo].[Entradas] ([EntradaId], [ProductoId], [Fecha], [Cantidad], [Remito]) VALUES (166, 33, CAST(N'2020-09-23' AS Date), 4, N'R0005-00012308')
INSERT [dbo].[Entradas] ([EntradaId], [ProductoId], [Fecha], [Cantidad], [Remito]) VALUES (167, 20, CAST(N'2020-09-23' AS Date), 3, N'R0005-00012308')
INSERT [dbo].[Entradas] ([EntradaId], [ProductoId], [Fecha], [Cantidad], [Remito]) VALUES (168, 64, CAST(N'2020-09-23' AS Date), 3, N'R0005-00012308')
INSERT [dbo].[Entradas] ([EntradaId], [ProductoId], [Fecha], [Cantidad], [Remito]) VALUES (169, 65, CAST(N'2020-09-23' AS Date), 3, N'R0005-00012308')
INSERT [dbo].[Entradas] ([EntradaId], [ProductoId], [Fecha], [Cantidad], [Remito]) VALUES (170, 23, CAST(N'2020-09-23' AS Date), 4, N'R0005-00012308')
INSERT [dbo].[Entradas] ([EntradaId], [ProductoId], [Fecha], [Cantidad], [Remito]) VALUES (171, 24, CAST(N'2020-09-23' AS Date), 4, N'R0005-00012308')
INSERT [dbo].[Entradas] ([EntradaId], [ProductoId], [Fecha], [Cantidad], [Remito]) VALUES (172, 25, CAST(N'2020-09-23' AS Date), 1, N'R0005-00012308')
INSERT [dbo].[Entradas] ([EntradaId], [ProductoId], [Fecha], [Cantidad], [Remito]) VALUES (173, 27, CAST(N'2020-09-23' AS Date), 3, N'R0005-00012308')
INSERT [dbo].[Entradas] ([EntradaId], [ProductoId], [Fecha], [Cantidad], [Remito]) VALUES (174, 28, CAST(N'2020-09-23' AS Date), 2, N'R0005-00012308')
INSERT [dbo].[Entradas] ([EntradaId], [ProductoId], [Fecha], [Cantidad], [Remito]) VALUES (175, 29, CAST(N'2020-09-23' AS Date), 2, N'R0005-00012308')
INSERT [dbo].[Entradas] ([EntradaId], [ProductoId], [Fecha], [Cantidad], [Remito]) VALUES (176, 79, CAST(N'2020-09-23' AS Date), 1, N'R0005-00012308')
INSERT [dbo].[Entradas] ([EntradaId], [ProductoId], [Fecha], [Cantidad], [Remito]) VALUES (177, 67, CAST(N'2020-09-23' AS Date), 3, N'R0005-00012308')
INSERT [dbo].[Entradas] ([EntradaId], [ProductoId], [Fecha], [Cantidad], [Remito]) VALUES (178, 15, CAST(N'2020-09-23' AS Date), 4, N'R0005-00012310')
INSERT [dbo].[Entradas] ([EntradaId], [ProductoId], [Fecha], [Cantidad], [Remito]) VALUES (179, 16, CAST(N'2020-09-23' AS Date), 4, N'R0005-00012310')
INSERT [dbo].[Entradas] ([EntradaId], [ProductoId], [Fecha], [Cantidad], [Remito]) VALUES (180, 17, CAST(N'2020-09-23' AS Date), 4, N'R0005-00012310')
INSERT [dbo].[Entradas] ([EntradaId], [ProductoId], [Fecha], [Cantidad], [Remito]) VALUES (181, 49, CAST(N'2020-09-23' AS Date), 1, N'R0005-00012310')
INSERT [dbo].[Entradas] ([EntradaId], [ProductoId], [Fecha], [Cantidad], [Remito]) VALUES (182, 18, CAST(N'2020-09-23' AS Date), 6, N'R0005-00012310')
INSERT [dbo].[Entradas] ([EntradaId], [ProductoId], [Fecha], [Cantidad], [Remito]) VALUES (183, 54, CAST(N'2020-09-23' AS Date), 1, N'R0005-00012310')
INSERT [dbo].[Entradas] ([EntradaId], [ProductoId], [Fecha], [Cantidad], [Remito]) VALUES (184, 56, CAST(N'2020-10-20' AS Date), 1, N'R0005-00012582')
INSERT [dbo].[Entradas] ([EntradaId], [ProductoId], [Fecha], [Cantidad], [Remito]) VALUES (185, 63, CAST(N'2020-10-20' AS Date), 4, N'R0005-00012582')
INSERT [dbo].[Entradas] ([EntradaId], [ProductoId], [Fecha], [Cantidad], [Remito]) VALUES (186, 83, CAST(N'2020-10-20' AS Date), 192, N'R0005-00012582')
INSERT [dbo].[Entradas] ([EntradaId], [ProductoId], [Fecha], [Cantidad], [Remito]) VALUES (187, 37, CAST(N'2020-10-20' AS Date), 9, N'R0005-00012582')
INSERT [dbo].[Entradas] ([EntradaId], [ProductoId], [Fecha], [Cantidad], [Remito]) VALUES (188, 1, CAST(N'2020-10-20' AS Date), 44, N'R0005-00012582')
INSERT [dbo].[Entradas] ([EntradaId], [ProductoId], [Fecha], [Cantidad], [Remito]) VALUES (189, 2, CAST(N'2020-10-20' AS Date), 160, N'R0005-00012582')
INSERT [dbo].[Entradas] ([EntradaId], [ProductoId], [Fecha], [Cantidad], [Remito]) VALUES (190, 4, CAST(N'2020-10-20' AS Date), 140, N'R0005-00012582')
INSERT [dbo].[Entradas] ([EntradaId], [ProductoId], [Fecha], [Cantidad], [Remito]) VALUES (191, 5, CAST(N'2020-10-20' AS Date), 80, N'R0005-00012582')
INSERT [dbo].[Entradas] ([EntradaId], [ProductoId], [Fecha], [Cantidad], [Remito]) VALUES (192, 6, CAST(N'2020-10-20' AS Date), 80, N'R0005-00012582')
INSERT [dbo].[Entradas] ([EntradaId], [ProductoId], [Fecha], [Cantidad], [Remito]) VALUES (193, 10, CAST(N'2020-10-20' AS Date), 68, N'R0005-00012582')
INSERT [dbo].[Entradas] ([EntradaId], [ProductoId], [Fecha], [Cantidad], [Remito]) VALUES (194, 11, CAST(N'2020-10-20' AS Date), 3, N'R0005-00012582')
INSERT [dbo].[Entradas] ([EntradaId], [ProductoId], [Fecha], [Cantidad], [Remito]) VALUES (195, 48, CAST(N'2020-10-20' AS Date), 1, N'R0005-00012582')
INSERT [dbo].[Entradas] ([EntradaId], [ProductoId], [Fecha], [Cantidad], [Remito]) VALUES (196, 18, CAST(N'2020-10-20' AS Date), 6, N'R0005-00012582')
INSERT [dbo].[Entradas] ([EntradaId], [ProductoId], [Fecha], [Cantidad], [Remito]) VALUES (197, 66, CAST(N'2020-10-20' AS Date), 4, N'R0005-00012585')
INSERT [dbo].[Entradas] ([EntradaId], [ProductoId], [Fecha], [Cantidad], [Remito]) VALUES (198, 47, CAST(N'2020-10-20' AS Date), 4, N'R0005-00012584')
INSERT [dbo].[Entradas] ([EntradaId], [ProductoId], [Fecha], [Cantidad], [Remito]) VALUES (199, 55, CAST(N'2020-10-20' AS Date), 1, N'R0005-00012584')
GO
INSERT [dbo].[Entradas] ([EntradaId], [ProductoId], [Fecha], [Cantidad], [Remito]) VALUES (200, 72, CAST(N'2020-10-20' AS Date), 1, N'R0005-00012584')
INSERT [dbo].[Entradas] ([EntradaId], [ProductoId], [Fecha], [Cantidad], [Remito]) VALUES (201, 78, CAST(N'2020-10-20' AS Date), 1, N'R0005-00012584')
INSERT [dbo].[Entradas] ([EntradaId], [ProductoId], [Fecha], [Cantidad], [Remito]) VALUES (202, 61, CAST(N'2020-10-20' AS Date), 1, N'R0005-00012584')
INSERT [dbo].[Entradas] ([EntradaId], [ProductoId], [Fecha], [Cantidad], [Remito]) VALUES (203, 73, CAST(N'2020-10-20' AS Date), 2, N'R0005-00012584')
INSERT [dbo].[Entradas] ([EntradaId], [ProductoId], [Fecha], [Cantidad], [Remito]) VALUES (204, 49, CAST(N'2020-10-20' AS Date), 30, N'R0005-00012583')
INSERT [dbo].[Entradas] ([EntradaId], [ProductoId], [Fecha], [Cantidad], [Remito]) VALUES (205, 50, CAST(N'2020-10-20' AS Date), 160, N'R0005-00012583')
INSERT [dbo].[Entradas] ([EntradaId], [ProductoId], [Fecha], [Cantidad], [Remito]) VALUES (206, 67, CAST(N'2020-10-20' AS Date), 2, N'R0005-00012583')
INSERT [dbo].[Entradas] ([EntradaId], [ProductoId], [Fecha], [Cantidad], [Remito]) VALUES (207, 25, CAST(N'2020-10-20' AS Date), 5, N'R0005-00012583')
INSERT [dbo].[Entradas] ([EntradaId], [ProductoId], [Fecha], [Cantidad], [Remito]) VALUES (208, 71, CAST(N'2020-10-20' AS Date), 4, N'R0005-00012583')
INSERT [dbo].[Entradas] ([EntradaId], [ProductoId], [Fecha], [Cantidad], [Remito]) VALUES (209, 27, CAST(N'2020-10-20' AS Date), 2, N'R0005-00012583')
INSERT [dbo].[Entradas] ([EntradaId], [ProductoId], [Fecha], [Cantidad], [Remito]) VALUES (210, 28, CAST(N'2020-10-20' AS Date), 2, N'R0005-00012583')
INSERT [dbo].[Entradas] ([EntradaId], [ProductoId], [Fecha], [Cantidad], [Remito]) VALUES (211, 29, CAST(N'2020-10-20' AS Date), 2, N'R0005-00012583')
INSERT [dbo].[Entradas] ([EntradaId], [ProductoId], [Fecha], [Cantidad], [Remito]) VALUES (212, 79, CAST(N'2020-10-20' AS Date), 3, N'R0005-00012583')
INSERT [dbo].[Entradas] ([EntradaId], [ProductoId], [Fecha], [Cantidad], [Remito]) VALUES (213, 26, CAST(N'2020-10-20' AS Date), 3, N'R0005-00012583')
INSERT [dbo].[Entradas] ([EntradaId], [ProductoId], [Fecha], [Cantidad], [Remito]) VALUES (214, 59, CAST(N'2020-10-20' AS Date), 2, N'R0005-00012583')
INSERT [dbo].[Entradas] ([EntradaId], [ProductoId], [Fecha], [Cantidad], [Remito]) VALUES (215, 13, CAST(N'2020-10-22' AS Date), 5, N'R0005-00012603')
INSERT [dbo].[Entradas] ([EntradaId], [ProductoId], [Fecha], [Cantidad], [Remito]) VALUES (216, 14, CAST(N'2020-10-22' AS Date), 5, N'R0005-00012603')
INSERT [dbo].[Entradas] ([EntradaId], [ProductoId], [Fecha], [Cantidad], [Remito]) VALUES (217, 15, CAST(N'2020-10-22' AS Date), 5, N'R0005-00012603')
INSERT [dbo].[Entradas] ([EntradaId], [ProductoId], [Fecha], [Cantidad], [Remito]) VALUES (218, 16, CAST(N'2020-10-22' AS Date), 5, N'R0005-00012603')
INSERT [dbo].[Entradas] ([EntradaId], [ProductoId], [Fecha], [Cantidad], [Remito]) VALUES (219, 17, CAST(N'2020-10-22' AS Date), 5, N'R0005-00012603')
INSERT [dbo].[Entradas] ([EntradaId], [ProductoId], [Fecha], [Cantidad], [Remito]) VALUES (220, 41, CAST(N'2020-10-28' AS Date), 6, N'R0005-00012697')
INSERT [dbo].[Entradas] ([EntradaId], [ProductoId], [Fecha], [Cantidad], [Remito]) VALUES (222, 11, CAST(N'2021-05-24' AS Date), 1, N'09090')
INSERT [dbo].[Entradas] ([EntradaId], [ProductoId], [Fecha], [Cantidad], [Remito]) VALUES (223, 41, CAST(N'2021-05-24' AS Date), 1, N'999999999')
INSERT [dbo].[Entradas] ([EntradaId], [ProductoId], [Fecha], [Cantidad], [Remito]) VALUES (224, 48, CAST(N'2021-05-24' AS Date), 1, N'000000000000')
INSERT [dbo].[Entradas] ([EntradaId], [ProductoId], [Fecha], [Cantidad], [Remito]) VALUES (225, 103, CAST(N'2021-06-12' AS Date), 5, N'R00005-0017789')
SET IDENTITY_INSERT [dbo].[Entradas] OFF
GO
SET IDENTITY_INSERT [dbo].[Predicciones] ON 

INSERT [dbo].[Predicciones] ([PrediccionId], [ProductoId], [Semana], [Cantidad], [Fecha]) VALUES (1, 1, 1, 7, CAST(N'2020-12-31' AS Date))
INSERT [dbo].[Predicciones] ([PrediccionId], [ProductoId], [Semana], [Cantidad], [Fecha]) VALUES (2, 1, 2, 6, CAST(N'2020-12-31' AS Date))
INSERT [dbo].[Predicciones] ([PrediccionId], [ProductoId], [Semana], [Cantidad], [Fecha]) VALUES (3, 1, 3, 5, CAST(N'2020-12-31' AS Date))
INSERT [dbo].[Predicciones] ([PrediccionId], [ProductoId], [Semana], [Cantidad], [Fecha]) VALUES (4, 2, 1, 3, CAST(N'2020-12-31' AS Date))
INSERT [dbo].[Predicciones] ([PrediccionId], [ProductoId], [Semana], [Cantidad], [Fecha]) VALUES (5, 2, 2, 2, CAST(N'2020-12-31' AS Date))
INSERT [dbo].[Predicciones] ([PrediccionId], [ProductoId], [Semana], [Cantidad], [Fecha]) VALUES (6, 2, 3, 2, CAST(N'2020-12-31' AS Date))
INSERT [dbo].[Predicciones] ([PrediccionId], [ProductoId], [Semana], [Cantidad], [Fecha]) VALUES (7, 3, 1, 3, CAST(N'2020-12-31' AS Date))
INSERT [dbo].[Predicciones] ([PrediccionId], [ProductoId], [Semana], [Cantidad], [Fecha]) VALUES (8, 3, 2, 3, CAST(N'2020-12-31' AS Date))
INSERT [dbo].[Predicciones] ([PrediccionId], [ProductoId], [Semana], [Cantidad], [Fecha]) VALUES (9, 3, 3, 3, CAST(N'2020-12-31' AS Date))
INSERT [dbo].[Predicciones] ([PrediccionId], [ProductoId], [Semana], [Cantidad], [Fecha]) VALUES (10, 4, 1, 3, CAST(N'2020-12-31' AS Date))
INSERT [dbo].[Predicciones] ([PrediccionId], [ProductoId], [Semana], [Cantidad], [Fecha]) VALUES (11, 4, 2, 3, CAST(N'2020-12-31' AS Date))
INSERT [dbo].[Predicciones] ([PrediccionId], [ProductoId], [Semana], [Cantidad], [Fecha]) VALUES (12, 4, 3, 4, CAST(N'2020-12-31' AS Date))
INSERT [dbo].[Predicciones] ([PrediccionId], [ProductoId], [Semana], [Cantidad], [Fecha]) VALUES (13, 5, 1, 3, CAST(N'2020-12-31' AS Date))
INSERT [dbo].[Predicciones] ([PrediccionId], [ProductoId], [Semana], [Cantidad], [Fecha]) VALUES (14, 5, 2, 2, CAST(N'2020-12-31' AS Date))
INSERT [dbo].[Predicciones] ([PrediccionId], [ProductoId], [Semana], [Cantidad], [Fecha]) VALUES (15, 5, 3, 1, CAST(N'2020-12-31' AS Date))
INSERT [dbo].[Predicciones] ([PrediccionId], [ProductoId], [Semana], [Cantidad], [Fecha]) VALUES (16, 6, 1, 2, CAST(N'2020-12-31' AS Date))
INSERT [dbo].[Predicciones] ([PrediccionId], [ProductoId], [Semana], [Cantidad], [Fecha]) VALUES (17, 6, 2, 4, CAST(N'2020-12-31' AS Date))
INSERT [dbo].[Predicciones] ([PrediccionId], [ProductoId], [Semana], [Cantidad], [Fecha]) VALUES (18, 6, 3, 2, CAST(N'2020-12-31' AS Date))
INSERT [dbo].[Predicciones] ([PrediccionId], [ProductoId], [Semana], [Cantidad], [Fecha]) VALUES (19, 7, 1, 1, CAST(N'2020-12-31' AS Date))
INSERT [dbo].[Predicciones] ([PrediccionId], [ProductoId], [Semana], [Cantidad], [Fecha]) VALUES (20, 7, 2, 2, CAST(N'2020-12-31' AS Date))
INSERT [dbo].[Predicciones] ([PrediccionId], [ProductoId], [Semana], [Cantidad], [Fecha]) VALUES (21, 7, 3, 3, CAST(N'2020-12-31' AS Date))
INSERT [dbo].[Predicciones] ([PrediccionId], [ProductoId], [Semana], [Cantidad], [Fecha]) VALUES (22, 8, 1, 3, CAST(N'2020-12-31' AS Date))
INSERT [dbo].[Predicciones] ([PrediccionId], [ProductoId], [Semana], [Cantidad], [Fecha]) VALUES (23, 8, 2, 3, CAST(N'2020-12-31' AS Date))
INSERT [dbo].[Predicciones] ([PrediccionId], [ProductoId], [Semana], [Cantidad], [Fecha]) VALUES (24, 8, 3, 3, CAST(N'2020-12-31' AS Date))
INSERT [dbo].[Predicciones] ([PrediccionId], [ProductoId], [Semana], [Cantidad], [Fecha]) VALUES (25, 9, 1, 3, CAST(N'2020-12-31' AS Date))
INSERT [dbo].[Predicciones] ([PrediccionId], [ProductoId], [Semana], [Cantidad], [Fecha]) VALUES (26, 9, 2, 3, CAST(N'2020-12-31' AS Date))
INSERT [dbo].[Predicciones] ([PrediccionId], [ProductoId], [Semana], [Cantidad], [Fecha]) VALUES (27, 9, 3, 3, CAST(N'2020-12-31' AS Date))
INSERT [dbo].[Predicciones] ([PrediccionId], [ProductoId], [Semana], [Cantidad], [Fecha]) VALUES (28, 10, 1, 1, CAST(N'2020-12-31' AS Date))
INSERT [dbo].[Predicciones] ([PrediccionId], [ProductoId], [Semana], [Cantidad], [Fecha]) VALUES (29, 10, 2, 1, CAST(N'2020-12-31' AS Date))
INSERT [dbo].[Predicciones] ([PrediccionId], [ProductoId], [Semana], [Cantidad], [Fecha]) VALUES (30, 10, 3, 1, CAST(N'2020-12-31' AS Date))
INSERT [dbo].[Predicciones] ([PrediccionId], [ProductoId], [Semana], [Cantidad], [Fecha]) VALUES (31, 11, 1, 7, CAST(N'2020-12-31' AS Date))
INSERT [dbo].[Predicciones] ([PrediccionId], [ProductoId], [Semana], [Cantidad], [Fecha]) VALUES (32, 11, 2, 8, CAST(N'2020-12-31' AS Date))
INSERT [dbo].[Predicciones] ([PrediccionId], [ProductoId], [Semana], [Cantidad], [Fecha]) VALUES (33, 11, 3, 7, CAST(N'2020-12-31' AS Date))
INSERT [dbo].[Predicciones] ([PrediccionId], [ProductoId], [Semana], [Cantidad], [Fecha]) VALUES (34, 12, 1, 3, CAST(N'2020-12-31' AS Date))
INSERT [dbo].[Predicciones] ([PrediccionId], [ProductoId], [Semana], [Cantidad], [Fecha]) VALUES (35, 12, 2, 2, CAST(N'2020-12-31' AS Date))
INSERT [dbo].[Predicciones] ([PrediccionId], [ProductoId], [Semana], [Cantidad], [Fecha]) VALUES (36, 12, 3, 1, CAST(N'2020-12-31' AS Date))
INSERT [dbo].[Predicciones] ([PrediccionId], [ProductoId], [Semana], [Cantidad], [Fecha]) VALUES (37, 13, 1, 2, CAST(N'2020-12-31' AS Date))
INSERT [dbo].[Predicciones] ([PrediccionId], [ProductoId], [Semana], [Cantidad], [Fecha]) VALUES (38, 13, 2, 2, CAST(N'2020-12-31' AS Date))
INSERT [dbo].[Predicciones] ([PrediccionId], [ProductoId], [Semana], [Cantidad], [Fecha]) VALUES (39, 13, 3, 2, CAST(N'2020-12-31' AS Date))
INSERT [dbo].[Predicciones] ([PrediccionId], [ProductoId], [Semana], [Cantidad], [Fecha]) VALUES (40, 14, 1, 2, CAST(N'2020-12-31' AS Date))
INSERT [dbo].[Predicciones] ([PrediccionId], [ProductoId], [Semana], [Cantidad], [Fecha]) VALUES (41, 14, 2, 3, CAST(N'2020-12-31' AS Date))
INSERT [dbo].[Predicciones] ([PrediccionId], [ProductoId], [Semana], [Cantidad], [Fecha]) VALUES (42, 14, 3, 1, CAST(N'2020-12-31' AS Date))
INSERT [dbo].[Predicciones] ([PrediccionId], [ProductoId], [Semana], [Cantidad], [Fecha]) VALUES (43, 15, 1, 2, CAST(N'2020-12-31' AS Date))
INSERT [dbo].[Predicciones] ([PrediccionId], [ProductoId], [Semana], [Cantidad], [Fecha]) VALUES (44, 15, 2, 3, CAST(N'2020-12-31' AS Date))
INSERT [dbo].[Predicciones] ([PrediccionId], [ProductoId], [Semana], [Cantidad], [Fecha]) VALUES (45, 15, 3, 2, CAST(N'2020-12-31' AS Date))
INSERT [dbo].[Predicciones] ([PrediccionId], [ProductoId], [Semana], [Cantidad], [Fecha]) VALUES (46, 16, 1, 3, CAST(N'2020-12-31' AS Date))
INSERT [dbo].[Predicciones] ([PrediccionId], [ProductoId], [Semana], [Cantidad], [Fecha]) VALUES (47, 16, 2, 2, CAST(N'2020-12-31' AS Date))
INSERT [dbo].[Predicciones] ([PrediccionId], [ProductoId], [Semana], [Cantidad], [Fecha]) VALUES (48, 16, 3, 2, CAST(N'2020-12-31' AS Date))
INSERT [dbo].[Predicciones] ([PrediccionId], [ProductoId], [Semana], [Cantidad], [Fecha]) VALUES (49, 17, 1, 2, CAST(N'2020-12-31' AS Date))
INSERT [dbo].[Predicciones] ([PrediccionId], [ProductoId], [Semana], [Cantidad], [Fecha]) VALUES (50, 17, 2, 1, CAST(N'2020-12-31' AS Date))
INSERT [dbo].[Predicciones] ([PrediccionId], [ProductoId], [Semana], [Cantidad], [Fecha]) VALUES (51, 17, 3, 1, CAST(N'2020-12-31' AS Date))
INSERT [dbo].[Predicciones] ([PrediccionId], [ProductoId], [Semana], [Cantidad], [Fecha]) VALUES (52, 18, 1, 1, CAST(N'2020-12-31' AS Date))
INSERT [dbo].[Predicciones] ([PrediccionId], [ProductoId], [Semana], [Cantidad], [Fecha]) VALUES (53, 18, 2, 1, CAST(N'2020-12-31' AS Date))
INSERT [dbo].[Predicciones] ([PrediccionId], [ProductoId], [Semana], [Cantidad], [Fecha]) VALUES (54, 18, 3, 2, CAST(N'2020-12-31' AS Date))
INSERT [dbo].[Predicciones] ([PrediccionId], [ProductoId], [Semana], [Cantidad], [Fecha]) VALUES (55, 19, 1, 4, CAST(N'2020-12-31' AS Date))
INSERT [dbo].[Predicciones] ([PrediccionId], [ProductoId], [Semana], [Cantidad], [Fecha]) VALUES (56, 19, 2, 2, CAST(N'2020-12-31' AS Date))
INSERT [dbo].[Predicciones] ([PrediccionId], [ProductoId], [Semana], [Cantidad], [Fecha]) VALUES (57, 19, 3, 3, CAST(N'2020-12-31' AS Date))
INSERT [dbo].[Predicciones] ([PrediccionId], [ProductoId], [Semana], [Cantidad], [Fecha]) VALUES (58, 20, 1, 3, CAST(N'2020-12-31' AS Date))
INSERT [dbo].[Predicciones] ([PrediccionId], [ProductoId], [Semana], [Cantidad], [Fecha]) VALUES (59, 20, 2, 2, CAST(N'2020-12-31' AS Date))
INSERT [dbo].[Predicciones] ([PrediccionId], [ProductoId], [Semana], [Cantidad], [Fecha]) VALUES (60, 20, 3, 4, CAST(N'2020-12-31' AS Date))
INSERT [dbo].[Predicciones] ([PrediccionId], [ProductoId], [Semana], [Cantidad], [Fecha]) VALUES (64, 22, 1, 2, CAST(N'2020-12-31' AS Date))
INSERT [dbo].[Predicciones] ([PrediccionId], [ProductoId], [Semana], [Cantidad], [Fecha]) VALUES (65, 22, 2, 2, CAST(N'2020-12-31' AS Date))
INSERT [dbo].[Predicciones] ([PrediccionId], [ProductoId], [Semana], [Cantidad], [Fecha]) VALUES (66, 22, 3, 2, CAST(N'2020-12-31' AS Date))
INSERT [dbo].[Predicciones] ([PrediccionId], [ProductoId], [Semana], [Cantidad], [Fecha]) VALUES (67, 23, 1, 2, CAST(N'2020-12-31' AS Date))
INSERT [dbo].[Predicciones] ([PrediccionId], [ProductoId], [Semana], [Cantidad], [Fecha]) VALUES (68, 23, 2, 2, CAST(N'2020-12-31' AS Date))
INSERT [dbo].[Predicciones] ([PrediccionId], [ProductoId], [Semana], [Cantidad], [Fecha]) VALUES (69, 23, 3, 3, CAST(N'2020-12-31' AS Date))
INSERT [dbo].[Predicciones] ([PrediccionId], [ProductoId], [Semana], [Cantidad], [Fecha]) VALUES (70, 24, 1, 1, CAST(N'2020-12-31' AS Date))
INSERT [dbo].[Predicciones] ([PrediccionId], [ProductoId], [Semana], [Cantidad], [Fecha]) VALUES (71, 24, 2, 2, CAST(N'2020-12-31' AS Date))
INSERT [dbo].[Predicciones] ([PrediccionId], [ProductoId], [Semana], [Cantidad], [Fecha]) VALUES (72, 24, 3, 1, CAST(N'2020-12-31' AS Date))
INSERT [dbo].[Predicciones] ([PrediccionId], [ProductoId], [Semana], [Cantidad], [Fecha]) VALUES (73, 25, 1, 2, CAST(N'2020-12-31' AS Date))
INSERT [dbo].[Predicciones] ([PrediccionId], [ProductoId], [Semana], [Cantidad], [Fecha]) VALUES (74, 25, 2, 4, CAST(N'2020-12-31' AS Date))
INSERT [dbo].[Predicciones] ([PrediccionId], [ProductoId], [Semana], [Cantidad], [Fecha]) VALUES (75, 25, 3, 4, CAST(N'2020-12-31' AS Date))
INSERT [dbo].[Predicciones] ([PrediccionId], [ProductoId], [Semana], [Cantidad], [Fecha]) VALUES (76, 26, 1, 4, CAST(N'2020-12-31' AS Date))
INSERT [dbo].[Predicciones] ([PrediccionId], [ProductoId], [Semana], [Cantidad], [Fecha]) VALUES (77, 26, 2, 4, CAST(N'2020-12-31' AS Date))
INSERT [dbo].[Predicciones] ([PrediccionId], [ProductoId], [Semana], [Cantidad], [Fecha]) VALUES (78, 26, 3, 4, CAST(N'2020-12-31' AS Date))
INSERT [dbo].[Predicciones] ([PrediccionId], [ProductoId], [Semana], [Cantidad], [Fecha]) VALUES (79, 27, 1, 2, CAST(N'2020-12-31' AS Date))
INSERT [dbo].[Predicciones] ([PrediccionId], [ProductoId], [Semana], [Cantidad], [Fecha]) VALUES (80, 27, 2, 3, CAST(N'2020-12-31' AS Date))
INSERT [dbo].[Predicciones] ([PrediccionId], [ProductoId], [Semana], [Cantidad], [Fecha]) VALUES (81, 27, 3, 3, CAST(N'2020-12-31' AS Date))
INSERT [dbo].[Predicciones] ([PrediccionId], [ProductoId], [Semana], [Cantidad], [Fecha]) VALUES (82, 28, 1, 3, CAST(N'2020-12-31' AS Date))
INSERT [dbo].[Predicciones] ([PrediccionId], [ProductoId], [Semana], [Cantidad], [Fecha]) VALUES (83, 28, 2, 3, CAST(N'2020-12-31' AS Date))
INSERT [dbo].[Predicciones] ([PrediccionId], [ProductoId], [Semana], [Cantidad], [Fecha]) VALUES (84, 28, 3, 3, CAST(N'2020-12-31' AS Date))
INSERT [dbo].[Predicciones] ([PrediccionId], [ProductoId], [Semana], [Cantidad], [Fecha]) VALUES (88, 30, 1, 1, CAST(N'2020-12-31' AS Date))
INSERT [dbo].[Predicciones] ([PrediccionId], [ProductoId], [Semana], [Cantidad], [Fecha]) VALUES (89, 30, 2, 1, CAST(N'2020-12-31' AS Date))
INSERT [dbo].[Predicciones] ([PrediccionId], [ProductoId], [Semana], [Cantidad], [Fecha]) VALUES (90, 30, 3, 1, CAST(N'2020-12-31' AS Date))
INSERT [dbo].[Predicciones] ([PrediccionId], [ProductoId], [Semana], [Cantidad], [Fecha]) VALUES (91, 83, 1, 1, CAST(N'2020-12-31' AS Date))
INSERT [dbo].[Predicciones] ([PrediccionId], [ProductoId], [Semana], [Cantidad], [Fecha]) VALUES (92, 83, 2, 1, CAST(N'2020-12-31' AS Date))
INSERT [dbo].[Predicciones] ([PrediccionId], [ProductoId], [Semana], [Cantidad], [Fecha]) VALUES (93, 83, 3, 1, CAST(N'2020-12-31' AS Date))
INSERT [dbo].[Predicciones] ([PrediccionId], [ProductoId], [Semana], [Cantidad], [Fecha]) VALUES (94, 32, 1, 6, CAST(N'2020-12-31' AS Date))
INSERT [dbo].[Predicciones] ([PrediccionId], [ProductoId], [Semana], [Cantidad], [Fecha]) VALUES (95, 32, 2, 9, CAST(N'2020-12-31' AS Date))
INSERT [dbo].[Predicciones] ([PrediccionId], [ProductoId], [Semana], [Cantidad], [Fecha]) VALUES (96, 32, 3, 11, CAST(N'2020-12-31' AS Date))
INSERT [dbo].[Predicciones] ([PrediccionId], [ProductoId], [Semana], [Cantidad], [Fecha]) VALUES (97, 33, 1, 2, CAST(N'2020-12-31' AS Date))
INSERT [dbo].[Predicciones] ([PrediccionId], [ProductoId], [Semana], [Cantidad], [Fecha]) VALUES (98, 33, 2, 3, CAST(N'2020-12-31' AS Date))
INSERT [dbo].[Predicciones] ([PrediccionId], [ProductoId], [Semana], [Cantidad], [Fecha]) VALUES (99, 33, 3, 2, CAST(N'2020-12-31' AS Date))
INSERT [dbo].[Predicciones] ([PrediccionId], [ProductoId], [Semana], [Cantidad], [Fecha]) VALUES (100, 1, 1, 6, CAST(N'2021-03-20' AS Date))
INSERT [dbo].[Predicciones] ([PrediccionId], [ProductoId], [Semana], [Cantidad], [Fecha]) VALUES (101, 1, 2, 7, CAST(N'2021-03-20' AS Date))
INSERT [dbo].[Predicciones] ([PrediccionId], [ProductoId], [Semana], [Cantidad], [Fecha]) VALUES (102, 1, 3, 7, CAST(N'2021-03-20' AS Date))
INSERT [dbo].[Predicciones] ([PrediccionId], [ProductoId], [Semana], [Cantidad], [Fecha]) VALUES (103, 2, 1, 3, CAST(N'2021-03-20' AS Date))
INSERT [dbo].[Predicciones] ([PrediccionId], [ProductoId], [Semana], [Cantidad], [Fecha]) VALUES (104, 2, 2, 2, CAST(N'2021-03-20' AS Date))
INSERT [dbo].[Predicciones] ([PrediccionId], [ProductoId], [Semana], [Cantidad], [Fecha]) VALUES (105, 2, 3, 2, CAST(N'2021-03-20' AS Date))
GO
INSERT [dbo].[Predicciones] ([PrediccionId], [ProductoId], [Semana], [Cantidad], [Fecha]) VALUES (106, 3, 1, 3, CAST(N'2021-03-20' AS Date))
INSERT [dbo].[Predicciones] ([PrediccionId], [ProductoId], [Semana], [Cantidad], [Fecha]) VALUES (107, 3, 2, 5, CAST(N'2021-03-20' AS Date))
INSERT [dbo].[Predicciones] ([PrediccionId], [ProductoId], [Semana], [Cantidad], [Fecha]) VALUES (108, 3, 3, 5, CAST(N'2021-03-20' AS Date))
INSERT [dbo].[Predicciones] ([PrediccionId], [ProductoId], [Semana], [Cantidad], [Fecha]) VALUES (109, 4, 1, 3, CAST(N'2021-03-20' AS Date))
INSERT [dbo].[Predicciones] ([PrediccionId], [ProductoId], [Semana], [Cantidad], [Fecha]) VALUES (110, 4, 2, 4, CAST(N'2021-03-20' AS Date))
INSERT [dbo].[Predicciones] ([PrediccionId], [ProductoId], [Semana], [Cantidad], [Fecha]) VALUES (111, 4, 3, 4, CAST(N'2021-03-20' AS Date))
INSERT [dbo].[Predicciones] ([PrediccionId], [ProductoId], [Semana], [Cantidad], [Fecha]) VALUES (112, 5, 1, 3, CAST(N'2021-03-20' AS Date))
INSERT [dbo].[Predicciones] ([PrediccionId], [ProductoId], [Semana], [Cantidad], [Fecha]) VALUES (113, 5, 2, 2, CAST(N'2021-03-20' AS Date))
INSERT [dbo].[Predicciones] ([PrediccionId], [ProductoId], [Semana], [Cantidad], [Fecha]) VALUES (114, 5, 3, 1, CAST(N'2021-03-20' AS Date))
INSERT [dbo].[Predicciones] ([PrediccionId], [ProductoId], [Semana], [Cantidad], [Fecha]) VALUES (115, 6, 1, 3, CAST(N'2021-03-20' AS Date))
INSERT [dbo].[Predicciones] ([PrediccionId], [ProductoId], [Semana], [Cantidad], [Fecha]) VALUES (116, 6, 2, 5, CAST(N'2021-03-20' AS Date))
INSERT [dbo].[Predicciones] ([PrediccionId], [ProductoId], [Semana], [Cantidad], [Fecha]) VALUES (117, 6, 3, 3, CAST(N'2021-03-20' AS Date))
INSERT [dbo].[Predicciones] ([PrediccionId], [ProductoId], [Semana], [Cantidad], [Fecha]) VALUES (118, 7, 1, 1, CAST(N'2021-03-20' AS Date))
INSERT [dbo].[Predicciones] ([PrediccionId], [ProductoId], [Semana], [Cantidad], [Fecha]) VALUES (119, 7, 2, 2, CAST(N'2021-03-20' AS Date))
INSERT [dbo].[Predicciones] ([PrediccionId], [ProductoId], [Semana], [Cantidad], [Fecha]) VALUES (120, 7, 3, 4, CAST(N'2021-03-20' AS Date))
INSERT [dbo].[Predicciones] ([PrediccionId], [ProductoId], [Semana], [Cantidad], [Fecha]) VALUES (121, 8, 1, 3, CAST(N'2021-03-20' AS Date))
INSERT [dbo].[Predicciones] ([PrediccionId], [ProductoId], [Semana], [Cantidad], [Fecha]) VALUES (122, 8, 2, 3, CAST(N'2021-03-20' AS Date))
INSERT [dbo].[Predicciones] ([PrediccionId], [ProductoId], [Semana], [Cantidad], [Fecha]) VALUES (123, 8, 3, 3, CAST(N'2021-03-20' AS Date))
INSERT [dbo].[Predicciones] ([PrediccionId], [ProductoId], [Semana], [Cantidad], [Fecha]) VALUES (124, 9, 1, 1, CAST(N'2021-03-20' AS Date))
INSERT [dbo].[Predicciones] ([PrediccionId], [ProductoId], [Semana], [Cantidad], [Fecha]) VALUES (125, 9, 2, 2, CAST(N'2021-03-20' AS Date))
INSERT [dbo].[Predicciones] ([PrediccionId], [ProductoId], [Semana], [Cantidad], [Fecha]) VALUES (126, 9, 3, 3, CAST(N'2021-03-20' AS Date))
INSERT [dbo].[Predicciones] ([PrediccionId], [ProductoId], [Semana], [Cantidad], [Fecha]) VALUES (127, 10, 1, 1, CAST(N'2021-03-20' AS Date))
INSERT [dbo].[Predicciones] ([PrediccionId], [ProductoId], [Semana], [Cantidad], [Fecha]) VALUES (128, 10, 2, 1, CAST(N'2021-03-20' AS Date))
INSERT [dbo].[Predicciones] ([PrediccionId], [ProductoId], [Semana], [Cantidad], [Fecha]) VALUES (129, 10, 3, 1, CAST(N'2021-03-20' AS Date))
INSERT [dbo].[Predicciones] ([PrediccionId], [ProductoId], [Semana], [Cantidad], [Fecha]) VALUES (130, 11, 1, 7, CAST(N'2021-03-20' AS Date))
INSERT [dbo].[Predicciones] ([PrediccionId], [ProductoId], [Semana], [Cantidad], [Fecha]) VALUES (131, 11, 2, 11, CAST(N'2021-03-20' AS Date))
INSERT [dbo].[Predicciones] ([PrediccionId], [ProductoId], [Semana], [Cantidad], [Fecha]) VALUES (132, 11, 3, 8, CAST(N'2021-03-20' AS Date))
INSERT [dbo].[Predicciones] ([PrediccionId], [ProductoId], [Semana], [Cantidad], [Fecha]) VALUES (133, 12, 1, 4, CAST(N'2021-03-20' AS Date))
INSERT [dbo].[Predicciones] ([PrediccionId], [ProductoId], [Semana], [Cantidad], [Fecha]) VALUES (134, 12, 2, 3, CAST(N'2021-03-20' AS Date))
INSERT [dbo].[Predicciones] ([PrediccionId], [ProductoId], [Semana], [Cantidad], [Fecha]) VALUES (135, 12, 3, 2, CAST(N'2021-03-20' AS Date))
INSERT [dbo].[Predicciones] ([PrediccionId], [ProductoId], [Semana], [Cantidad], [Fecha]) VALUES (136, 13, 1, 2, CAST(N'2021-03-20' AS Date))
INSERT [dbo].[Predicciones] ([PrediccionId], [ProductoId], [Semana], [Cantidad], [Fecha]) VALUES (137, 13, 2, 1, CAST(N'2021-03-20' AS Date))
INSERT [dbo].[Predicciones] ([PrediccionId], [ProductoId], [Semana], [Cantidad], [Fecha]) VALUES (138, 13, 3, 2, CAST(N'2021-03-20' AS Date))
INSERT [dbo].[Predicciones] ([PrediccionId], [ProductoId], [Semana], [Cantidad], [Fecha]) VALUES (139, 14, 1, 5, CAST(N'2021-03-20' AS Date))
INSERT [dbo].[Predicciones] ([PrediccionId], [ProductoId], [Semana], [Cantidad], [Fecha]) VALUES (140, 14, 2, 3, CAST(N'2021-03-20' AS Date))
INSERT [dbo].[Predicciones] ([PrediccionId], [ProductoId], [Semana], [Cantidad], [Fecha]) VALUES (141, 14, 3, 1, CAST(N'2021-03-20' AS Date))
INSERT [dbo].[Predicciones] ([PrediccionId], [ProductoId], [Semana], [Cantidad], [Fecha]) VALUES (142, 15, 1, 2, CAST(N'2021-03-20' AS Date))
INSERT [dbo].[Predicciones] ([PrediccionId], [ProductoId], [Semana], [Cantidad], [Fecha]) VALUES (143, 15, 2, 3, CAST(N'2021-03-20' AS Date))
INSERT [dbo].[Predicciones] ([PrediccionId], [ProductoId], [Semana], [Cantidad], [Fecha]) VALUES (144, 15, 3, 2, CAST(N'2021-03-20' AS Date))
INSERT [dbo].[Predicciones] ([PrediccionId], [ProductoId], [Semana], [Cantidad], [Fecha]) VALUES (145, 16, 1, 3, CAST(N'2021-03-20' AS Date))
INSERT [dbo].[Predicciones] ([PrediccionId], [ProductoId], [Semana], [Cantidad], [Fecha]) VALUES (146, 16, 2, 2, CAST(N'2021-03-20' AS Date))
INSERT [dbo].[Predicciones] ([PrediccionId], [ProductoId], [Semana], [Cantidad], [Fecha]) VALUES (147, 16, 3, 2, CAST(N'2021-03-20' AS Date))
INSERT [dbo].[Predicciones] ([PrediccionId], [ProductoId], [Semana], [Cantidad], [Fecha]) VALUES (148, 17, 1, 2, CAST(N'2021-03-20' AS Date))
INSERT [dbo].[Predicciones] ([PrediccionId], [ProductoId], [Semana], [Cantidad], [Fecha]) VALUES (149, 17, 2, 1, CAST(N'2021-03-20' AS Date))
INSERT [dbo].[Predicciones] ([PrediccionId], [ProductoId], [Semana], [Cantidad], [Fecha]) VALUES (150, 17, 3, 1, CAST(N'2021-03-20' AS Date))
INSERT [dbo].[Predicciones] ([PrediccionId], [ProductoId], [Semana], [Cantidad], [Fecha]) VALUES (151, 18, 1, 1, CAST(N'2021-03-20' AS Date))
INSERT [dbo].[Predicciones] ([PrediccionId], [ProductoId], [Semana], [Cantidad], [Fecha]) VALUES (152, 18, 2, 1, CAST(N'2021-03-20' AS Date))
INSERT [dbo].[Predicciones] ([PrediccionId], [ProductoId], [Semana], [Cantidad], [Fecha]) VALUES (153, 18, 3, 2, CAST(N'2021-03-20' AS Date))
INSERT [dbo].[Predicciones] ([PrediccionId], [ProductoId], [Semana], [Cantidad], [Fecha]) VALUES (154, 19, 1, 4, CAST(N'2021-03-20' AS Date))
INSERT [dbo].[Predicciones] ([PrediccionId], [ProductoId], [Semana], [Cantidad], [Fecha]) VALUES (155, 19, 2, 2, CAST(N'2021-03-20' AS Date))
INSERT [dbo].[Predicciones] ([PrediccionId], [ProductoId], [Semana], [Cantidad], [Fecha]) VALUES (156, 19, 3, 3, CAST(N'2021-03-20' AS Date))
INSERT [dbo].[Predicciones] ([PrediccionId], [ProductoId], [Semana], [Cantidad], [Fecha]) VALUES (157, 20, 1, 3, CAST(N'2021-03-20' AS Date))
INSERT [dbo].[Predicciones] ([PrediccionId], [ProductoId], [Semana], [Cantidad], [Fecha]) VALUES (158, 20, 2, 3, CAST(N'2021-03-20' AS Date))
INSERT [dbo].[Predicciones] ([PrediccionId], [ProductoId], [Semana], [Cantidad], [Fecha]) VALUES (159, 20, 3, 4, CAST(N'2021-03-20' AS Date))
INSERT [dbo].[Predicciones] ([PrediccionId], [ProductoId], [Semana], [Cantidad], [Fecha]) VALUES (163, 22, 1, 2, CAST(N'2021-03-20' AS Date))
INSERT [dbo].[Predicciones] ([PrediccionId], [ProductoId], [Semana], [Cantidad], [Fecha]) VALUES (164, 22, 2, 2, CAST(N'2021-03-20' AS Date))
INSERT [dbo].[Predicciones] ([PrediccionId], [ProductoId], [Semana], [Cantidad], [Fecha]) VALUES (165, 22, 3, 2, CAST(N'2021-03-20' AS Date))
INSERT [dbo].[Predicciones] ([PrediccionId], [ProductoId], [Semana], [Cantidad], [Fecha]) VALUES (166, 23, 1, 2, CAST(N'2021-03-20' AS Date))
INSERT [dbo].[Predicciones] ([PrediccionId], [ProductoId], [Semana], [Cantidad], [Fecha]) VALUES (167, 23, 2, 2, CAST(N'2021-03-20' AS Date))
INSERT [dbo].[Predicciones] ([PrediccionId], [ProductoId], [Semana], [Cantidad], [Fecha]) VALUES (168, 23, 3, 3, CAST(N'2021-03-20' AS Date))
INSERT [dbo].[Predicciones] ([PrediccionId], [ProductoId], [Semana], [Cantidad], [Fecha]) VALUES (169, 24, 1, 3, CAST(N'2021-03-20' AS Date))
INSERT [dbo].[Predicciones] ([PrediccionId], [ProductoId], [Semana], [Cantidad], [Fecha]) VALUES (170, 24, 2, 2, CAST(N'2021-03-20' AS Date))
INSERT [dbo].[Predicciones] ([PrediccionId], [ProductoId], [Semana], [Cantidad], [Fecha]) VALUES (171, 24, 3, 3, CAST(N'2021-03-20' AS Date))
INSERT [dbo].[Predicciones] ([PrediccionId], [ProductoId], [Semana], [Cantidad], [Fecha]) VALUES (172, 25, 1, 3, CAST(N'2021-03-20' AS Date))
INSERT [dbo].[Predicciones] ([PrediccionId], [ProductoId], [Semana], [Cantidad], [Fecha]) VALUES (173, 25, 2, 4, CAST(N'2021-03-20' AS Date))
INSERT [dbo].[Predicciones] ([PrediccionId], [ProductoId], [Semana], [Cantidad], [Fecha]) VALUES (174, 25, 3, 4, CAST(N'2021-03-20' AS Date))
INSERT [dbo].[Predicciones] ([PrediccionId], [ProductoId], [Semana], [Cantidad], [Fecha]) VALUES (175, 26, 1, 4, CAST(N'2021-03-20' AS Date))
INSERT [dbo].[Predicciones] ([PrediccionId], [ProductoId], [Semana], [Cantidad], [Fecha]) VALUES (176, 26, 2, 4, CAST(N'2021-03-20' AS Date))
INSERT [dbo].[Predicciones] ([PrediccionId], [ProductoId], [Semana], [Cantidad], [Fecha]) VALUES (177, 26, 3, 4, CAST(N'2021-03-20' AS Date))
INSERT [dbo].[Predicciones] ([PrediccionId], [ProductoId], [Semana], [Cantidad], [Fecha]) VALUES (178, 27, 1, 2, CAST(N'2021-03-20' AS Date))
INSERT [dbo].[Predicciones] ([PrediccionId], [ProductoId], [Semana], [Cantidad], [Fecha]) VALUES (179, 27, 2, 3, CAST(N'2021-03-20' AS Date))
INSERT [dbo].[Predicciones] ([PrediccionId], [ProductoId], [Semana], [Cantidad], [Fecha]) VALUES (180, 27, 3, 3, CAST(N'2021-03-20' AS Date))
INSERT [dbo].[Predicciones] ([PrediccionId], [ProductoId], [Semana], [Cantidad], [Fecha]) VALUES (181, 28, 1, 3, CAST(N'2021-03-20' AS Date))
INSERT [dbo].[Predicciones] ([PrediccionId], [ProductoId], [Semana], [Cantidad], [Fecha]) VALUES (182, 28, 2, 3, CAST(N'2021-03-20' AS Date))
INSERT [dbo].[Predicciones] ([PrediccionId], [ProductoId], [Semana], [Cantidad], [Fecha]) VALUES (183, 28, 3, 3, CAST(N'2021-03-20' AS Date))
INSERT [dbo].[Predicciones] ([PrediccionId], [ProductoId], [Semana], [Cantidad], [Fecha]) VALUES (187, 30, 1, 1, CAST(N'2021-03-20' AS Date))
INSERT [dbo].[Predicciones] ([PrediccionId], [ProductoId], [Semana], [Cantidad], [Fecha]) VALUES (188, 30, 2, 2, CAST(N'2021-03-20' AS Date))
INSERT [dbo].[Predicciones] ([PrediccionId], [ProductoId], [Semana], [Cantidad], [Fecha]) VALUES (189, 30, 3, 2, CAST(N'2021-03-20' AS Date))
INSERT [dbo].[Predicciones] ([PrediccionId], [ProductoId], [Semana], [Cantidad], [Fecha]) VALUES (190, 83, 1, 1, CAST(N'2021-03-20' AS Date))
INSERT [dbo].[Predicciones] ([PrediccionId], [ProductoId], [Semana], [Cantidad], [Fecha]) VALUES (191, 83, 2, 1, CAST(N'2021-03-20' AS Date))
INSERT [dbo].[Predicciones] ([PrediccionId], [ProductoId], [Semana], [Cantidad], [Fecha]) VALUES (192, 83, 3, 1, CAST(N'2021-03-20' AS Date))
INSERT [dbo].[Predicciones] ([PrediccionId], [ProductoId], [Semana], [Cantidad], [Fecha]) VALUES (193, 32, 1, 4, CAST(N'2021-03-20' AS Date))
INSERT [dbo].[Predicciones] ([PrediccionId], [ProductoId], [Semana], [Cantidad], [Fecha]) VALUES (194, 32, 2, 9, CAST(N'2021-03-20' AS Date))
INSERT [dbo].[Predicciones] ([PrediccionId], [ProductoId], [Semana], [Cantidad], [Fecha]) VALUES (195, 32, 3, 12, CAST(N'2021-03-20' AS Date))
INSERT [dbo].[Predicciones] ([PrediccionId], [ProductoId], [Semana], [Cantidad], [Fecha]) VALUES (196, 33, 1, 2, CAST(N'2021-03-20' AS Date))
INSERT [dbo].[Predicciones] ([PrediccionId], [ProductoId], [Semana], [Cantidad], [Fecha]) VALUES (197, 33, 2, 3, CAST(N'2021-03-20' AS Date))
INSERT [dbo].[Predicciones] ([PrediccionId], [ProductoId], [Semana], [Cantidad], [Fecha]) VALUES (198, 33, 3, 2, CAST(N'2021-03-20' AS Date))
INSERT [dbo].[Predicciones] ([PrediccionId], [ProductoId], [Semana], [Cantidad], [Fecha]) VALUES (199, 34, 1, 1, CAST(N'2021-03-20' AS Date))
INSERT [dbo].[Predicciones] ([PrediccionId], [ProductoId], [Semana], [Cantidad], [Fecha]) VALUES (200, 34, 2, 1, CAST(N'2021-03-20' AS Date))
INSERT [dbo].[Predicciones] ([PrediccionId], [ProductoId], [Semana], [Cantidad], [Fecha]) VALUES (201, 34, 3, 2, CAST(N'2021-03-20' AS Date))
INSERT [dbo].[Predicciones] ([PrediccionId], [ProductoId], [Semana], [Cantidad], [Fecha]) VALUES (202, 82, 1, 1, CAST(N'2021-03-20' AS Date))
INSERT [dbo].[Predicciones] ([PrediccionId], [ProductoId], [Semana], [Cantidad], [Fecha]) VALUES (203, 82, 2, 1, CAST(N'2021-03-20' AS Date))
INSERT [dbo].[Predicciones] ([PrediccionId], [ProductoId], [Semana], [Cantidad], [Fecha]) VALUES (204, 82, 3, 1, CAST(N'2021-03-20' AS Date))
INSERT [dbo].[Predicciones] ([PrediccionId], [ProductoId], [Semana], [Cantidad], [Fecha]) VALUES (205, 36, 1, 2, CAST(N'2021-03-20' AS Date))
INSERT [dbo].[Predicciones] ([PrediccionId], [ProductoId], [Semana], [Cantidad], [Fecha]) VALUES (206, 36, 2, 2, CAST(N'2021-03-20' AS Date))
INSERT [dbo].[Predicciones] ([PrediccionId], [ProductoId], [Semana], [Cantidad], [Fecha]) VALUES (207, 36, 3, 3, CAST(N'2021-03-20' AS Date))
INSERT [dbo].[Predicciones] ([PrediccionId], [ProductoId], [Semana], [Cantidad], [Fecha]) VALUES (208, 37, 1, 1, CAST(N'2021-03-20' AS Date))
INSERT [dbo].[Predicciones] ([PrediccionId], [ProductoId], [Semana], [Cantidad], [Fecha]) VALUES (209, 37, 2, 1, CAST(N'2021-03-20' AS Date))
INSERT [dbo].[Predicciones] ([PrediccionId], [ProductoId], [Semana], [Cantidad], [Fecha]) VALUES (210, 37, 3, 1, CAST(N'2021-03-20' AS Date))
INSERT [dbo].[Predicciones] ([PrediccionId], [ProductoId], [Semana], [Cantidad], [Fecha]) VALUES (275, 1, 1, 6, CAST(N'2021-03-30' AS Date))
GO
INSERT [dbo].[Predicciones] ([PrediccionId], [ProductoId], [Semana], [Cantidad], [Fecha]) VALUES (276, 1, 2, 7, CAST(N'2021-03-30' AS Date))
INSERT [dbo].[Predicciones] ([PrediccionId], [ProductoId], [Semana], [Cantidad], [Fecha]) VALUES (277, 1, 3, 7, CAST(N'2021-03-30' AS Date))
INSERT [dbo].[Predicciones] ([PrediccionId], [ProductoId], [Semana], [Cantidad], [Fecha]) VALUES (278, 2, 1, 3, CAST(N'2021-03-30' AS Date))
INSERT [dbo].[Predicciones] ([PrediccionId], [ProductoId], [Semana], [Cantidad], [Fecha]) VALUES (279, 2, 2, 2, CAST(N'2021-03-30' AS Date))
INSERT [dbo].[Predicciones] ([PrediccionId], [ProductoId], [Semana], [Cantidad], [Fecha]) VALUES (280, 2, 3, 2, CAST(N'2021-03-30' AS Date))
INSERT [dbo].[Predicciones] ([PrediccionId], [ProductoId], [Semana], [Cantidad], [Fecha]) VALUES (281, 3, 1, 3, CAST(N'2021-03-30' AS Date))
INSERT [dbo].[Predicciones] ([PrediccionId], [ProductoId], [Semana], [Cantidad], [Fecha]) VALUES (282, 3, 2, 5, CAST(N'2021-03-30' AS Date))
INSERT [dbo].[Predicciones] ([PrediccionId], [ProductoId], [Semana], [Cantidad], [Fecha]) VALUES (283, 3, 3, 5, CAST(N'2021-03-30' AS Date))
INSERT [dbo].[Predicciones] ([PrediccionId], [ProductoId], [Semana], [Cantidad], [Fecha]) VALUES (284, 4, 1, 3, CAST(N'2021-03-30' AS Date))
INSERT [dbo].[Predicciones] ([PrediccionId], [ProductoId], [Semana], [Cantidad], [Fecha]) VALUES (285, 4, 2, 4, CAST(N'2021-03-30' AS Date))
INSERT [dbo].[Predicciones] ([PrediccionId], [ProductoId], [Semana], [Cantidad], [Fecha]) VALUES (286, 4, 3, 4, CAST(N'2021-03-30' AS Date))
INSERT [dbo].[Predicciones] ([PrediccionId], [ProductoId], [Semana], [Cantidad], [Fecha]) VALUES (701, 1, 1, 9, CAST(N'2021-05-11' AS Date))
INSERT [dbo].[Predicciones] ([PrediccionId], [ProductoId], [Semana], [Cantidad], [Fecha]) VALUES (702, 1, 2, 6, CAST(N'2021-05-11' AS Date))
INSERT [dbo].[Predicciones] ([PrediccionId], [ProductoId], [Semana], [Cantidad], [Fecha]) VALUES (703, 1, 3, 6, CAST(N'2021-05-11' AS Date))
INSERT [dbo].[Predicciones] ([PrediccionId], [ProductoId], [Semana], [Cantidad], [Fecha]) VALUES (704, 2, 1, 4, CAST(N'2021-05-11' AS Date))
INSERT [dbo].[Predicciones] ([PrediccionId], [ProductoId], [Semana], [Cantidad], [Fecha]) VALUES (705, 2, 2, 3, CAST(N'2021-05-11' AS Date))
INSERT [dbo].[Predicciones] ([PrediccionId], [ProductoId], [Semana], [Cantidad], [Fecha]) VALUES (706, 2, 3, 2, CAST(N'2021-05-11' AS Date))
INSERT [dbo].[Predicciones] ([PrediccionId], [ProductoId], [Semana], [Cantidad], [Fecha]) VALUES (707, 3, 1, 5, CAST(N'2021-05-11' AS Date))
INSERT [dbo].[Predicciones] ([PrediccionId], [ProductoId], [Semana], [Cantidad], [Fecha]) VALUES (708, 3, 2, 6, CAST(N'2021-05-11' AS Date))
INSERT [dbo].[Predicciones] ([PrediccionId], [ProductoId], [Semana], [Cantidad], [Fecha]) VALUES (709, 3, 3, 5, CAST(N'2021-05-11' AS Date))
INSERT [dbo].[Predicciones] ([PrediccionId], [ProductoId], [Semana], [Cantidad], [Fecha]) VALUES (710, 4, 1, 4, CAST(N'2021-05-11' AS Date))
INSERT [dbo].[Predicciones] ([PrediccionId], [ProductoId], [Semana], [Cantidad], [Fecha]) VALUES (711, 4, 2, 4, CAST(N'2021-05-11' AS Date))
INSERT [dbo].[Predicciones] ([PrediccionId], [ProductoId], [Semana], [Cantidad], [Fecha]) VALUES (712, 4, 3, 4, CAST(N'2021-05-11' AS Date))
INSERT [dbo].[Predicciones] ([PrediccionId], [ProductoId], [Semana], [Cantidad], [Fecha]) VALUES (713, 5, 1, 2, CAST(N'2021-05-11' AS Date))
INSERT [dbo].[Predicciones] ([PrediccionId], [ProductoId], [Semana], [Cantidad], [Fecha]) VALUES (714, 5, 2, 2, CAST(N'2021-05-11' AS Date))
INSERT [dbo].[Predicciones] ([PrediccionId], [ProductoId], [Semana], [Cantidad], [Fecha]) VALUES (715, 5, 3, 2, CAST(N'2021-05-11' AS Date))
INSERT [dbo].[Predicciones] ([PrediccionId], [ProductoId], [Semana], [Cantidad], [Fecha]) VALUES (716, 6, 1, 0, CAST(N'2021-05-11' AS Date))
INSERT [dbo].[Predicciones] ([PrediccionId], [ProductoId], [Semana], [Cantidad], [Fecha]) VALUES (717, 6, 2, 3, CAST(N'2021-05-11' AS Date))
INSERT [dbo].[Predicciones] ([PrediccionId], [ProductoId], [Semana], [Cantidad], [Fecha]) VALUES (718, 6, 3, 2, CAST(N'2021-05-11' AS Date))
INSERT [dbo].[Predicciones] ([PrediccionId], [ProductoId], [Semana], [Cantidad], [Fecha]) VALUES (719, 7, 1, 3, CAST(N'2021-05-11' AS Date))
INSERT [dbo].[Predicciones] ([PrediccionId], [ProductoId], [Semana], [Cantidad], [Fecha]) VALUES (720, 7, 2, 1, CAST(N'2021-05-11' AS Date))
INSERT [dbo].[Predicciones] ([PrediccionId], [ProductoId], [Semana], [Cantidad], [Fecha]) VALUES (721, 7, 3, 7, CAST(N'2021-05-11' AS Date))
INSERT [dbo].[Predicciones] ([PrediccionId], [ProductoId], [Semana], [Cantidad], [Fecha]) VALUES (722, 8, 1, 5, CAST(N'2021-05-11' AS Date))
INSERT [dbo].[Predicciones] ([PrediccionId], [ProductoId], [Semana], [Cantidad], [Fecha]) VALUES (723, 8, 2, 3, CAST(N'2021-05-11' AS Date))
INSERT [dbo].[Predicciones] ([PrediccionId], [ProductoId], [Semana], [Cantidad], [Fecha]) VALUES (724, 8, 3, 3, CAST(N'2021-05-11' AS Date))
INSERT [dbo].[Predicciones] ([PrediccionId], [ProductoId], [Semana], [Cantidad], [Fecha]) VALUES (725, 9, 1, 4, CAST(N'2021-05-11' AS Date))
INSERT [dbo].[Predicciones] ([PrediccionId], [ProductoId], [Semana], [Cantidad], [Fecha]) VALUES (726, 9, 2, 3, CAST(N'2021-05-11' AS Date))
INSERT [dbo].[Predicciones] ([PrediccionId], [ProductoId], [Semana], [Cantidad], [Fecha]) VALUES (727, 9, 3, 3, CAST(N'2021-05-11' AS Date))
INSERT [dbo].[Predicciones] ([PrediccionId], [ProductoId], [Semana], [Cantidad], [Fecha]) VALUES (728, 10, 1, 1, CAST(N'2021-05-11' AS Date))
INSERT [dbo].[Predicciones] ([PrediccionId], [ProductoId], [Semana], [Cantidad], [Fecha]) VALUES (729, 10, 2, 1, CAST(N'2021-05-11' AS Date))
INSERT [dbo].[Predicciones] ([PrediccionId], [ProductoId], [Semana], [Cantidad], [Fecha]) VALUES (730, 10, 3, 1, CAST(N'2021-05-11' AS Date))
INSERT [dbo].[Predicciones] ([PrediccionId], [ProductoId], [Semana], [Cantidad], [Fecha]) VALUES (731, 11, 1, 8, CAST(N'2021-05-11' AS Date))
INSERT [dbo].[Predicciones] ([PrediccionId], [ProductoId], [Semana], [Cantidad], [Fecha]) VALUES (732, 11, 2, 8, CAST(N'2021-05-11' AS Date))
INSERT [dbo].[Predicciones] ([PrediccionId], [ProductoId], [Semana], [Cantidad], [Fecha]) VALUES (733, 11, 3, 8, CAST(N'2021-05-11' AS Date))
INSERT [dbo].[Predicciones] ([PrediccionId], [ProductoId], [Semana], [Cantidad], [Fecha]) VALUES (734, 12, 1, 1, CAST(N'2021-05-11' AS Date))
INSERT [dbo].[Predicciones] ([PrediccionId], [ProductoId], [Semana], [Cantidad], [Fecha]) VALUES (735, 12, 2, 1, CAST(N'2021-05-11' AS Date))
INSERT [dbo].[Predicciones] ([PrediccionId], [ProductoId], [Semana], [Cantidad], [Fecha]) VALUES (736, 12, 3, 4, CAST(N'2021-05-11' AS Date))
INSERT [dbo].[Predicciones] ([PrediccionId], [ProductoId], [Semana], [Cantidad], [Fecha]) VALUES (737, 13, 1, 1, CAST(N'2021-05-11' AS Date))
INSERT [dbo].[Predicciones] ([PrediccionId], [ProductoId], [Semana], [Cantidad], [Fecha]) VALUES (738, 13, 2, 2, CAST(N'2021-05-11' AS Date))
INSERT [dbo].[Predicciones] ([PrediccionId], [ProductoId], [Semana], [Cantidad], [Fecha]) VALUES (739, 13, 3, 2, CAST(N'2021-05-11' AS Date))
INSERT [dbo].[Predicciones] ([PrediccionId], [ProductoId], [Semana], [Cantidad], [Fecha]) VALUES (740, 14, 1, 4, CAST(N'2021-05-11' AS Date))
INSERT [dbo].[Predicciones] ([PrediccionId], [ProductoId], [Semana], [Cantidad], [Fecha]) VALUES (741, 14, 2, 3, CAST(N'2021-05-11' AS Date))
INSERT [dbo].[Predicciones] ([PrediccionId], [ProductoId], [Semana], [Cantidad], [Fecha]) VALUES (742, 14, 3, 2, CAST(N'2021-05-11' AS Date))
INSERT [dbo].[Predicciones] ([PrediccionId], [ProductoId], [Semana], [Cantidad], [Fecha]) VALUES (743, 15, 1, 2, CAST(N'2021-05-11' AS Date))
INSERT [dbo].[Predicciones] ([PrediccionId], [ProductoId], [Semana], [Cantidad], [Fecha]) VALUES (744, 15, 2, 2, CAST(N'2021-05-11' AS Date))
INSERT [dbo].[Predicciones] ([PrediccionId], [ProductoId], [Semana], [Cantidad], [Fecha]) VALUES (745, 15, 3, 2, CAST(N'2021-05-11' AS Date))
INSERT [dbo].[Predicciones] ([PrediccionId], [ProductoId], [Semana], [Cantidad], [Fecha]) VALUES (746, 16, 1, 1, CAST(N'2021-05-11' AS Date))
INSERT [dbo].[Predicciones] ([PrediccionId], [ProductoId], [Semana], [Cantidad], [Fecha]) VALUES (747, 16, 2, 3, CAST(N'2021-05-11' AS Date))
INSERT [dbo].[Predicciones] ([PrediccionId], [ProductoId], [Semana], [Cantidad], [Fecha]) VALUES (748, 16, 3, 1, CAST(N'2021-05-11' AS Date))
INSERT [dbo].[Predicciones] ([PrediccionId], [ProductoId], [Semana], [Cantidad], [Fecha]) VALUES (749, 17, 1, 1, CAST(N'2021-05-11' AS Date))
INSERT [dbo].[Predicciones] ([PrediccionId], [ProductoId], [Semana], [Cantidad], [Fecha]) VALUES (750, 17, 2, 1, CAST(N'2021-05-11' AS Date))
INSERT [dbo].[Predicciones] ([PrediccionId], [ProductoId], [Semana], [Cantidad], [Fecha]) VALUES (751, 17, 3, 1, CAST(N'2021-05-11' AS Date))
INSERT [dbo].[Predicciones] ([PrediccionId], [ProductoId], [Semana], [Cantidad], [Fecha]) VALUES (752, 18, 1, 2, CAST(N'2021-05-11' AS Date))
INSERT [dbo].[Predicciones] ([PrediccionId], [ProductoId], [Semana], [Cantidad], [Fecha]) VALUES (753, 18, 2, 2, CAST(N'2021-05-11' AS Date))
INSERT [dbo].[Predicciones] ([PrediccionId], [ProductoId], [Semana], [Cantidad], [Fecha]) VALUES (754, 18, 3, 2, CAST(N'2021-05-11' AS Date))
INSERT [dbo].[Predicciones] ([PrediccionId], [ProductoId], [Semana], [Cantidad], [Fecha]) VALUES (755, 19, 1, 2, CAST(N'2021-05-11' AS Date))
INSERT [dbo].[Predicciones] ([PrediccionId], [ProductoId], [Semana], [Cantidad], [Fecha]) VALUES (756, 19, 2, 3, CAST(N'2021-05-11' AS Date))
INSERT [dbo].[Predicciones] ([PrediccionId], [ProductoId], [Semana], [Cantidad], [Fecha]) VALUES (757, 19, 3, 2, CAST(N'2021-05-11' AS Date))
INSERT [dbo].[Predicciones] ([PrediccionId], [ProductoId], [Semana], [Cantidad], [Fecha]) VALUES (758, 20, 1, 1, CAST(N'2021-05-11' AS Date))
INSERT [dbo].[Predicciones] ([PrediccionId], [ProductoId], [Semana], [Cantidad], [Fecha]) VALUES (759, 20, 2, 2, CAST(N'2021-05-11' AS Date))
INSERT [dbo].[Predicciones] ([PrediccionId], [ProductoId], [Semana], [Cantidad], [Fecha]) VALUES (760, 20, 3, 0, CAST(N'2021-05-11' AS Date))
INSERT [dbo].[Predicciones] ([PrediccionId], [ProductoId], [Semana], [Cantidad], [Fecha]) VALUES (761, 22, 1, 3, CAST(N'2021-05-11' AS Date))
INSERT [dbo].[Predicciones] ([PrediccionId], [ProductoId], [Semana], [Cantidad], [Fecha]) VALUES (762, 22, 2, 3, CAST(N'2021-05-11' AS Date))
INSERT [dbo].[Predicciones] ([PrediccionId], [ProductoId], [Semana], [Cantidad], [Fecha]) VALUES (763, 22, 3, 3, CAST(N'2021-05-11' AS Date))
INSERT [dbo].[Predicciones] ([PrediccionId], [ProductoId], [Semana], [Cantidad], [Fecha]) VALUES (764, 23, 1, 3, CAST(N'2021-05-11' AS Date))
INSERT [dbo].[Predicciones] ([PrediccionId], [ProductoId], [Semana], [Cantidad], [Fecha]) VALUES (765, 23, 2, 1, CAST(N'2021-05-11' AS Date))
INSERT [dbo].[Predicciones] ([PrediccionId], [ProductoId], [Semana], [Cantidad], [Fecha]) VALUES (766, 23, 3, 3, CAST(N'2021-05-11' AS Date))
INSERT [dbo].[Predicciones] ([PrediccionId], [ProductoId], [Semana], [Cantidad], [Fecha]) VALUES (767, 24, 1, 2, CAST(N'2021-05-11' AS Date))
INSERT [dbo].[Predicciones] ([PrediccionId], [ProductoId], [Semana], [Cantidad], [Fecha]) VALUES (768, 24, 2, 2, CAST(N'2021-05-11' AS Date))
INSERT [dbo].[Predicciones] ([PrediccionId], [ProductoId], [Semana], [Cantidad], [Fecha]) VALUES (769, 24, 3, 3, CAST(N'2021-05-11' AS Date))
INSERT [dbo].[Predicciones] ([PrediccionId], [ProductoId], [Semana], [Cantidad], [Fecha]) VALUES (770, 25, 1, 4, CAST(N'2021-05-11' AS Date))
INSERT [dbo].[Predicciones] ([PrediccionId], [ProductoId], [Semana], [Cantidad], [Fecha]) VALUES (771, 25, 2, 1, CAST(N'2021-05-11' AS Date))
INSERT [dbo].[Predicciones] ([PrediccionId], [ProductoId], [Semana], [Cantidad], [Fecha]) VALUES (772, 25, 3, 0, CAST(N'2021-05-11' AS Date))
INSERT [dbo].[Predicciones] ([PrediccionId], [ProductoId], [Semana], [Cantidad], [Fecha]) VALUES (773, 26, 1, 3, CAST(N'2021-05-11' AS Date))
INSERT [dbo].[Predicciones] ([PrediccionId], [ProductoId], [Semana], [Cantidad], [Fecha]) VALUES (774, 26, 2, 3, CAST(N'2021-05-11' AS Date))
INSERT [dbo].[Predicciones] ([PrediccionId], [ProductoId], [Semana], [Cantidad], [Fecha]) VALUES (775, 26, 3, 2, CAST(N'2021-05-11' AS Date))
INSERT [dbo].[Predicciones] ([PrediccionId], [ProductoId], [Semana], [Cantidad], [Fecha]) VALUES (776, 27, 1, 4, CAST(N'2021-05-11' AS Date))
INSERT [dbo].[Predicciones] ([PrediccionId], [ProductoId], [Semana], [Cantidad], [Fecha]) VALUES (777, 27, 2, 3, CAST(N'2021-05-11' AS Date))
INSERT [dbo].[Predicciones] ([PrediccionId], [ProductoId], [Semana], [Cantidad], [Fecha]) VALUES (778, 27, 3, 3, CAST(N'2021-05-11' AS Date))
INSERT [dbo].[Predicciones] ([PrediccionId], [ProductoId], [Semana], [Cantidad], [Fecha]) VALUES (779, 28, 1, 1, CAST(N'2021-05-11' AS Date))
INSERT [dbo].[Predicciones] ([PrediccionId], [ProductoId], [Semana], [Cantidad], [Fecha]) VALUES (780, 28, 2, 2, CAST(N'2021-05-11' AS Date))
INSERT [dbo].[Predicciones] ([PrediccionId], [ProductoId], [Semana], [Cantidad], [Fecha]) VALUES (781, 28, 3, 2, CAST(N'2021-05-11' AS Date))
INSERT [dbo].[Predicciones] ([PrediccionId], [ProductoId], [Semana], [Cantidad], [Fecha]) VALUES (782, 30, 1, 3, CAST(N'2021-05-11' AS Date))
INSERT [dbo].[Predicciones] ([PrediccionId], [ProductoId], [Semana], [Cantidad], [Fecha]) VALUES (783, 30, 2, 1, CAST(N'2021-05-11' AS Date))
INSERT [dbo].[Predicciones] ([PrediccionId], [ProductoId], [Semana], [Cantidad], [Fecha]) VALUES (784, 30, 3, 1, CAST(N'2021-05-11' AS Date))
INSERT [dbo].[Predicciones] ([PrediccionId], [ProductoId], [Semana], [Cantidad], [Fecha]) VALUES (785, 32, 1, 13, CAST(N'2021-05-11' AS Date))
INSERT [dbo].[Predicciones] ([PrediccionId], [ProductoId], [Semana], [Cantidad], [Fecha]) VALUES (786, 32, 2, 10, CAST(N'2021-05-11' AS Date))
INSERT [dbo].[Predicciones] ([PrediccionId], [ProductoId], [Semana], [Cantidad], [Fecha]) VALUES (787, 32, 3, 7, CAST(N'2021-05-11' AS Date))
INSERT [dbo].[Predicciones] ([PrediccionId], [ProductoId], [Semana], [Cantidad], [Fecha]) VALUES (788, 33, 1, 1, CAST(N'2021-05-11' AS Date))
INSERT [dbo].[Predicciones] ([PrediccionId], [ProductoId], [Semana], [Cantidad], [Fecha]) VALUES (789, 33, 2, 2, CAST(N'2021-05-11' AS Date))
GO
INSERT [dbo].[Predicciones] ([PrediccionId], [ProductoId], [Semana], [Cantidad], [Fecha]) VALUES (790, 33, 3, 3, CAST(N'2021-05-11' AS Date))
INSERT [dbo].[Predicciones] ([PrediccionId], [ProductoId], [Semana], [Cantidad], [Fecha]) VALUES (791, 34, 1, 1, CAST(N'2021-05-11' AS Date))
INSERT [dbo].[Predicciones] ([PrediccionId], [ProductoId], [Semana], [Cantidad], [Fecha]) VALUES (792, 34, 2, 0, CAST(N'2021-05-11' AS Date))
INSERT [dbo].[Predicciones] ([PrediccionId], [ProductoId], [Semana], [Cantidad], [Fecha]) VALUES (793, 34, 3, 3, CAST(N'2021-05-11' AS Date))
INSERT [dbo].[Predicciones] ([PrediccionId], [ProductoId], [Semana], [Cantidad], [Fecha]) VALUES (794, 36, 1, 2, CAST(N'2021-05-11' AS Date))
INSERT [dbo].[Predicciones] ([PrediccionId], [ProductoId], [Semana], [Cantidad], [Fecha]) VALUES (795, 36, 2, 3, CAST(N'2021-05-11' AS Date))
INSERT [dbo].[Predicciones] ([PrediccionId], [ProductoId], [Semana], [Cantidad], [Fecha]) VALUES (796, 36, 3, 1, CAST(N'2021-05-11' AS Date))
INSERT [dbo].[Predicciones] ([PrediccionId], [ProductoId], [Semana], [Cantidad], [Fecha]) VALUES (797, 37, 1, 1, CAST(N'2021-05-11' AS Date))
INSERT [dbo].[Predicciones] ([PrediccionId], [ProductoId], [Semana], [Cantidad], [Fecha]) VALUES (798, 37, 2, 0, CAST(N'2021-05-11' AS Date))
INSERT [dbo].[Predicciones] ([PrediccionId], [ProductoId], [Semana], [Cantidad], [Fecha]) VALUES (799, 37, 3, 2, CAST(N'2021-05-11' AS Date))
INSERT [dbo].[Predicciones] ([PrediccionId], [ProductoId], [Semana], [Cantidad], [Fecha]) VALUES (800, 82, 1, 2, CAST(N'2021-05-11' AS Date))
INSERT [dbo].[Predicciones] ([PrediccionId], [ProductoId], [Semana], [Cantidad], [Fecha]) VALUES (801, 82, 2, 2, CAST(N'2021-05-11' AS Date))
INSERT [dbo].[Predicciones] ([PrediccionId], [ProductoId], [Semana], [Cantidad], [Fecha]) VALUES (802, 82, 3, 2, CAST(N'2021-05-11' AS Date))
INSERT [dbo].[Predicciones] ([PrediccionId], [ProductoId], [Semana], [Cantidad], [Fecha]) VALUES (1109, 1, 1, 9, CAST(N'2021-05-24' AS Date))
INSERT [dbo].[Predicciones] ([PrediccionId], [ProductoId], [Semana], [Cantidad], [Fecha]) VALUES (1110, 1, 2, 6, CAST(N'2021-05-24' AS Date))
INSERT [dbo].[Predicciones] ([PrediccionId], [ProductoId], [Semana], [Cantidad], [Fecha]) VALUES (1111, 1, 3, 6, CAST(N'2021-05-24' AS Date))
INSERT [dbo].[Predicciones] ([PrediccionId], [ProductoId], [Semana], [Cantidad], [Fecha]) VALUES (1112, 2, 1, 4, CAST(N'2021-05-24' AS Date))
INSERT [dbo].[Predicciones] ([PrediccionId], [ProductoId], [Semana], [Cantidad], [Fecha]) VALUES (1113, 2, 2, 3, CAST(N'2021-05-24' AS Date))
INSERT [dbo].[Predicciones] ([PrediccionId], [ProductoId], [Semana], [Cantidad], [Fecha]) VALUES (1114, 2, 3, 2, CAST(N'2021-05-24' AS Date))
INSERT [dbo].[Predicciones] ([PrediccionId], [ProductoId], [Semana], [Cantidad], [Fecha]) VALUES (1115, 3, 1, 5, CAST(N'2021-05-24' AS Date))
INSERT [dbo].[Predicciones] ([PrediccionId], [ProductoId], [Semana], [Cantidad], [Fecha]) VALUES (1116, 3, 2, 6, CAST(N'2021-05-24' AS Date))
INSERT [dbo].[Predicciones] ([PrediccionId], [ProductoId], [Semana], [Cantidad], [Fecha]) VALUES (1117, 3, 3, 5, CAST(N'2021-05-24' AS Date))
INSERT [dbo].[Predicciones] ([PrediccionId], [ProductoId], [Semana], [Cantidad], [Fecha]) VALUES (1118, 4, 1, 4, CAST(N'2021-05-24' AS Date))
INSERT [dbo].[Predicciones] ([PrediccionId], [ProductoId], [Semana], [Cantidad], [Fecha]) VALUES (1119, 4, 2, 4, CAST(N'2021-05-24' AS Date))
INSERT [dbo].[Predicciones] ([PrediccionId], [ProductoId], [Semana], [Cantidad], [Fecha]) VALUES (1120, 4, 3, 4, CAST(N'2021-05-24' AS Date))
INSERT [dbo].[Predicciones] ([PrediccionId], [ProductoId], [Semana], [Cantidad], [Fecha]) VALUES (1121, 5, 1, 2, CAST(N'2021-05-24' AS Date))
INSERT [dbo].[Predicciones] ([PrediccionId], [ProductoId], [Semana], [Cantidad], [Fecha]) VALUES (1122, 5, 2, 2, CAST(N'2021-05-24' AS Date))
INSERT [dbo].[Predicciones] ([PrediccionId], [ProductoId], [Semana], [Cantidad], [Fecha]) VALUES (1123, 5, 3, 2, CAST(N'2021-05-24' AS Date))
INSERT [dbo].[Predicciones] ([PrediccionId], [ProductoId], [Semana], [Cantidad], [Fecha]) VALUES (1124, 6, 1, 0, CAST(N'2021-05-24' AS Date))
INSERT [dbo].[Predicciones] ([PrediccionId], [ProductoId], [Semana], [Cantidad], [Fecha]) VALUES (1125, 6, 2, 3, CAST(N'2021-05-24' AS Date))
INSERT [dbo].[Predicciones] ([PrediccionId], [ProductoId], [Semana], [Cantidad], [Fecha]) VALUES (1126, 6, 3, 2, CAST(N'2021-05-24' AS Date))
INSERT [dbo].[Predicciones] ([PrediccionId], [ProductoId], [Semana], [Cantidad], [Fecha]) VALUES (1127, 7, 1, 3, CAST(N'2021-05-24' AS Date))
INSERT [dbo].[Predicciones] ([PrediccionId], [ProductoId], [Semana], [Cantidad], [Fecha]) VALUES (1128, 7, 2, 1, CAST(N'2021-05-24' AS Date))
INSERT [dbo].[Predicciones] ([PrediccionId], [ProductoId], [Semana], [Cantidad], [Fecha]) VALUES (1129, 7, 3, 7, CAST(N'2021-05-24' AS Date))
INSERT [dbo].[Predicciones] ([PrediccionId], [ProductoId], [Semana], [Cantidad], [Fecha]) VALUES (1130, 8, 1, 5, CAST(N'2021-05-24' AS Date))
INSERT [dbo].[Predicciones] ([PrediccionId], [ProductoId], [Semana], [Cantidad], [Fecha]) VALUES (1131, 8, 2, 3, CAST(N'2021-05-24' AS Date))
INSERT [dbo].[Predicciones] ([PrediccionId], [ProductoId], [Semana], [Cantidad], [Fecha]) VALUES (1132, 8, 3, 3, CAST(N'2021-05-24' AS Date))
INSERT [dbo].[Predicciones] ([PrediccionId], [ProductoId], [Semana], [Cantidad], [Fecha]) VALUES (1133, 9, 1, 4, CAST(N'2021-05-24' AS Date))
INSERT [dbo].[Predicciones] ([PrediccionId], [ProductoId], [Semana], [Cantidad], [Fecha]) VALUES (1134, 9, 2, 3, CAST(N'2021-05-24' AS Date))
INSERT [dbo].[Predicciones] ([PrediccionId], [ProductoId], [Semana], [Cantidad], [Fecha]) VALUES (1135, 9, 3, 3, CAST(N'2021-05-24' AS Date))
INSERT [dbo].[Predicciones] ([PrediccionId], [ProductoId], [Semana], [Cantidad], [Fecha]) VALUES (1136, 10, 1, 1, CAST(N'2021-05-24' AS Date))
INSERT [dbo].[Predicciones] ([PrediccionId], [ProductoId], [Semana], [Cantidad], [Fecha]) VALUES (1137, 10, 2, 1, CAST(N'2021-05-24' AS Date))
INSERT [dbo].[Predicciones] ([PrediccionId], [ProductoId], [Semana], [Cantidad], [Fecha]) VALUES (1138, 10, 3, 1, CAST(N'2021-05-24' AS Date))
INSERT [dbo].[Predicciones] ([PrediccionId], [ProductoId], [Semana], [Cantidad], [Fecha]) VALUES (1139, 11, 1, 8, CAST(N'2021-05-24' AS Date))
INSERT [dbo].[Predicciones] ([PrediccionId], [ProductoId], [Semana], [Cantidad], [Fecha]) VALUES (1140, 11, 2, 8, CAST(N'2021-05-24' AS Date))
INSERT [dbo].[Predicciones] ([PrediccionId], [ProductoId], [Semana], [Cantidad], [Fecha]) VALUES (1141, 11, 3, 8, CAST(N'2021-05-24' AS Date))
INSERT [dbo].[Predicciones] ([PrediccionId], [ProductoId], [Semana], [Cantidad], [Fecha]) VALUES (1142, 12, 1, 1, CAST(N'2021-05-24' AS Date))
INSERT [dbo].[Predicciones] ([PrediccionId], [ProductoId], [Semana], [Cantidad], [Fecha]) VALUES (1143, 12, 2, 1, CAST(N'2021-05-24' AS Date))
INSERT [dbo].[Predicciones] ([PrediccionId], [ProductoId], [Semana], [Cantidad], [Fecha]) VALUES (1144, 12, 3, 4, CAST(N'2021-05-24' AS Date))
INSERT [dbo].[Predicciones] ([PrediccionId], [ProductoId], [Semana], [Cantidad], [Fecha]) VALUES (1145, 13, 1, 1, CAST(N'2021-05-24' AS Date))
INSERT [dbo].[Predicciones] ([PrediccionId], [ProductoId], [Semana], [Cantidad], [Fecha]) VALUES (1146, 13, 2, 2, CAST(N'2021-05-24' AS Date))
INSERT [dbo].[Predicciones] ([PrediccionId], [ProductoId], [Semana], [Cantidad], [Fecha]) VALUES (1147, 13, 3, 2, CAST(N'2021-05-24' AS Date))
INSERT [dbo].[Predicciones] ([PrediccionId], [ProductoId], [Semana], [Cantidad], [Fecha]) VALUES (1148, 14, 1, 4, CAST(N'2021-05-24' AS Date))
INSERT [dbo].[Predicciones] ([PrediccionId], [ProductoId], [Semana], [Cantidad], [Fecha]) VALUES (1149, 14, 2, 3, CAST(N'2021-05-24' AS Date))
INSERT [dbo].[Predicciones] ([PrediccionId], [ProductoId], [Semana], [Cantidad], [Fecha]) VALUES (1150, 14, 3, 2, CAST(N'2021-05-24' AS Date))
INSERT [dbo].[Predicciones] ([PrediccionId], [ProductoId], [Semana], [Cantidad], [Fecha]) VALUES (1151, 15, 1, 2, CAST(N'2021-05-24' AS Date))
INSERT [dbo].[Predicciones] ([PrediccionId], [ProductoId], [Semana], [Cantidad], [Fecha]) VALUES (1152, 15, 2, 2, CAST(N'2021-05-24' AS Date))
INSERT [dbo].[Predicciones] ([PrediccionId], [ProductoId], [Semana], [Cantidad], [Fecha]) VALUES (1153, 15, 3, 2, CAST(N'2021-05-24' AS Date))
INSERT [dbo].[Predicciones] ([PrediccionId], [ProductoId], [Semana], [Cantidad], [Fecha]) VALUES (1154, 16, 1, 1, CAST(N'2021-05-24' AS Date))
INSERT [dbo].[Predicciones] ([PrediccionId], [ProductoId], [Semana], [Cantidad], [Fecha]) VALUES (1155, 16, 2, 3, CAST(N'2021-05-24' AS Date))
INSERT [dbo].[Predicciones] ([PrediccionId], [ProductoId], [Semana], [Cantidad], [Fecha]) VALUES (1156, 16, 3, 1, CAST(N'2021-05-24' AS Date))
INSERT [dbo].[Predicciones] ([PrediccionId], [ProductoId], [Semana], [Cantidad], [Fecha]) VALUES (1157, 17, 1, 1, CAST(N'2021-05-24' AS Date))
INSERT [dbo].[Predicciones] ([PrediccionId], [ProductoId], [Semana], [Cantidad], [Fecha]) VALUES (1158, 17, 2, 1, CAST(N'2021-05-24' AS Date))
INSERT [dbo].[Predicciones] ([PrediccionId], [ProductoId], [Semana], [Cantidad], [Fecha]) VALUES (1159, 17, 3, 1, CAST(N'2021-05-24' AS Date))
INSERT [dbo].[Predicciones] ([PrediccionId], [ProductoId], [Semana], [Cantidad], [Fecha]) VALUES (1160, 18, 1, 2, CAST(N'2021-05-24' AS Date))
INSERT [dbo].[Predicciones] ([PrediccionId], [ProductoId], [Semana], [Cantidad], [Fecha]) VALUES (1161, 18, 2, 2, CAST(N'2021-05-24' AS Date))
INSERT [dbo].[Predicciones] ([PrediccionId], [ProductoId], [Semana], [Cantidad], [Fecha]) VALUES (1162, 18, 3, 2, CAST(N'2021-05-24' AS Date))
INSERT [dbo].[Predicciones] ([PrediccionId], [ProductoId], [Semana], [Cantidad], [Fecha]) VALUES (1163, 19, 1, 2, CAST(N'2021-05-24' AS Date))
INSERT [dbo].[Predicciones] ([PrediccionId], [ProductoId], [Semana], [Cantidad], [Fecha]) VALUES (1164, 19, 2, 3, CAST(N'2021-05-24' AS Date))
INSERT [dbo].[Predicciones] ([PrediccionId], [ProductoId], [Semana], [Cantidad], [Fecha]) VALUES (1165, 19, 3, 2, CAST(N'2021-05-24' AS Date))
INSERT [dbo].[Predicciones] ([PrediccionId], [ProductoId], [Semana], [Cantidad], [Fecha]) VALUES (1166, 20, 1, 1, CAST(N'2021-05-24' AS Date))
INSERT [dbo].[Predicciones] ([PrediccionId], [ProductoId], [Semana], [Cantidad], [Fecha]) VALUES (1167, 20, 2, 2, CAST(N'2021-05-24' AS Date))
INSERT [dbo].[Predicciones] ([PrediccionId], [ProductoId], [Semana], [Cantidad], [Fecha]) VALUES (1168, 20, 3, 0, CAST(N'2021-05-24' AS Date))
INSERT [dbo].[Predicciones] ([PrediccionId], [ProductoId], [Semana], [Cantidad], [Fecha]) VALUES (1169, 22, 1, 3, CAST(N'2021-05-24' AS Date))
INSERT [dbo].[Predicciones] ([PrediccionId], [ProductoId], [Semana], [Cantidad], [Fecha]) VALUES (1170, 22, 2, 3, CAST(N'2021-05-24' AS Date))
INSERT [dbo].[Predicciones] ([PrediccionId], [ProductoId], [Semana], [Cantidad], [Fecha]) VALUES (1171, 22, 3, 3, CAST(N'2021-05-24' AS Date))
INSERT [dbo].[Predicciones] ([PrediccionId], [ProductoId], [Semana], [Cantidad], [Fecha]) VALUES (1172, 23, 1, 3, CAST(N'2021-05-24' AS Date))
INSERT [dbo].[Predicciones] ([PrediccionId], [ProductoId], [Semana], [Cantidad], [Fecha]) VALUES (1173, 23, 2, 1, CAST(N'2021-05-24' AS Date))
INSERT [dbo].[Predicciones] ([PrediccionId], [ProductoId], [Semana], [Cantidad], [Fecha]) VALUES (1174, 23, 3, 3, CAST(N'2021-05-24' AS Date))
INSERT [dbo].[Predicciones] ([PrediccionId], [ProductoId], [Semana], [Cantidad], [Fecha]) VALUES (1175, 24, 1, 2, CAST(N'2021-05-24' AS Date))
INSERT [dbo].[Predicciones] ([PrediccionId], [ProductoId], [Semana], [Cantidad], [Fecha]) VALUES (1176, 24, 2, 2, CAST(N'2021-05-24' AS Date))
INSERT [dbo].[Predicciones] ([PrediccionId], [ProductoId], [Semana], [Cantidad], [Fecha]) VALUES (1177, 24, 3, 3, CAST(N'2021-05-24' AS Date))
INSERT [dbo].[Predicciones] ([PrediccionId], [ProductoId], [Semana], [Cantidad], [Fecha]) VALUES (1178, 25, 1, 4, CAST(N'2021-05-24' AS Date))
INSERT [dbo].[Predicciones] ([PrediccionId], [ProductoId], [Semana], [Cantidad], [Fecha]) VALUES (1179, 25, 2, 1, CAST(N'2021-05-24' AS Date))
INSERT [dbo].[Predicciones] ([PrediccionId], [ProductoId], [Semana], [Cantidad], [Fecha]) VALUES (1180, 25, 3, 0, CAST(N'2021-05-24' AS Date))
INSERT [dbo].[Predicciones] ([PrediccionId], [ProductoId], [Semana], [Cantidad], [Fecha]) VALUES (1181, 26, 1, 3, CAST(N'2021-05-24' AS Date))
INSERT [dbo].[Predicciones] ([PrediccionId], [ProductoId], [Semana], [Cantidad], [Fecha]) VALUES (1182, 26, 2, 3, CAST(N'2021-05-24' AS Date))
INSERT [dbo].[Predicciones] ([PrediccionId], [ProductoId], [Semana], [Cantidad], [Fecha]) VALUES (1183, 26, 3, 2, CAST(N'2021-05-24' AS Date))
INSERT [dbo].[Predicciones] ([PrediccionId], [ProductoId], [Semana], [Cantidad], [Fecha]) VALUES (1184, 27, 1, 4, CAST(N'2021-05-24' AS Date))
INSERT [dbo].[Predicciones] ([PrediccionId], [ProductoId], [Semana], [Cantidad], [Fecha]) VALUES (1185, 27, 2, 3, CAST(N'2021-05-24' AS Date))
INSERT [dbo].[Predicciones] ([PrediccionId], [ProductoId], [Semana], [Cantidad], [Fecha]) VALUES (1186, 27, 3, 3, CAST(N'2021-05-24' AS Date))
INSERT [dbo].[Predicciones] ([PrediccionId], [ProductoId], [Semana], [Cantidad], [Fecha]) VALUES (1187, 28, 1, 1, CAST(N'2021-05-24' AS Date))
INSERT [dbo].[Predicciones] ([PrediccionId], [ProductoId], [Semana], [Cantidad], [Fecha]) VALUES (1188, 28, 2, 2, CAST(N'2021-05-24' AS Date))
INSERT [dbo].[Predicciones] ([PrediccionId], [ProductoId], [Semana], [Cantidad], [Fecha]) VALUES (1189, 28, 3, 2, CAST(N'2021-05-24' AS Date))
INSERT [dbo].[Predicciones] ([PrediccionId], [ProductoId], [Semana], [Cantidad], [Fecha]) VALUES (1190, 30, 1, 3, CAST(N'2021-05-24' AS Date))
INSERT [dbo].[Predicciones] ([PrediccionId], [ProductoId], [Semana], [Cantidad], [Fecha]) VALUES (1191, 30, 2, 1, CAST(N'2021-05-24' AS Date))
INSERT [dbo].[Predicciones] ([PrediccionId], [ProductoId], [Semana], [Cantidad], [Fecha]) VALUES (1192, 30, 3, 1, CAST(N'2021-05-24' AS Date))
INSERT [dbo].[Predicciones] ([PrediccionId], [ProductoId], [Semana], [Cantidad], [Fecha]) VALUES (1193, 32, 1, 13, CAST(N'2021-05-24' AS Date))
INSERT [dbo].[Predicciones] ([PrediccionId], [ProductoId], [Semana], [Cantidad], [Fecha]) VALUES (1194, 32, 2, 10, CAST(N'2021-05-24' AS Date))
INSERT [dbo].[Predicciones] ([PrediccionId], [ProductoId], [Semana], [Cantidad], [Fecha]) VALUES (1195, 32, 3, 7, CAST(N'2021-05-24' AS Date))
GO
INSERT [dbo].[Predicciones] ([PrediccionId], [ProductoId], [Semana], [Cantidad], [Fecha]) VALUES (1196, 33, 1, 1, CAST(N'2021-05-24' AS Date))
INSERT [dbo].[Predicciones] ([PrediccionId], [ProductoId], [Semana], [Cantidad], [Fecha]) VALUES (1197, 33, 2, 2, CAST(N'2021-05-24' AS Date))
INSERT [dbo].[Predicciones] ([PrediccionId], [ProductoId], [Semana], [Cantidad], [Fecha]) VALUES (1198, 33, 3, 3, CAST(N'2021-05-24' AS Date))
INSERT [dbo].[Predicciones] ([PrediccionId], [ProductoId], [Semana], [Cantidad], [Fecha]) VALUES (1199, 34, 1, 1, CAST(N'2021-05-24' AS Date))
INSERT [dbo].[Predicciones] ([PrediccionId], [ProductoId], [Semana], [Cantidad], [Fecha]) VALUES (1200, 34, 2, 0, CAST(N'2021-05-24' AS Date))
INSERT [dbo].[Predicciones] ([PrediccionId], [ProductoId], [Semana], [Cantidad], [Fecha]) VALUES (1201, 34, 3, 3, CAST(N'2021-05-24' AS Date))
INSERT [dbo].[Predicciones] ([PrediccionId], [ProductoId], [Semana], [Cantidad], [Fecha]) VALUES (1202, 36, 1, 2, CAST(N'2021-05-24' AS Date))
INSERT [dbo].[Predicciones] ([PrediccionId], [ProductoId], [Semana], [Cantidad], [Fecha]) VALUES (1203, 36, 2, 3, CAST(N'2021-05-24' AS Date))
INSERT [dbo].[Predicciones] ([PrediccionId], [ProductoId], [Semana], [Cantidad], [Fecha]) VALUES (1204, 36, 3, 1, CAST(N'2021-05-24' AS Date))
INSERT [dbo].[Predicciones] ([PrediccionId], [ProductoId], [Semana], [Cantidad], [Fecha]) VALUES (1205, 37, 1, 1, CAST(N'2021-05-24' AS Date))
INSERT [dbo].[Predicciones] ([PrediccionId], [ProductoId], [Semana], [Cantidad], [Fecha]) VALUES (1206, 37, 2, 0, CAST(N'2021-05-24' AS Date))
INSERT [dbo].[Predicciones] ([PrediccionId], [ProductoId], [Semana], [Cantidad], [Fecha]) VALUES (1207, 37, 3, 2, CAST(N'2021-05-24' AS Date))
INSERT [dbo].[Predicciones] ([PrediccionId], [ProductoId], [Semana], [Cantidad], [Fecha]) VALUES (1208, 82, 1, 2, CAST(N'2021-05-24' AS Date))
INSERT [dbo].[Predicciones] ([PrediccionId], [ProductoId], [Semana], [Cantidad], [Fecha]) VALUES (1209, 82, 2, 2, CAST(N'2021-05-24' AS Date))
INSERT [dbo].[Predicciones] ([PrediccionId], [ProductoId], [Semana], [Cantidad], [Fecha]) VALUES (1210, 82, 3, 2, CAST(N'2021-05-24' AS Date))
SET IDENTITY_INSERT [dbo].[Predicciones] OFF
GO
SET IDENTITY_INSERT [dbo].[Productos] ON 

INSERT [dbo].[Productos] ([ProductoId], [Codigo], [Nombre], [Presentacion], [Stock], [P], [D], [Q]) VALUES (1, N'303810', N'RAC 10', N'Cajas x 20 unidades', 300, 4, 0, 1)
INSERT [dbo].[Productos] ([ProductoId], [Codigo], [Nombre], [Presentacion], [Stock], [P], [D], [Q]) VALUES (2, N'303812', N'RAC 12', N'Cajas x 10 unidades', 490, 4, 0, 1)
INSERT [dbo].[Productos] ([ProductoId], [Codigo], [Nombre], [Presentacion], [Stock], [P], [D], [Q]) VALUES (3, N'303814', N'RAC 14', N'Cajas x 10 unidades', 327, 4, 0, 3)
INSERT [dbo].[Productos] ([ProductoId], [Codigo], [Nombre], [Presentacion], [Stock], [P], [D], [Q]) VALUES (4, N'303820', N'RAC 20', N'Cajas x 10 unidades', 359, 4, 0, 1)
INSERT [dbo].[Productos] ([ProductoId], [Codigo], [Nombre], [Presentacion], [Stock], [P], [D], [Q]) VALUES (5, N'303825', N'RAC 25', N'Cajas x 10 unidades', 167, 1, 0, 0)
INSERT [dbo].[Productos] ([ProductoId], [Codigo], [Nombre], [Presentacion], [Stock], [P], [D], [Q]) VALUES (6, N'303835', N'RAC 35', N'Cajas x 10 unidades', 59, 4, 0, 2)
INSERT [dbo].[Productos] ([ProductoId], [Codigo], [Nombre], [Presentacion], [Stock], [P], [D], [Q]) VALUES (7, N'303840', N'RAC 40', N'Cajas x 10 unidades', 89, 4, 0, 1)
INSERT [dbo].[Productos] ([ProductoId], [Codigo], [Nombre], [Presentacion], [Stock], [P], [D], [Q]) VALUES (8, N'303842', N'RAC 42', N'Cajas x 10 unidades', 0, 1, 0, 0)
INSERT [dbo].[Productos] ([ProductoId], [Codigo], [Nombre], [Presentacion], [Stock], [P], [D], [Q]) VALUES (9, N'303844', N'RAC 44', N'Cajas x 10 unidades', 7, 1, 0, 0)
INSERT [dbo].[Productos] ([ProductoId], [Codigo], [Nombre], [Presentacion], [Stock], [P], [D], [Q]) VALUES (10, N'303845', N'RAC 45', N'Cajas x 2 unidades', 107, 2, 0, 1)
INSERT [dbo].[Productos] ([ProductoId], [Codigo], [Nombre], [Presentacion], [Stock], [P], [D], [Q]) VALUES (11, N'400212', N'ANTIQUIEBRA', N'Cajas x 14 unidades', 1, 4, 0, 2)
INSERT [dbo].[Productos] ([ProductoId], [Codigo], [Nombre], [Presentacion], [Stock], [P], [D], [Q]) VALUES (12, N'401608', N'CORDON', N'Cajas x 2 unidades', 0, 4, 0, 2)
INSERT [dbo].[Productos] ([ProductoId], [Codigo], [Nombre], [Presentacion], [Stock], [P], [D], [Q]) VALUES (13, N'402351', N'MB AC 220', N'Cajas x 1 unidad', 0, 3, 0, 1)
INSERT [dbo].[Productos] ([ProductoId], [Codigo], [Nombre], [Presentacion], [Stock], [P], [D], [Q]) VALUES (14, N'402352', N'MB AC 230', N'Cajas x 1 unidad', 0, 2, 0, 1)
INSERT [dbo].[Productos] ([ProductoId], [Codigo], [Nombre], [Presentacion], [Stock], [P], [D], [Q]) VALUES (15, N'402353', N'MB AC 240', N'Cajas x 1 unidad', 0, 1, 0, 1)
INSERT [dbo].[Productos] ([ProductoId], [Codigo], [Nombre], [Presentacion], [Stock], [P], [D], [Q]) VALUES (16, N'402356', N'MB AC 250', N'Cajas x 1 unidad', 0, 4, 0, 1)
INSERT [dbo].[Productos] ([ProductoId], [Codigo], [Nombre], [Presentacion], [Stock], [P], [D], [Q]) VALUES (17, N'402358', N'MB AC 265', N'Cajas x 1 unidad', 9, 4, 0, 1)
INSERT [dbo].[Productos] ([ProductoId], [Codigo], [Nombre], [Presentacion], [Stock], [P], [D], [Q]) VALUES (18, N'475204', N'FLUX', N'Baldes', 0, 2, 0, 1)
INSERT [dbo].[Productos] ([ProductoId], [Codigo], [Nombre], [Presentacion], [Stock], [P], [D], [Q]) VALUES (19, N'N403125', N'RDY 230', N'Rollos', 0, 3, 0, 1)
INSERT [dbo].[Productos] ([ProductoId], [Codigo], [Nombre], [Presentacion], [Stock], [P], [D], [Q]) VALUES (20, N'N403136', N'REL 240', N'Rollos', 0, 3, 0, 1)
INSERT [dbo].[Productos] ([ProductoId], [Codigo], [Nombre], [Presentacion], [Stock], [P], [D], [Q]) VALUES (21, N'N403143', N'REL B 220', N'Rollos', 0, NULL, NULL, NULL)
INSERT [dbo].[Productos] ([ProductoId], [Codigo], [Nombre], [Presentacion], [Stock], [P], [D], [Q]) VALUES (22, N'N403144', N'REL B 230', N'Rollos', 0, 1, 0, 0)
INSERT [dbo].[Productos] ([ProductoId], [Codigo], [Nombre], [Presentacion], [Stock], [P], [D], [Q]) VALUES (23, N'N403195', N'RZY 219', N'Rollos', 0, 3, 0, 1)
INSERT [dbo].[Productos] ([ProductoId], [Codigo], [Nombre], [Presentacion], [Stock], [P], [D], [Q]) VALUES (24, N'N403196', N'RZY 225', N'Rollos', 0, 4, 0, 1)
INSERT [dbo].[Productos] ([ProductoId], [Codigo], [Nombre], [Presentacion], [Stock], [P], [D], [Q]) VALUES (25, N'N403197', N'RZY 235', N'Rollos', 0, 4, 0, 4)
INSERT [dbo].[Productos] ([ProductoId], [Codigo], [Nombre], [Presentacion], [Stock], [P], [D], [Q]) VALUES (26, N'N403410', N'RZL 115L 226', N'Rollos', 0, 4, 0, 4)
INSERT [dbo].[Productos] ([ProductoId], [Codigo], [Nombre], [Presentacion], [Stock], [P], [D], [Q]) VALUES (27, N'N403411', N'RZL 115L 234', N'Rollos', 0, 3, 0, 1)
INSERT [dbo].[Productos] ([ProductoId], [Codigo], [Nombre], [Presentacion], [Stock], [P], [D], [Q]) VALUES (28, N'N403412', N'RZL 115L 242', N'Rollos', 0, 2, 0, 1)
INSERT [dbo].[Productos] ([ProductoId], [Codigo], [Nombre], [Presentacion], [Stock], [P], [D], [Q]) VALUES (29, N'N403413', N'RZL 115L 250', N'Rollos', 0, NULL, NULL, NULL)
INSERT [dbo].[Productos] ([ProductoId], [Codigo], [Nombre], [Presentacion], [Stock], [P], [D], [Q]) VALUES (30, N'303846', N'RAC 46', N'Cajas x 5 unidades', 219, 2, 0, 0)
INSERT [dbo].[Productos] ([ProductoId], [Codigo], [Nombre], [Presentacion], [Stock], [P], [D], [Q]) VALUES (32, N'303918', N'VF08', N'Cajas x 50 unidades', 1535, 2, 0, 0)
INSERT [dbo].[Productos] ([ProductoId], [Codigo], [Nombre], [Presentacion], [Stock], [P], [D], [Q]) VALUES (33, N'N403135', N'REL 230', N'Rollos', 0, 4, 0, 3)
INSERT [dbo].[Productos] ([ProductoId], [Codigo], [Nombre], [Presentacion], [Stock], [P], [D], [Q]) VALUES (34, N'303822', N'RAC 22', N'Cajas x 10 unidades', 0, 4, 0, 3)
INSERT [dbo].[Productos] ([ProductoId], [Codigo], [Nombre], [Presentacion], [Stock], [P], [D], [Q]) VALUES (35, N'303824', N'RAC 24', N'Cajas x 10 unidades', 348, NULL, NULL, NULL)
INSERT [dbo].[Productos] ([ProductoId], [Codigo], [Nombre], [Presentacion], [Stock], [P], [D], [Q]) VALUES (36, N'303904', N'VD 04', N'Cajas x 10 unidades', 1049, 2, 0, 2)
INSERT [dbo].[Productos] ([ProductoId], [Codigo], [Nombre], [Presentacion], [Stock], [P], [D], [Q]) VALUES (37, N'303906', N'VD 06', N'Cajas x 10 unidades', 235, 4, 0, 2)
INSERT [dbo].[Productos] ([ProductoId], [Codigo], [Nombre], [Presentacion], [Stock], [P], [D], [Q]) VALUES (38, N'303908', N'VD 08', N'Cajas x 5 unidades', 5, NULL, NULL, NULL)
INSERT [dbo].[Productos] ([ProductoId], [Codigo], [Nombre], [Presentacion], [Stock], [P], [D], [Q]) VALUES (39, N'391221', N'SACO DE AIRE 1000X20', N'Cajas x 2 unidades', 2, NULL, NULL, NULL)
INSERT [dbo].[Productos] ([ProductoId], [Codigo], [Nombre], [Presentacion], [Stock], [P], [D], [Q]) VALUES (40, N'391501', N'REPARO ENVELOPE - INNLOPE Y SACO', N'Piezas', 1, NULL, NULL, NULL)
INSERT [dbo].[Productos] ([ProductoId], [Codigo], [Nombre], [Presentacion], [Stock], [P], [D], [Q]) VALUES (41, N'400895ME', N'CALANDRO 750 X 3,5', N'Cajas x 2 unidades', 7, NULL, NULL, NULL)
INSERT [dbo].[Productos] ([ProductoId], [Codigo], [Nombre], [Presentacion], [Stock], [P], [D], [Q]) VALUES (42, N'402348', N'MB AC 190', N'Cajas x 1 unidad', 1, NULL, NULL, NULL)
INSERT [dbo].[Productos] ([ProductoId], [Codigo], [Nombre], [Presentacion], [Stock], [P], [D], [Q]) VALUES (43, N'409001KME', N'TELA CORD VIPAL 10KG', N'Rollos', 0, NULL, NULL, NULL)
INSERT [dbo].[Productos] ([ProductoId], [Codigo], [Nombre], [Presentacion], [Stock], [P], [D], [Q]) VALUES (44, N'440218', N'VP410 210', N'Rollos', 0, NULL, NULL, NULL)
INSERT [dbo].[Productos] ([ProductoId], [Codigo], [Nombre], [Presentacion], [Stock], [P], [D], [Q]) VALUES (45, N'440219', N'VP410 220', N'Rollos', 0, NULL, NULL, NULL)
INSERT [dbo].[Productos] ([ProductoId], [Codigo], [Nombre], [Presentacion], [Stock], [P], [D], [Q]) VALUES (46, N'440223', N'VP410 180', N'Rollos', 0, NULL, NULL, NULL)
INSERT [dbo].[Productos] ([ProductoId], [Codigo], [Nombre], [Presentacion], [Stock], [P], [D], [Q]) VALUES (47, N'444100', N'VL 700 E45', N'Rollos', 0, NULL, NULL, NULL)
INSERT [dbo].[Productos] ([ProductoId], [Codigo], [Nombre], [Presentacion], [Stock], [P], [D], [Q]) VALUES (48, N'450111', N'CAMELBACK EN TIRAS 60X7mm', N'Cajas x 2 unidades', 5, NULL, NULL, NULL)
INSERT [dbo].[Productos] ([ProductoId], [Codigo], [Nombre], [Presentacion], [Stock], [P], [D], [Q]) VALUES (49, N'461282', N'SV 01E SELLADOR', N'Latas', 27, NULL, NULL, NULL)
INSERT [dbo].[Productos] ([ProductoId], [Codigo], [Nombre], [Presentacion], [Stock], [P], [D], [Q]) VALUES (50, N'470013', N'CV 00', N'Latas', 159, NULL, NULL, NULL)
INSERT [dbo].[Productos] ([ProductoId], [Codigo], [Nombre], [Presentacion], [Stock], [P], [D], [Q]) VALUES (51, N'476003', N'PINTURA PARA NEUMATICOS', N'Baldes', 1, NULL, NULL, NULL)
INSERT [dbo].[Productos] ([ProductoId], [Codigo], [Nombre], [Presentacion], [Stock], [P], [D], [Q]) VALUES (52, N'490002', N'TIZA DE CERA BLANCA', N'Cajas x 12 unidades', 48, NULL, NULL, NULL)
INSERT [dbo].[Productos] ([ProductoId], [Codigo], [Nombre], [Presentacion], [Stock], [P], [D], [Q]) VALUES (53, N'507035', N'ENVELOPE VOS 1150X715', N'Cajas x 2 unidades', 2, NULL, NULL, NULL)
INSERT [dbo].[Productos] ([ProductoId], [Codigo], [Nombre], [Presentacion], [Stock], [P], [D], [Q]) VALUES (54, N'507036', N'ENVELOPE VOS 1040X700', N'Cajas x 2 unidades', 2, NULL, NULL, NULL)
INSERT [dbo].[Productos] ([ProductoId], [Codigo], [Nombre], [Presentacion], [Stock], [P], [D], [Q]) VALUES (55, N'509501', N'POLYFILM', N'Rollos', 0, NULL, NULL, NULL)
INSERT [dbo].[Productos] ([ProductoId], [Codigo], [Nombre], [Presentacion], [Stock], [P], [D], [Q]) VALUES (56, N'N403104', N'RCT 65 180', N'Rollos', 0, NULL, NULL, NULL)
INSERT [dbo].[Productos] ([ProductoId], [Codigo], [Nombre], [Presentacion], [Stock], [P], [D], [Q]) VALUES (57, N'N403107', N'RCT 65 210', N'Rollos', 0, NULL, NULL, NULL)
INSERT [dbo].[Productos] ([ProductoId], [Codigo], [Nombre], [Presentacion], [Stock], [P], [D], [Q]) VALUES (58, N'N403116', N'RDE 250', N'Rollos', 0, NULL, NULL, NULL)
INSERT [dbo].[Productos] ([ProductoId], [Codigo], [Nombre], [Presentacion], [Stock], [P], [D], [Q]) VALUES (59, N'N403117', N'RDE 260', N'Rollos', 0, NULL, NULL, NULL)
INSERT [dbo].[Productos] ([ProductoId], [Codigo], [Nombre], [Presentacion], [Stock], [P], [D], [Q]) VALUES (60, N'N403120', N'RDT 158', N'Rollos', 0, NULL, NULL, NULL)
INSERT [dbo].[Productos] ([ProductoId], [Codigo], [Nombre], [Presentacion], [Stock], [P], [D], [Q]) VALUES (61, N'N403122', N'RDT 194', N'Rollos', 0, NULL, NULL, NULL)
INSERT [dbo].[Productos] ([ProductoId], [Codigo], [Nombre], [Presentacion], [Stock], [P], [D], [Q]) VALUES (62, N'N403124', N'RDY 220', N'Rollos', 0, NULL, NULL, NULL)
INSERT [dbo].[Productos] ([ProductoId], [Codigo], [Nombre], [Presentacion], [Stock], [P], [D], [Q]) VALUES (63, N'N403127', N'RDY 250', N'Rollos', 0, NULL, NULL, NULL)
INSERT [dbo].[Productos] ([ProductoId], [Codigo], [Nombre], [Presentacion], [Stock], [P], [D], [Q]) VALUES (64, N'N403137', N'REL 250', N'Rollos', 0, NULL, NULL, NULL)
INSERT [dbo].[Productos] ([ProductoId], [Codigo], [Nombre], [Presentacion], [Stock], [P], [D], [Q]) VALUES (65, N'N403138', N'REL 260', N'Rollos', 0, NULL, NULL, NULL)
INSERT [dbo].[Productos] ([ProductoId], [Codigo], [Nombre], [Presentacion], [Stock], [P], [D], [Q]) VALUES (66, N'N403139', N'REL 270', N'Rollos', 0, NULL, NULL, NULL)
INSERT [dbo].[Productos] ([ProductoId], [Codigo], [Nombre], [Presentacion], [Stock], [P], [D], [Q]) VALUES (67, N'N403145', N'REL B 240', N'Rollos', 0, NULL, NULL, NULL)
INSERT [dbo].[Productos] ([ProductoId], [Codigo], [Nombre], [Presentacion], [Stock], [P], [D], [Q]) VALUES (68, N'N403146', N'REL B 250', N'Rollos', 0, NULL, NULL, NULL)
INSERT [dbo].[Productos] ([ProductoId], [Codigo], [Nombre], [Presentacion], [Stock], [P], [D], [Q]) VALUES (69, N'N403181', N'RZH 240', N'Rollos', 0, NULL, NULL, NULL)
INSERT [dbo].[Productos] ([ProductoId], [Codigo], [Nombre], [Presentacion], [Stock], [P], [D], [Q]) VALUES (70, N'N403182', N'RZH 260', N'Rollos', 0, NULL, NULL, NULL)
INSERT [dbo].[Productos] ([ProductoId], [Codigo], [Nombre], [Presentacion], [Stock], [P], [D], [Q]) VALUES (71, N'N403198', N'RZY 250', N'Rollos', 0, NULL, NULL, NULL)
INSERT [dbo].[Productos] ([ProductoId], [Codigo], [Nombre], [Presentacion], [Stock], [P], [D], [Q]) VALUES (72, N'N403258', N'RDA 235', N'Rollos', 0, NULL, NULL, NULL)
INSERT [dbo].[Productos] ([ProductoId], [Codigo], [Nombre], [Presentacion], [Stock], [P], [D], [Q]) VALUES (73, N'N403269', N'RLL 241', N'Rollos', 0, NULL, NULL, NULL)
INSERT [dbo].[Productos] ([ProductoId], [Codigo], [Nombre], [Presentacion], [Stock], [P], [D], [Q]) VALUES (74, N'N403271', N'RLL 235', N'Rollos', 0, NULL, NULL, NULL)
INSERT [dbo].[Productos] ([ProductoId], [Codigo], [Nombre], [Presentacion], [Stock], [P], [D], [Q]) VALUES (75, N'N403338', N'RCT 65 230', N'Rollos', 0, NULL, NULL, NULL)
INSERT [dbo].[Productos] ([ProductoId], [Codigo], [Nombre], [Presentacion], [Stock], [P], [D], [Q]) VALUES (76, N'N403339', N'RCT 65 230 D', N'Rollos', 0, NULL, NULL, NULL)
INSERT [dbo].[Productos] ([ProductoId], [Codigo], [Nombre], [Presentacion], [Stock], [P], [D], [Q]) VALUES (77, N'N403343', N'RZT50L 160', N'Rollos', 0, NULL, NULL, NULL)
INSERT [dbo].[Productos] ([ProductoId], [Codigo], [Nombre], [Presentacion], [Stock], [P], [D], [Q]) VALUES (78, N'N403352', N'RHW 200', N'Rollos', 0, NULL, NULL, NULL)
INSERT [dbo].[Productos] ([ProductoId], [Codigo], [Nombre], [Presentacion], [Stock], [P], [D], [Q]) VALUES (79, N'N403414', N'RZL 115L 258', N'Rollos', 0, NULL, NULL, NULL)
INSERT [dbo].[Productos] ([ProductoId], [Codigo], [Nombre], [Presentacion], [Stock], [P], [D], [Q]) VALUES (81, N'303826', N'RAC26', N'Cajas x 20 unidades', 0, NULL, NULL, NULL)
INSERT [dbo].[Productos] ([ProductoId], [Codigo], [Nombre], [Presentacion], [Stock], [P], [D], [Q]) VALUES (82, N'303902', N'VD02', N'Cajas x 20 unidades', 0, 2, 0, 1)
INSERT [dbo].[Productos] ([ProductoId], [Codigo], [Nombre], [Presentacion], [Stock], [P], [D], [Q]) VALUES (83, N'303903', N'VD03', N'Cajas x 10 unidades', 1920, NULL, NULL, NULL)
INSERT [dbo].[Productos] ([ProductoId], [Codigo], [Nombre], [Presentacion], [Stock], [P], [D], [Q]) VALUES (84, N'303905', N'VD05', N'Cajas x 10 unidades', 0, NULL, NULL, NULL)
INSERT [dbo].[Productos] ([ProductoId], [Codigo], [Nombre], [Presentacion], [Stock], [P], [D], [Q]) VALUES (85, N'303907', N'VD07', N'Cajas x 10 unidades', 0, NULL, NULL, NULL)
INSERT [dbo].[Productos] ([ProductoId], [Codigo], [Nombre], [Presentacion], [Stock], [P], [D], [Q]) VALUES (86, N'303916', N'VF06', N'Cajas x 50 unidades', 0, NULL, NULL, NULL)
INSERT [dbo].[Productos] ([ProductoId], [Codigo], [Nombre], [Presentacion], [Stock], [P], [D], [Q]) VALUES (87, N'345102', N'R02', N'Cajas x 40 unidades', 0, NULL, NULL, NULL)
INSERT [dbo].[Productos] ([ProductoId], [Codigo], [Nombre], [Presentacion], [Stock], [P], [D], [Q]) VALUES (88, N'440216', N'VP 410 180', N'Rollos', 0, NULL, NULL, NULL)
INSERT [dbo].[Productos] ([ProductoId], [Codigo], [Nombre], [Presentacion], [Stock], [P], [D], [Q]) VALUES (89, N'440217', N'VP 410 190', N'Rollos', 0, NULL, NULL, NULL)
INSERT [dbo].[Productos] ([ProductoId], [Codigo], [Nombre], [Presentacion], [Stock], [P], [D], [Q]) VALUES (90, N'440438', N'VJ 900 200', N'Rollos', 0, NULL, NULL, NULL)
INSERT [dbo].[Productos] ([ProductoId], [Codigo], [Nombre], [Presentacion], [Stock], [P], [D], [Q]) VALUES (91, N'444101', N'VL 700 E65', N'Rollos', 0, NULL, NULL, NULL)
INSERT [dbo].[Productos] ([ProductoId], [Codigo], [Nombre], [Presentacion], [Stock], [P], [D], [Q]) VALUES (92, N'N403115', N'RDE 240', N'Rollos', 0, NULL, NULL, NULL)
INSERT [dbo].[Productos] ([ProductoId], [Codigo], [Nombre], [Presentacion], [Stock], [P], [D], [Q]) VALUES (93, N'N403142', N'REL B 210', N'Rollos', 0, NULL, NULL, NULL)
INSERT [dbo].[Productos] ([ProductoId], [Codigo], [Nombre], [Presentacion], [Stock], [P], [D], [Q]) VALUES (94, N'N403174', N'RZAB 295', N'Rollos', 0, NULL, NULL, NULL)
INSERT [dbo].[Productos] ([ProductoId], [Codigo], [Nombre], [Presentacion], [Stock], [P], [D], [Q]) VALUES (95, N'N403264', N'RDA 250', N'Rollos', 0, NULL, NULL, NULL)
INSERT [dbo].[Productos] ([ProductoId], [Codigo], [Nombre], [Presentacion], [Stock], [P], [D], [Q]) VALUES (96, N'N403281', N'RDA 260', N'Rollos', 0, NULL, NULL, NULL)
INSERT [dbo].[Productos] ([ProductoId], [Codigo], [Nombre], [Presentacion], [Stock], [P], [D], [Q]) VALUES (98, N'N403348', N'RHW 138', N'Rollos', 0, NULL, NULL, NULL)
INSERT [dbo].[Productos] ([ProductoId], [Codigo], [Nombre], [Presentacion], [Stock], [P], [D], [Q]) VALUES (101, N'pppppppppp', N'pppp', N'ppppp', 1, NULL, NULL, NULL)
INSERT [dbo].[Productos] ([ProductoId], [Codigo], [Nombre], [Presentacion], [Stock], [P], [D], [Q]) VALUES (102, N'Articulo de prueba', N'N177897', N'Caja x 1 unidad', 10, NULL, NULL, NULL)
INSERT [dbo].[Productos] ([ProductoId], [Codigo], [Nombre], [Presentacion], [Stock], [P], [D], [Q]) VALUES (103, N'N177897', N'Articulo de prueba modificado', N'Caja x 1 unidad', 10, NULL, NULL, NULL)
SET IDENTITY_INSERT [dbo].[Productos] OFF
GO
SET IDENTITY_INSERT [dbo].[Salidas] ON 

INSERT [dbo].[Salidas] ([SalidaId], [ProductoId], [Fecha], [Cantidad]) VALUES (1, 82, CAST(N'2020-08-04' AS Date), 8)
INSERT [dbo].[Salidas] ([SalidaId], [ProductoId], [Fecha], [Cantidad]) VALUES (2, 83, CAST(N'2020-08-01' AS Date), 1)
INSERT [dbo].[Salidas] ([SalidaId], [ProductoId], [Fecha], [Cantidad]) VALUES (3, 33, CAST(N'2020-08-01' AS Date), 3)
INSERT [dbo].[Salidas] ([SalidaId], [ProductoId], [Fecha], [Cantidad]) VALUES (4, 8, CAST(N'2020-08-07' AS Date), 1)
INSERT [dbo].[Salidas] ([SalidaId], [ProductoId], [Fecha], [Cantidad]) VALUES (5, 60, CAST(N'2020-08-01' AS Date), 3)
INSERT [dbo].[Salidas] ([SalidaId], [ProductoId], [Fecha], [Cantidad]) VALUES (6, 3, CAST(N'2020-08-04' AS Date), 1)
INSERT [dbo].[Salidas] ([SalidaId], [ProductoId], [Fecha], [Cantidad]) VALUES (7, 24, CAST(N'2020-08-06' AS Date), 3)
INSERT [dbo].[Salidas] ([SalidaId], [ProductoId], [Fecha], [Cantidad]) VALUES (8, 42, CAST(N'2020-08-01' AS Date), 1)
INSERT [dbo].[Salidas] ([SalidaId], [ProductoId], [Fecha], [Cantidad]) VALUES (9, 18, CAST(N'2020-08-03' AS Date), 1)
INSERT [dbo].[Salidas] ([SalidaId], [ProductoId], [Fecha], [Cantidad]) VALUES (10, 63, CAST(N'2020-08-03' AS Date), 3)
INSERT [dbo].[Salidas] ([SalidaId], [ProductoId], [Fecha], [Cantidad]) VALUES (11, 16, CAST(N'2020-08-03' AS Date), 1)
INSERT [dbo].[Salidas] ([SalidaId], [ProductoId], [Fecha], [Cantidad]) VALUES (12, 11, CAST(N'2020-08-03' AS Date), 2)
INSERT [dbo].[Salidas] ([SalidaId], [ProductoId], [Fecha], [Cantidad]) VALUES (13, 17, CAST(N'2020-08-03' AS Date), 1)
INSERT [dbo].[Salidas] ([SalidaId], [ProductoId], [Fecha], [Cantidad]) VALUES (14, 14, CAST(N'2020-08-03' AS Date), 1)
INSERT [dbo].[Salidas] ([SalidaId], [ProductoId], [Fecha], [Cantidad]) VALUES (15, 6, CAST(N'2020-08-03' AS Date), 1)
INSERT [dbo].[Salidas] ([SalidaId], [ProductoId], [Fecha], [Cantidad]) VALUES (16, 62, CAST(N'2020-08-03' AS Date), 3)
INSERT [dbo].[Salidas] ([SalidaId], [ProductoId], [Fecha], [Cantidad]) VALUES (17, 63, CAST(N'2020-08-03' AS Date), 3)
INSERT [dbo].[Salidas] ([SalidaId], [ProductoId], [Fecha], [Cantidad]) VALUES (18, 82, CAST(N'2020-08-03' AS Date), 1)
INSERT [dbo].[Salidas] ([SalidaId], [ProductoId], [Fecha], [Cantidad]) VALUES (19, 20, CAST(N'2020-08-03' AS Date), 3)
INSERT [dbo].[Salidas] ([SalidaId], [ProductoId], [Fecha], [Cantidad]) VALUES (20, 25, CAST(N'2020-08-03' AS Date), 3)
INSERT [dbo].[Salidas] ([SalidaId], [ProductoId], [Fecha], [Cantidad]) VALUES (21, 73, CAST(N'2020-08-03' AS Date), 3)
INSERT [dbo].[Salidas] ([SalidaId], [ProductoId], [Fecha], [Cantidad]) VALUES (22, 1, CAST(N'2020-08-03' AS Date), 3)
INSERT [dbo].[Salidas] ([SalidaId], [ProductoId], [Fecha], [Cantidad]) VALUES (23, 15, CAST(N'2020-09-08' AS Date), 1)
INSERT [dbo].[Salidas] ([SalidaId], [ProductoId], [Fecha], [Cantidad]) VALUES (24, 4, CAST(N'2020-08-03' AS Date), 2)
INSERT [dbo].[Salidas] ([SalidaId], [ProductoId], [Fecha], [Cantidad]) VALUES (25, 5, CAST(N'2020-08-03' AS Date), 1)
INSERT [dbo].[Salidas] ([SalidaId], [ProductoId], [Fecha], [Cantidad]) VALUES (26, 6, CAST(N'2020-08-03' AS Date), 1)
INSERT [dbo].[Salidas] ([SalidaId], [ProductoId], [Fecha], [Cantidad]) VALUES (27, 11, CAST(N'2020-08-04' AS Date), 2)
INSERT [dbo].[Salidas] ([SalidaId], [ProductoId], [Fecha], [Cantidad]) VALUES (28, 24, CAST(N'2020-08-04' AS Date), 6)
INSERT [dbo].[Salidas] ([SalidaId], [ProductoId], [Fecha], [Cantidad]) VALUES (29, 10, CAST(N'2020-08-04' AS Date), 4)
INSERT [dbo].[Salidas] ([SalidaId], [ProductoId], [Fecha], [Cantidad]) VALUES (30, 16, CAST(N'2020-08-04' AS Date), 1)
INSERT [dbo].[Salidas] ([SalidaId], [ProductoId], [Fecha], [Cantidad]) VALUES (31, 5, CAST(N'2020-08-04' AS Date), 2)
INSERT [dbo].[Salidas] ([SalidaId], [ProductoId], [Fecha], [Cantidad]) VALUES (32, 7, CAST(N'2020-08-04' AS Date), 1)
INSERT [dbo].[Salidas] ([SalidaId], [ProductoId], [Fecha], [Cantidad]) VALUES (33, 8, CAST(N'2020-08-04' AS Date), 1)
INSERT [dbo].[Salidas] ([SalidaId], [ProductoId], [Fecha], [Cantidad]) VALUES (34, 12, CAST(N'2020-08-04' AS Date), 1)
INSERT [dbo].[Salidas] ([SalidaId], [ProductoId], [Fecha], [Cantidad]) VALUES (35, 14, CAST(N'2020-08-04' AS Date), 1)
INSERT [dbo].[Salidas] ([SalidaId], [ProductoId], [Fecha], [Cantidad]) VALUES (36, 17, CAST(N'2020-09-08' AS Date), 1)
INSERT [dbo].[Salidas] ([SalidaId], [ProductoId], [Fecha], [Cantidad]) VALUES (37, 1, CAST(N'2020-08-04' AS Date), 1)
INSERT [dbo].[Salidas] ([SalidaId], [ProductoId], [Fecha], [Cantidad]) VALUES (38, 6, CAST(N'2020-08-05' AS Date), 1)
INSERT [dbo].[Salidas] ([SalidaId], [ProductoId], [Fecha], [Cantidad]) VALUES (39, 17, CAST(N'2020-09-10' AS Date), 1)
INSERT [dbo].[Salidas] ([SalidaId], [ProductoId], [Fecha], [Cantidad]) VALUES (40, 37, CAST(N'2020-08-05' AS Date), 1)
INSERT [dbo].[Salidas] ([SalidaId], [ProductoId], [Fecha], [Cantidad]) VALUES (41, 30, CAST(N'2020-08-05' AS Date), 1)
INSERT [dbo].[Salidas] ([SalidaId], [ProductoId], [Fecha], [Cantidad]) VALUES (42, 5, CAST(N'2020-08-05' AS Date), 1)
INSERT [dbo].[Salidas] ([SalidaId], [ProductoId], [Fecha], [Cantidad]) VALUES (43, 1, CAST(N'2020-08-05' AS Date), 5)
INSERT [dbo].[Salidas] ([SalidaId], [ProductoId], [Fecha], [Cantidad]) VALUES (44, 8, CAST(N'2020-08-05' AS Date), 1)
INSERT [dbo].[Salidas] ([SalidaId], [ProductoId], [Fecha], [Cantidad]) VALUES (45, 55, CAST(N'2020-08-31' AS Date), 1)
INSERT [dbo].[Salidas] ([SalidaId], [ProductoId], [Fecha], [Cantidad]) VALUES (46, 18, CAST(N'2020-08-05' AS Date), 1)
INSERT [dbo].[Salidas] ([SalidaId], [ProductoId], [Fecha], [Cantidad]) VALUES (47, 2, CAST(N'2020-08-05' AS Date), 1)
INSERT [dbo].[Salidas] ([SalidaId], [ProductoId], [Fecha], [Cantidad]) VALUES (48, 60, CAST(N'2020-08-05' AS Date), 3)
INSERT [dbo].[Salidas] ([SalidaId], [ProductoId], [Fecha], [Cantidad]) VALUES (49, 11, CAST(N'2020-08-05' AS Date), 1)
INSERT [dbo].[Salidas] ([SalidaId], [ProductoId], [Fecha], [Cantidad]) VALUES (50, 25, CAST(N'2020-08-05' AS Date), 3)
INSERT [dbo].[Salidas] ([SalidaId], [ProductoId], [Fecha], [Cantidad]) VALUES (51, 22, CAST(N'2020-08-06' AS Date), 3)
INSERT [dbo].[Salidas] ([SalidaId], [ProductoId], [Fecha], [Cantidad]) VALUES (52, 11, CAST(N'2020-08-06' AS Date), 2)
INSERT [dbo].[Salidas] ([SalidaId], [ProductoId], [Fecha], [Cantidad]) VALUES (53, 71, CAST(N'2020-08-06' AS Date), 3)
INSERT [dbo].[Salidas] ([SalidaId], [ProductoId], [Fecha], [Cantidad]) VALUES (54, 1, CAST(N'2020-08-06' AS Date), 1)
INSERT [dbo].[Salidas] ([SalidaId], [ProductoId], [Fecha], [Cantidad]) VALUES (55, 2, CAST(N'2020-08-06' AS Date), 1)
INSERT [dbo].[Salidas] ([SalidaId], [ProductoId], [Fecha], [Cantidad]) VALUES (56, 6, CAST(N'2020-08-06' AS Date), 1)
INSERT [dbo].[Salidas] ([SalidaId], [ProductoId], [Fecha], [Cantidad]) VALUES (57, 19, CAST(N'2020-08-06' AS Date), 3)
INSERT [dbo].[Salidas] ([SalidaId], [ProductoId], [Fecha], [Cantidad]) VALUES (58, 14, CAST(N'2020-08-06' AS Date), 1)
INSERT [dbo].[Salidas] ([SalidaId], [ProductoId], [Fecha], [Cantidad]) VALUES (59, 8, CAST(N'2020-08-06' AS Date), 1)
INSERT [dbo].[Salidas] ([SalidaId], [ProductoId], [Fecha], [Cantidad]) VALUES (60, 3, CAST(N'2020-08-06' AS Date), 1)
INSERT [dbo].[Salidas] ([SalidaId], [ProductoId], [Fecha], [Cantidad]) VALUES (61, 63, CAST(N'2020-08-10' AS Date), 3)
INSERT [dbo].[Salidas] ([SalidaId], [ProductoId], [Fecha], [Cantidad]) VALUES (62, 10, CAST(N'2020-08-10' AS Date), 1)
INSERT [dbo].[Salidas] ([SalidaId], [ProductoId], [Fecha], [Cantidad]) VALUES (63, 4, CAST(N'2020-08-10' AS Date), 1)
INSERT [dbo].[Salidas] ([SalidaId], [ProductoId], [Fecha], [Cantidad]) VALUES (64, 30, CAST(N'2020-08-10' AS Date), 2)
INSERT [dbo].[Salidas] ([SalidaId], [ProductoId], [Fecha], [Cantidad]) VALUES (65, 16, CAST(N'2020-08-10' AS Date), 1)
INSERT [dbo].[Salidas] ([SalidaId], [ProductoId], [Fecha], [Cantidad]) VALUES (66, 87, CAST(N'2020-08-10' AS Date), 5)
INSERT [dbo].[Salidas] ([SalidaId], [ProductoId], [Fecha], [Cantidad]) VALUES (67, 1, CAST(N'2020-08-10' AS Date), 3)
INSERT [dbo].[Salidas] ([SalidaId], [ProductoId], [Fecha], [Cantidad]) VALUES (68, 49, CAST(N'2020-08-10' AS Date), 1)
INSERT [dbo].[Salidas] ([SalidaId], [ProductoId], [Fecha], [Cantidad]) VALUES (69, 68, CAST(N'2020-08-10' AS Date), 3)
INSERT [dbo].[Salidas] ([SalidaId], [ProductoId], [Fecha], [Cantidad]) VALUES (70, 11, CAST(N'2020-08-10' AS Date), 4)
INSERT [dbo].[Salidas] ([SalidaId], [ProductoId], [Fecha], [Cantidad]) VALUES (71, 63, CAST(N'2020-08-10' AS Date), 3)
INSERT [dbo].[Salidas] ([SalidaId], [ProductoId], [Fecha], [Cantidad]) VALUES (72, 69, CAST(N'2020-08-10' AS Date), 3)
INSERT [dbo].[Salidas] ([SalidaId], [ProductoId], [Fecha], [Cantidad]) VALUES (73, 18, CAST(N'2020-08-10' AS Date), 1)
INSERT [dbo].[Salidas] ([SalidaId], [ProductoId], [Fecha], [Cantidad]) VALUES (74, 7, CAST(N'2020-08-10' AS Date), 1)
INSERT [dbo].[Salidas] ([SalidaId], [ProductoId], [Fecha], [Cantidad]) VALUES (75, 6, CAST(N'2020-08-10' AS Date), 1)
INSERT [dbo].[Salidas] ([SalidaId], [ProductoId], [Fecha], [Cantidad]) VALUES (76, 15, CAST(N'2020-08-10' AS Date), 1)
INSERT [dbo].[Salidas] ([SalidaId], [ProductoId], [Fecha], [Cantidad]) VALUES (77, 7, CAST(N'2020-08-12' AS Date), 3)
INSERT [dbo].[Salidas] ([SalidaId], [ProductoId], [Fecha], [Cantidad]) VALUES (78, 20, CAST(N'2020-08-12' AS Date), 3)
INSERT [dbo].[Salidas] ([SalidaId], [ProductoId], [Fecha], [Cantidad]) VALUES (79, 26, CAST(N'2020-08-12' AS Date), 3)
INSERT [dbo].[Salidas] ([SalidaId], [ProductoId], [Fecha], [Cantidad]) VALUES (80, 3, CAST(N'2020-08-12' AS Date), 2)
INSERT [dbo].[Salidas] ([SalidaId], [ProductoId], [Fecha], [Cantidad]) VALUES (81, 22, CAST(N'2020-08-12' AS Date), 3)
INSERT [dbo].[Salidas] ([SalidaId], [ProductoId], [Fecha], [Cantidad]) VALUES (82, 11, CAST(N'2020-08-12' AS Date), 3)
INSERT [dbo].[Salidas] ([SalidaId], [ProductoId], [Fecha], [Cantidad]) VALUES (83, 16, CAST(N'2020-08-12' AS Date), 1)
INSERT [dbo].[Salidas] ([SalidaId], [ProductoId], [Fecha], [Cantidad]) VALUES (84, 25, CAST(N'2020-08-12' AS Date), 3)
INSERT [dbo].[Salidas] ([SalidaId], [ProductoId], [Fecha], [Cantidad]) VALUES (85, 1, CAST(N'2020-08-12' AS Date), 5)
INSERT [dbo].[Salidas] ([SalidaId], [ProductoId], [Fecha], [Cantidad]) VALUES (86, 18, CAST(N'2020-08-12' AS Date), 1)
INSERT [dbo].[Salidas] ([SalidaId], [ProductoId], [Fecha], [Cantidad]) VALUES (87, 62, CAST(N'2020-08-12' AS Date), 6)
INSERT [dbo].[Salidas] ([SalidaId], [ProductoId], [Fecha], [Cantidad]) VALUES (88, 15, CAST(N'2020-08-12' AS Date), 1)
INSERT [dbo].[Salidas] ([SalidaId], [ProductoId], [Fecha], [Cantidad]) VALUES (89, 2, CAST(N'2020-08-12' AS Date), 1)
INSERT [dbo].[Salidas] ([SalidaId], [ProductoId], [Fecha], [Cantidad]) VALUES (90, 1, CAST(N'2020-08-16' AS Date), 3)
INSERT [dbo].[Salidas] ([SalidaId], [ProductoId], [Fecha], [Cantidad]) VALUES (91, 9, CAST(N'2020-08-16' AS Date), 1)
INSERT [dbo].[Salidas] ([SalidaId], [ProductoId], [Fecha], [Cantidad]) VALUES (92, 3, CAST(N'2020-08-16' AS Date), 3)
INSERT [dbo].[Salidas] ([SalidaId], [ProductoId], [Fecha], [Cantidad]) VALUES (93, 11, CAST(N'2020-08-16' AS Date), 4)
INSERT [dbo].[Salidas] ([SalidaId], [ProductoId], [Fecha], [Cantidad]) VALUES (94, 35, CAST(N'2020-08-16' AS Date), 1)
INSERT [dbo].[Salidas] ([SalidaId], [ProductoId], [Fecha], [Cantidad]) VALUES (95, 2, CAST(N'2020-08-16' AS Date), 2)
INSERT [dbo].[Salidas] ([SalidaId], [ProductoId], [Fecha], [Cantidad]) VALUES (96, 7, CAST(N'2020-08-16' AS Date), 2)
INSERT [dbo].[Salidas] ([SalidaId], [ProductoId], [Fecha], [Cantidad]) VALUES (97, 65, CAST(N'2020-08-16' AS Date), 3)
INSERT [dbo].[Salidas] ([SalidaId], [ProductoId], [Fecha], [Cantidad]) VALUES (98, 13, CAST(N'2020-08-16' AS Date), 1)
INSERT [dbo].[Salidas] ([SalidaId], [ProductoId], [Fecha], [Cantidad]) VALUES (99, 8, CAST(N'2020-08-16' AS Date), 1)
GO
INSERT [dbo].[Salidas] ([SalidaId], [ProductoId], [Fecha], [Cantidad]) VALUES (100, 4, CAST(N'2020-08-16' AS Date), 1)
INSERT [dbo].[Salidas] ([SalidaId], [ProductoId], [Fecha], [Cantidad]) VALUES (101, 21, CAST(N'2020-08-16' AS Date), 3)
INSERT [dbo].[Salidas] ([SalidaId], [ProductoId], [Fecha], [Cantidad]) VALUES (102, 33, CAST(N'2020-08-16' AS Date), 3)
INSERT [dbo].[Salidas] ([SalidaId], [ProductoId], [Fecha], [Cantidad]) VALUES (103, 16, CAST(N'2020-08-16' AS Date), 1)
INSERT [dbo].[Salidas] ([SalidaId], [ProductoId], [Fecha], [Cantidad]) VALUES (104, 13, CAST(N'2020-08-17' AS Date), 1)
INSERT [dbo].[Salidas] ([SalidaId], [ProductoId], [Fecha], [Cantidad]) VALUES (105, 14, CAST(N'2020-08-17' AS Date), 2)
INSERT [dbo].[Salidas] ([SalidaId], [ProductoId], [Fecha], [Cantidad]) VALUES (106, 15, CAST(N'2020-08-17' AS Date), 1)
INSERT [dbo].[Salidas] ([SalidaId], [ProductoId], [Fecha], [Cantidad]) VALUES (107, 16, CAST(N'2020-08-17' AS Date), 1)
INSERT [dbo].[Salidas] ([SalidaId], [ProductoId], [Fecha], [Cantidad]) VALUES (108, 17, CAST(N'2020-08-17' AS Date), 1)
INSERT [dbo].[Salidas] ([SalidaId], [ProductoId], [Fecha], [Cantidad]) VALUES (109, 11, CAST(N'2020-08-17' AS Date), 5)
INSERT [dbo].[Salidas] ([SalidaId], [ProductoId], [Fecha], [Cantidad]) VALUES (110, 23, CAST(N'2020-08-17' AS Date), 3)
INSERT [dbo].[Salidas] ([SalidaId], [ProductoId], [Fecha], [Cantidad]) VALUES (111, 18, CAST(N'2020-08-17' AS Date), 1)
INSERT [dbo].[Salidas] ([SalidaId], [ProductoId], [Fecha], [Cantidad]) VALUES (112, 26, CAST(N'2020-08-17' AS Date), 3)
INSERT [dbo].[Salidas] ([SalidaId], [ProductoId], [Fecha], [Cantidad]) VALUES (113, 5, CAST(N'2020-08-17' AS Date), 1)
INSERT [dbo].[Salidas] ([SalidaId], [ProductoId], [Fecha], [Cantidad]) VALUES (114, 25, CAST(N'2020-08-17' AS Date), 3)
INSERT [dbo].[Salidas] ([SalidaId], [ProductoId], [Fecha], [Cantidad]) VALUES (115, 3, CAST(N'2020-08-17' AS Date), 3)
INSERT [dbo].[Salidas] ([SalidaId], [ProductoId], [Fecha], [Cantidad]) VALUES (116, 9, CAST(N'2020-08-17' AS Date), 1)
INSERT [dbo].[Salidas] ([SalidaId], [ProductoId], [Fecha], [Cantidad]) VALUES (117, 19, CAST(N'2020-08-17' AS Date), 3)
INSERT [dbo].[Salidas] ([SalidaId], [ProductoId], [Fecha], [Cantidad]) VALUES (118, 32, CAST(N'2020-08-17' AS Date), 3)
INSERT [dbo].[Salidas] ([SalidaId], [ProductoId], [Fecha], [Cantidad]) VALUES (119, 81, CAST(N'2020-08-17' AS Date), 1)
INSERT [dbo].[Salidas] ([SalidaId], [ProductoId], [Fecha], [Cantidad]) VALUES (120, 24, CAST(N'2020-08-17' AS Date), 3)
INSERT [dbo].[Salidas] ([SalidaId], [ProductoId], [Fecha], [Cantidad]) VALUES (121, 29, CAST(N'2020-08-17' AS Date), 3)
INSERT [dbo].[Salidas] ([SalidaId], [ProductoId], [Fecha], [Cantidad]) VALUES (122, 20, CAST(N'2020-08-17' AS Date), 3)
INSERT [dbo].[Salidas] ([SalidaId], [ProductoId], [Fecha], [Cantidad]) VALUES (123, 21, CAST(N'2020-08-17' AS Date), 5)
INSERT [dbo].[Salidas] ([SalidaId], [ProductoId], [Fecha], [Cantidad]) VALUES (124, 87, CAST(N'2020-08-17' AS Date), 3)
INSERT [dbo].[Salidas] ([SalidaId], [ProductoId], [Fecha], [Cantidad]) VALUES (125, 33, CAST(N'2020-08-19' AS Date), 3)
INSERT [dbo].[Salidas] ([SalidaId], [ProductoId], [Fecha], [Cantidad]) VALUES (126, 11, CAST(N'2020-08-19' AS Date), 3)
INSERT [dbo].[Salidas] ([SalidaId], [ProductoId], [Fecha], [Cantidad]) VALUES (127, 14, CAST(N'2020-08-19' AS Date), 1)
INSERT [dbo].[Salidas] ([SalidaId], [ProductoId], [Fecha], [Cantidad]) VALUES (128, 15, CAST(N'2020-08-19' AS Date), 1)
INSERT [dbo].[Salidas] ([SalidaId], [ProductoId], [Fecha], [Cantidad]) VALUES (129, 16, CAST(N'2020-08-19' AS Date), 1)
INSERT [dbo].[Salidas] ([SalidaId], [ProductoId], [Fecha], [Cantidad]) VALUES (130, 20, CAST(N'2020-08-19' AS Date), 3)
INSERT [dbo].[Salidas] ([SalidaId], [ProductoId], [Fecha], [Cantidad]) VALUES (131, 67, CAST(N'2020-08-19' AS Date), 3)
INSERT [dbo].[Salidas] ([SalidaId], [ProductoId], [Fecha], [Cantidad]) VALUES (132, 28, CAST(N'2020-08-19' AS Date), 3)
INSERT [dbo].[Salidas] ([SalidaId], [ProductoId], [Fecha], [Cantidad]) VALUES (133, 26, CAST(N'2020-08-19' AS Date), 3)
INSERT [dbo].[Salidas] ([SalidaId], [ProductoId], [Fecha], [Cantidad]) VALUES (134, 22, CAST(N'2020-08-19' AS Date), 3)
INSERT [dbo].[Salidas] ([SalidaId], [ProductoId], [Fecha], [Cantidad]) VALUES (135, 19, CAST(N'2020-08-19' AS Date), 3)
INSERT [dbo].[Salidas] ([SalidaId], [ProductoId], [Fecha], [Cantidad]) VALUES (136, 19, CAST(N'2020-08-19' AS Date), 3)
INSERT [dbo].[Salidas] ([SalidaId], [ProductoId], [Fecha], [Cantidad]) VALUES (137, 84, CAST(N'2020-08-19' AS Date), 1)
INSERT [dbo].[Salidas] ([SalidaId], [ProductoId], [Fecha], [Cantidad]) VALUES (138, 2, CAST(N'2020-08-19' AS Date), 1)
INSERT [dbo].[Salidas] ([SalidaId], [ProductoId], [Fecha], [Cantidad]) VALUES (139, 25, CAST(N'2020-08-19' AS Date), 3)
INSERT [dbo].[Salidas] ([SalidaId], [ProductoId], [Fecha], [Cantidad]) VALUES (140, 29, CAST(N'2020-08-19' AS Date), 3)
INSERT [dbo].[Salidas] ([SalidaId], [ProductoId], [Fecha], [Cantidad]) VALUES (141, 3, CAST(N'2020-08-19' AS Date), 2)
INSERT [dbo].[Salidas] ([SalidaId], [ProductoId], [Fecha], [Cantidad]) VALUES (142, 1, CAST(N'2020-08-19' AS Date), 1)
INSERT [dbo].[Salidas] ([SalidaId], [ProductoId], [Fecha], [Cantidad]) VALUES (143, 4, CAST(N'2020-08-19' AS Date), 1)
INSERT [dbo].[Salidas] ([SalidaId], [ProductoId], [Fecha], [Cantidad]) VALUES (144, 17, CAST(N'2020-08-19' AS Date), 1)
INSERT [dbo].[Salidas] ([SalidaId], [ProductoId], [Fecha], [Cantidad]) VALUES (145, 33, CAST(N'2020-08-19' AS Date), 3)
INSERT [dbo].[Salidas] ([SalidaId], [ProductoId], [Fecha], [Cantidad]) VALUES (146, 11, CAST(N'2020-08-19' AS Date), 2)
INSERT [dbo].[Salidas] ([SalidaId], [ProductoId], [Fecha], [Cantidad]) VALUES (147, 32, CAST(N'2020-08-19' AS Date), 3)
INSERT [dbo].[Salidas] ([SalidaId], [ProductoId], [Fecha], [Cantidad]) VALUES (148, 13, CAST(N'2020-08-19' AS Date), 1)
INSERT [dbo].[Salidas] ([SalidaId], [ProductoId], [Fecha], [Cantidad]) VALUES (149, 29, CAST(N'2020-08-20' AS Date), 3)
INSERT [dbo].[Salidas] ([SalidaId], [ProductoId], [Fecha], [Cantidad]) VALUES (150, 64, CAST(N'2020-08-20' AS Date), 6)
INSERT [dbo].[Salidas] ([SalidaId], [ProductoId], [Fecha], [Cantidad]) VALUES (151, 30, CAST(N'2020-08-20' AS Date), 1)
INSERT [dbo].[Salidas] ([SalidaId], [ProductoId], [Fecha], [Cantidad]) VALUES (152, 57, CAST(N'2020-08-04' AS Date), 3)
INSERT [dbo].[Salidas] ([SalidaId], [ProductoId], [Fecha], [Cantidad]) VALUES (153, 35, CAST(N'2020-08-20' AS Date), 3)
INSERT [dbo].[Salidas] ([SalidaId], [ProductoId], [Fecha], [Cantidad]) VALUES (154, 71, CAST(N'2020-08-20' AS Date), 3)
INSERT [dbo].[Salidas] ([SalidaId], [ProductoId], [Fecha], [Cantidad]) VALUES (155, 24, CAST(N'2020-08-20' AS Date), 3)
INSERT [dbo].[Salidas] ([SalidaId], [ProductoId], [Fecha], [Cantidad]) VALUES (156, 6, CAST(N'2020-08-20' AS Date), 1)
INSERT [dbo].[Salidas] ([SalidaId], [ProductoId], [Fecha], [Cantidad]) VALUES (157, 18, CAST(N'2020-08-20' AS Date), 1)
INSERT [dbo].[Salidas] ([SalidaId], [ProductoId], [Fecha], [Cantidad]) VALUES (158, 8, CAST(N'2020-08-20' AS Date), 2)
INSERT [dbo].[Salidas] ([SalidaId], [ProductoId], [Fecha], [Cantidad]) VALUES (159, 5, CAST(N'2020-08-20' AS Date), 1)
INSERT [dbo].[Salidas] ([SalidaId], [ProductoId], [Fecha], [Cantidad]) VALUES (160, 11, CAST(N'2020-08-20' AS Date), 2)
INSERT [dbo].[Salidas] ([SalidaId], [ProductoId], [Fecha], [Cantidad]) VALUES (161, 2, CAST(N'2020-08-20' AS Date), 3)
INSERT [dbo].[Salidas] ([SalidaId], [ProductoId], [Fecha], [Cantidad]) VALUES (162, 1, CAST(N'2020-08-20' AS Date), 1)
INSERT [dbo].[Salidas] ([SalidaId], [ProductoId], [Fecha], [Cantidad]) VALUES (163, 32, CAST(N'2020-08-20' AS Date), 2)
INSERT [dbo].[Salidas] ([SalidaId], [ProductoId], [Fecha], [Cantidad]) VALUES (164, 71, CAST(N'2020-08-05' AS Date), 3)
INSERT [dbo].[Salidas] ([SalidaId], [ProductoId], [Fecha], [Cantidad]) VALUES (165, 13, CAST(N'2020-08-20' AS Date), 2)
INSERT [dbo].[Salidas] ([SalidaId], [ProductoId], [Fecha], [Cantidad]) VALUES (166, 3, CAST(N'2020-08-20' AS Date), 1)
INSERT [dbo].[Salidas] ([SalidaId], [ProductoId], [Fecha], [Cantidad]) VALUES (167, 9, CAST(N'2020-08-20' AS Date), 1)
INSERT [dbo].[Salidas] ([SalidaId], [ProductoId], [Fecha], [Cantidad]) VALUES (168, 34, CAST(N'2020-08-20' AS Date), 1)
INSERT [dbo].[Salidas] ([SalidaId], [ProductoId], [Fecha], [Cantidad]) VALUES (169, 11, CAST(N'2020-08-24' AS Date), 2)
INSERT [dbo].[Salidas] ([SalidaId], [ProductoId], [Fecha], [Cantidad]) VALUES (170, 37, CAST(N'2020-08-24' AS Date), 1)
INSERT [dbo].[Salidas] ([SalidaId], [ProductoId], [Fecha], [Cantidad]) VALUES (171, 35, CAST(N'2020-08-24' AS Date), 1)
INSERT [dbo].[Salidas] ([SalidaId], [ProductoId], [Fecha], [Cantidad]) VALUES (172, 32, CAST(N'2020-08-24' AS Date), 2)
INSERT [dbo].[Salidas] ([SalidaId], [ProductoId], [Fecha], [Cantidad]) VALUES (173, 1, CAST(N'2020-08-24' AS Date), 7)
INSERT [dbo].[Salidas] ([SalidaId], [ProductoId], [Fecha], [Cantidad]) VALUES (174, 64, CAST(N'2020-08-24' AS Date), 3)
INSERT [dbo].[Salidas] ([SalidaId], [ProductoId], [Fecha], [Cantidad]) VALUES (175, 2, CAST(N'2020-08-24' AS Date), 3)
INSERT [dbo].[Salidas] ([SalidaId], [ProductoId], [Fecha], [Cantidad]) VALUES (176, 3, CAST(N'2020-08-24' AS Date), 2)
INSERT [dbo].[Salidas] ([SalidaId], [ProductoId], [Fecha], [Cantidad]) VALUES (177, 25, CAST(N'2020-08-24' AS Date), 3)
INSERT [dbo].[Salidas] ([SalidaId], [ProductoId], [Fecha], [Cantidad]) VALUES (178, 59, CAST(N'2020-08-24' AS Date), 3)
INSERT [dbo].[Salidas] ([SalidaId], [ProductoId], [Fecha], [Cantidad]) VALUES (179, 24, CAST(N'2020-08-24' AS Date), 3)
INSERT [dbo].[Salidas] ([SalidaId], [ProductoId], [Fecha], [Cantidad]) VALUES (180, 12, CAST(N'2020-08-24' AS Date), 1)
INSERT [dbo].[Salidas] ([SalidaId], [ProductoId], [Fecha], [Cantidad]) VALUES (181, 10, CAST(N'2020-08-24' AS Date), 1)
INSERT [dbo].[Salidas] ([SalidaId], [ProductoId], [Fecha], [Cantidad]) VALUES (182, 9, CAST(N'2020-08-24' AS Date), 1)
INSERT [dbo].[Salidas] ([SalidaId], [ProductoId], [Fecha], [Cantidad]) VALUES (183, 11, CAST(N'2020-08-24' AS Date), 2)
INSERT [dbo].[Salidas] ([SalidaId], [ProductoId], [Fecha], [Cantidad]) VALUES (184, 37, CAST(N'2020-08-24' AS Date), 1)
INSERT [dbo].[Salidas] ([SalidaId], [ProductoId], [Fecha], [Cantidad]) VALUES (185, 35, CAST(N'2020-08-24' AS Date), 1)
INSERT [dbo].[Salidas] ([SalidaId], [ProductoId], [Fecha], [Cantidad]) VALUES (186, 32, CAST(N'2020-08-24' AS Date), 2)
INSERT [dbo].[Salidas] ([SalidaId], [ProductoId], [Fecha], [Cantidad]) VALUES (187, 1, CAST(N'2020-08-24' AS Date), 7)
INSERT [dbo].[Salidas] ([SalidaId], [ProductoId], [Fecha], [Cantidad]) VALUES (188, 64, CAST(N'2020-08-24' AS Date), 3)
INSERT [dbo].[Salidas] ([SalidaId], [ProductoId], [Fecha], [Cantidad]) VALUES (189, 2, CAST(N'2020-08-24' AS Date), 3)
INSERT [dbo].[Salidas] ([SalidaId], [ProductoId], [Fecha], [Cantidad]) VALUES (190, 3, CAST(N'2020-08-24' AS Date), 2)
INSERT [dbo].[Salidas] ([SalidaId], [ProductoId], [Fecha], [Cantidad]) VALUES (191, 25, CAST(N'2020-08-24' AS Date), 3)
INSERT [dbo].[Salidas] ([SalidaId], [ProductoId], [Fecha], [Cantidad]) VALUES (192, 59, CAST(N'2020-08-24' AS Date), 3)
INSERT [dbo].[Salidas] ([SalidaId], [ProductoId], [Fecha], [Cantidad]) VALUES (193, 24, CAST(N'2020-08-24' AS Date), 3)
INSERT [dbo].[Salidas] ([SalidaId], [ProductoId], [Fecha], [Cantidad]) VALUES (194, 12, CAST(N'2020-08-24' AS Date), 1)
INSERT [dbo].[Salidas] ([SalidaId], [ProductoId], [Fecha], [Cantidad]) VALUES (195, 10, CAST(N'2020-08-24' AS Date), 1)
INSERT [dbo].[Salidas] ([SalidaId], [ProductoId], [Fecha], [Cantidad]) VALUES (196, 9, CAST(N'2020-08-24' AS Date), 1)
INSERT [dbo].[Salidas] ([SalidaId], [ProductoId], [Fecha], [Cantidad]) VALUES (197, 8, CAST(N'2020-08-25' AS Date), 1)
INSERT [dbo].[Salidas] ([SalidaId], [ProductoId], [Fecha], [Cantidad]) VALUES (198, 4, CAST(N'2020-08-25' AS Date), 2)
INSERT [dbo].[Salidas] ([SalidaId], [ProductoId], [Fecha], [Cantidad]) VALUES (199, 1, CAST(N'2020-08-25' AS Date), 4)
GO
INSERT [dbo].[Salidas] ([SalidaId], [ProductoId], [Fecha], [Cantidad]) VALUES (200, 89, CAST(N'2020-08-20' AS Date), 3)
INSERT [dbo].[Salidas] ([SalidaId], [ProductoId], [Fecha], [Cantidad]) VALUES (201, 9, CAST(N'2020-08-25' AS Date), 1)
INSERT [dbo].[Salidas] ([SalidaId], [ProductoId], [Fecha], [Cantidad]) VALUES (202, 34, CAST(N'2020-08-25' AS Date), 1)
INSERT [dbo].[Salidas] ([SalidaId], [ProductoId], [Fecha], [Cantidad]) VALUES (203, 23, CAST(N'2020-08-25' AS Date), 3)
INSERT [dbo].[Salidas] ([SalidaId], [ProductoId], [Fecha], [Cantidad]) VALUES (204, 14, CAST(N'2020-08-25' AS Date), 1)
INSERT [dbo].[Salidas] ([SalidaId], [ProductoId], [Fecha], [Cantidad]) VALUES (205, 13, CAST(N'2020-08-25' AS Date), 1)
INSERT [dbo].[Salidas] ([SalidaId], [ProductoId], [Fecha], [Cantidad]) VALUES (206, 15, CAST(N'2020-08-25' AS Date), 1)
INSERT [dbo].[Salidas] ([SalidaId], [ProductoId], [Fecha], [Cantidad]) VALUES (207, 20, CAST(N'2020-08-25' AS Date), 3)
INSERT [dbo].[Salidas] ([SalidaId], [ProductoId], [Fecha], [Cantidad]) VALUES (208, 32, CAST(N'2020-08-25' AS Date), 6)
INSERT [dbo].[Salidas] ([SalidaId], [ProductoId], [Fecha], [Cantidad]) VALUES (209, 21, CAST(N'2020-08-25' AS Date), 6)
INSERT [dbo].[Salidas] ([SalidaId], [ProductoId], [Fecha], [Cantidad]) VALUES (210, 11, CAST(N'2020-08-25' AS Date), 5)
INSERT [dbo].[Salidas] ([SalidaId], [ProductoId], [Fecha], [Cantidad]) VALUES (211, 7, CAST(N'2020-08-25' AS Date), 2)
INSERT [dbo].[Salidas] ([SalidaId], [ProductoId], [Fecha], [Cantidad]) VALUES (212, 6, CAST(N'2020-08-25' AS Date), 1)
INSERT [dbo].[Salidas] ([SalidaId], [ProductoId], [Fecha], [Cantidad]) VALUES (213, 2, CAST(N'2020-08-25' AS Date), 1)
INSERT [dbo].[Salidas] ([SalidaId], [ProductoId], [Fecha], [Cantidad]) VALUES (214, 69, CAST(N'2020-08-25' AS Date), 3)
INSERT [dbo].[Salidas] ([SalidaId], [ProductoId], [Fecha], [Cantidad]) VALUES (215, 1, CAST(N'2020-08-25' AS Date), 3)
INSERT [dbo].[Salidas] ([SalidaId], [ProductoId], [Fecha], [Cantidad]) VALUES (216, 15, CAST(N'2020-08-25' AS Date), 1)
INSERT [dbo].[Salidas] ([SalidaId], [ProductoId], [Fecha], [Cantidad]) VALUES (217, 19, CAST(N'2020-08-25' AS Date), 5)
INSERT [dbo].[Salidas] ([SalidaId], [ProductoId], [Fecha], [Cantidad]) VALUES (218, 62, CAST(N'2020-08-25' AS Date), 3)
INSERT [dbo].[Salidas] ([SalidaId], [ProductoId], [Fecha], [Cantidad]) VALUES (219, 79, CAST(N'2020-08-25' AS Date), 3)
INSERT [dbo].[Salidas] ([SalidaId], [ProductoId], [Fecha], [Cantidad]) VALUES (220, 63, CAST(N'2020-08-25' AS Date), 3)
INSERT [dbo].[Salidas] ([SalidaId], [ProductoId], [Fecha], [Cantidad]) VALUES (221, 16, CAST(N'2020-08-25' AS Date), 1)
INSERT [dbo].[Salidas] ([SalidaId], [ProductoId], [Fecha], [Cantidad]) VALUES (222, 28, CAST(N'2020-08-25' AS Date), 3)
INSERT [dbo].[Salidas] ([SalidaId], [ProductoId], [Fecha], [Cantidad]) VALUES (223, 3, CAST(N'2020-08-25' AS Date), 1)
INSERT [dbo].[Salidas] ([SalidaId], [ProductoId], [Fecha], [Cantidad]) VALUES (224, 5, CAST(N'2020-08-25' AS Date), 1)
INSERT [dbo].[Salidas] ([SalidaId], [ProductoId], [Fecha], [Cantidad]) VALUES (225, 2, CAST(N'2020-08-26' AS Date), 4)
INSERT [dbo].[Salidas] ([SalidaId], [ProductoId], [Fecha], [Cantidad]) VALUES (226, 5, CAST(N'2020-08-26' AS Date), 1)
INSERT [dbo].[Salidas] ([SalidaId], [ProductoId], [Fecha], [Cantidad]) VALUES (227, 32, CAST(N'2020-08-26' AS Date), 1)
INSERT [dbo].[Salidas] ([SalidaId], [ProductoId], [Fecha], [Cantidad]) VALUES (228, 7, CAST(N'2020-08-26' AS Date), 1)
INSERT [dbo].[Salidas] ([SalidaId], [ProductoId], [Fecha], [Cantidad]) VALUES (229, 1, CAST(N'2020-08-26' AS Date), 3)
INSERT [dbo].[Salidas] ([SalidaId], [ProductoId], [Fecha], [Cantidad]) VALUES (230, 50, CAST(N'2020-08-26' AS Date), 1)
INSERT [dbo].[Salidas] ([SalidaId], [ProductoId], [Fecha], [Cantidad]) VALUES (231, 65, CAST(N'2020-08-26' AS Date), 3)
INSERT [dbo].[Salidas] ([SalidaId], [ProductoId], [Fecha], [Cantidad]) VALUES (232, 82, CAST(N'2020-08-26' AS Date), 3)
INSERT [dbo].[Salidas] ([SalidaId], [ProductoId], [Fecha], [Cantidad]) VALUES (233, 36, CAST(N'2020-08-26' AS Date), 1)
INSERT [dbo].[Salidas] ([SalidaId], [ProductoId], [Fecha], [Cantidad]) VALUES (234, 37, CAST(N'2020-08-26' AS Date), 1)
INSERT [dbo].[Salidas] ([SalidaId], [ProductoId], [Fecha], [Cantidad]) VALUES (235, 6, CAST(N'2020-08-26' AS Date), 1)
INSERT [dbo].[Salidas] ([SalidaId], [ProductoId], [Fecha], [Cantidad]) VALUES (236, 4, CAST(N'2020-08-26' AS Date), 1)
INSERT [dbo].[Salidas] ([SalidaId], [ProductoId], [Fecha], [Cantidad]) VALUES (237, 9, CAST(N'2020-08-27' AS Date), 1)
INSERT [dbo].[Salidas] ([SalidaId], [ProductoId], [Fecha], [Cantidad]) VALUES (238, 32, CAST(N'2020-08-27' AS Date), 1)
INSERT [dbo].[Salidas] ([SalidaId], [ProductoId], [Fecha], [Cantidad]) VALUES (239, 69, CAST(N'2020-08-25' AS Date), 3)
INSERT [dbo].[Salidas] ([SalidaId], [ProductoId], [Fecha], [Cantidad]) VALUES (240, 6, CAST(N'2020-08-27' AS Date), 3)
INSERT [dbo].[Salidas] ([SalidaId], [ProductoId], [Fecha], [Cantidad]) VALUES (241, 18, CAST(N'2020-08-27' AS Date), 1)
INSERT [dbo].[Salidas] ([SalidaId], [ProductoId], [Fecha], [Cantidad]) VALUES (242, 11, CAST(N'2020-08-27' AS Date), 1)
INSERT [dbo].[Salidas] ([SalidaId], [ProductoId], [Fecha], [Cantidad]) VALUES (243, 30, CAST(N'2020-08-27' AS Date), 1)
INSERT [dbo].[Salidas] ([SalidaId], [ProductoId], [Fecha], [Cantidad]) VALUES (244, 34, CAST(N'2020-08-27' AS Date), 1)
INSERT [dbo].[Salidas] ([SalidaId], [ProductoId], [Fecha], [Cantidad]) VALUES (245, 4, CAST(N'2020-08-27' AS Date), 2)
INSERT [dbo].[Salidas] ([SalidaId], [ProductoId], [Fecha], [Cantidad]) VALUES (246, 1, CAST(N'2020-08-27' AS Date), 1)
INSERT [dbo].[Salidas] ([SalidaId], [ProductoId], [Fecha], [Cantidad]) VALUES (247, 79, CAST(N'2020-08-27' AS Date), 3)
INSERT [dbo].[Salidas] ([SalidaId], [ProductoId], [Fecha], [Cantidad]) VALUES (248, 3, CAST(N'2020-08-31' AS Date), 2)
INSERT [dbo].[Salidas] ([SalidaId], [ProductoId], [Fecha], [Cantidad]) VALUES (249, 14, CAST(N'2020-08-31' AS Date), 2)
INSERT [dbo].[Salidas] ([SalidaId], [ProductoId], [Fecha], [Cantidad]) VALUES (250, 11, CAST(N'2020-08-31' AS Date), 4)
INSERT [dbo].[Salidas] ([SalidaId], [ProductoId], [Fecha], [Cantidad]) VALUES (251, 62, CAST(N'2020-08-31' AS Date), 3)
INSERT [dbo].[Salidas] ([SalidaId], [ProductoId], [Fecha], [Cantidad]) VALUES (252, 19, CAST(N'2020-08-31' AS Date), 3)
INSERT [dbo].[Salidas] ([SalidaId], [ProductoId], [Fecha], [Cantidad]) VALUES (253, 27, CAST(N'2020-08-31' AS Date), 3)
INSERT [dbo].[Salidas] ([SalidaId], [ProductoId], [Fecha], [Cantidad]) VALUES (254, 34, CAST(N'2020-08-31' AS Date), 1)
INSERT [dbo].[Salidas] ([SalidaId], [ProductoId], [Fecha], [Cantidad]) VALUES (255, 1, CAST(N'2020-08-31' AS Date), 1)
INSERT [dbo].[Salidas] ([SalidaId], [ProductoId], [Fecha], [Cantidad]) VALUES (256, 2, CAST(N'2020-08-31' AS Date), 2)
INSERT [dbo].[Salidas] ([SalidaId], [ProductoId], [Fecha], [Cantidad]) VALUES (257, 20, CAST(N'2020-08-31' AS Date), 3)
INSERT [dbo].[Salidas] ([SalidaId], [ProductoId], [Fecha], [Cantidad]) VALUES (258, 13, CAST(N'2020-08-31' AS Date), 1)
INSERT [dbo].[Salidas] ([SalidaId], [ProductoId], [Fecha], [Cantidad]) VALUES (259, 15, CAST(N'2020-08-31' AS Date), 1)
INSERT [dbo].[Salidas] ([SalidaId], [ProductoId], [Fecha], [Cantidad]) VALUES (260, 92, CAST(N'2020-08-31' AS Date), 3)
INSERT [dbo].[Salidas] ([SalidaId], [ProductoId], [Fecha], [Cantidad]) VALUES (261, 18, CAST(N'2020-08-31' AS Date), 1)
INSERT [dbo].[Salidas] ([SalidaId], [ProductoId], [Fecha], [Cantidad]) VALUES (262, 16, CAST(N'2020-09-01' AS Date), 3)
INSERT [dbo].[Salidas] ([SalidaId], [ProductoId], [Fecha], [Cantidad]) VALUES (263, 17, CAST(N'2020-09-01' AS Date), 1)
INSERT [dbo].[Salidas] ([SalidaId], [ProductoId], [Fecha], [Cantidad]) VALUES (264, 70, CAST(N'2020-09-01' AS Date), 3)
INSERT [dbo].[Salidas] ([SalidaId], [ProductoId], [Fecha], [Cantidad]) VALUES (265, 1, CAST(N'2020-09-01' AS Date), 1)
INSERT [dbo].[Salidas] ([SalidaId], [ProductoId], [Fecha], [Cantidad]) VALUES (266, 2, CAST(N'2020-09-01' AS Date), 1)
INSERT [dbo].[Salidas] ([SalidaId], [ProductoId], [Fecha], [Cantidad]) VALUES (267, 8, CAST(N'2020-09-01' AS Date), 1)
INSERT [dbo].[Salidas] ([SalidaId], [ProductoId], [Fecha], [Cantidad]) VALUES (268, 11, CAST(N'2020-09-01' AS Date), 4)
INSERT [dbo].[Salidas] ([SalidaId], [ProductoId], [Fecha], [Cantidad]) VALUES (269, 20, CAST(N'2020-09-01' AS Date), 3)
INSERT [dbo].[Salidas] ([SalidaId], [ProductoId], [Fecha], [Cantidad]) VALUES (270, 27, CAST(N'2020-09-01' AS Date), 3)
INSERT [dbo].[Salidas] ([SalidaId], [ProductoId], [Fecha], [Cantidad]) VALUES (271, 12, CAST(N'2020-09-01' AS Date), 1)
INSERT [dbo].[Salidas] ([SalidaId], [ProductoId], [Fecha], [Cantidad]) VALUES (272, 35, CAST(N'2020-09-01' AS Date), 1)
INSERT [dbo].[Salidas] ([SalidaId], [ProductoId], [Fecha], [Cantidad]) VALUES (273, 73, CAST(N'2020-09-01' AS Date), 3)
INSERT [dbo].[Salidas] ([SalidaId], [ProductoId], [Fecha], [Cantidad]) VALUES (274, 14, CAST(N'2020-09-01' AS Date), 1)
INSERT [dbo].[Salidas] ([SalidaId], [ProductoId], [Fecha], [Cantidad]) VALUES (275, 15, CAST(N'2020-09-01' AS Date), 1)
INSERT [dbo].[Salidas] ([SalidaId], [ProductoId], [Fecha], [Cantidad]) VALUES (276, 9, CAST(N'2020-09-01' AS Date), 1)
INSERT [dbo].[Salidas] ([SalidaId], [ProductoId], [Fecha], [Cantidad]) VALUES (277, 25, CAST(N'2020-09-01' AS Date), 3)
INSERT [dbo].[Salidas] ([SalidaId], [ProductoId], [Fecha], [Cantidad]) VALUES (278, 32, CAST(N'2020-09-01' AS Date), 5)
INSERT [dbo].[Salidas] ([SalidaId], [ProductoId], [Fecha], [Cantidad]) VALUES (279, 21, CAST(N'2020-09-01' AS Date), 6)
INSERT [dbo].[Salidas] ([SalidaId], [ProductoId], [Fecha], [Cantidad]) VALUES (280, 4, CAST(N'2020-09-01' AS Date), 1)
INSERT [dbo].[Salidas] ([SalidaId], [ProductoId], [Fecha], [Cantidad]) VALUES (281, 22, CAST(N'2020-09-02' AS Date), 6)
INSERT [dbo].[Salidas] ([SalidaId], [ProductoId], [Fecha], [Cantidad]) VALUES (282, 19, CAST(N'2020-09-02' AS Date), 6)
INSERT [dbo].[Salidas] ([SalidaId], [ProductoId], [Fecha], [Cantidad]) VALUES (283, 32, CAST(N'2020-09-02' AS Date), 3)
INSERT [dbo].[Salidas] ([SalidaId], [ProductoId], [Fecha], [Cantidad]) VALUES (284, 3, CAST(N'2020-09-02' AS Date), 2)
INSERT [dbo].[Salidas] ([SalidaId], [ProductoId], [Fecha], [Cantidad]) VALUES (285, 1, CAST(N'2020-09-02' AS Date), 3)
INSERT [dbo].[Salidas] ([SalidaId], [ProductoId], [Fecha], [Cantidad]) VALUES (286, 25, CAST(N'2020-09-02' AS Date), 3)
INSERT [dbo].[Salidas] ([SalidaId], [ProductoId], [Fecha], [Cantidad]) VALUES (287, 11, CAST(N'2020-09-02' AS Date), 4)
INSERT [dbo].[Salidas] ([SalidaId], [ProductoId], [Fecha], [Cantidad]) VALUES (288, 57, CAST(N'2020-10-23' AS Date), 3)
INSERT [dbo].[Salidas] ([SalidaId], [ProductoId], [Fecha], [Cantidad]) VALUES (289, 26, CAST(N'2020-09-02' AS Date), 3)
INSERT [dbo].[Salidas] ([SalidaId], [ProductoId], [Fecha], [Cantidad]) VALUES (290, 36, CAST(N'2020-09-02' AS Date), 2)
INSERT [dbo].[Salidas] ([SalidaId], [ProductoId], [Fecha], [Cantidad]) VALUES (291, 83, CAST(N'2020-09-02' AS Date), 1)
INSERT [dbo].[Salidas] ([SalidaId], [ProductoId], [Fecha], [Cantidad]) VALUES (292, 82, CAST(N'2020-09-02' AS Date), 1)
INSERT [dbo].[Salidas] ([SalidaId], [ProductoId], [Fecha], [Cantidad]) VALUES (293, 18, CAST(N'2020-09-02' AS Date), 1)
INSERT [dbo].[Salidas] ([SalidaId], [ProductoId], [Fecha], [Cantidad]) VALUES (294, 28, CAST(N'2020-09-02' AS Date), 3)
INSERT [dbo].[Salidas] ([SalidaId], [ProductoId], [Fecha], [Cantidad]) VALUES (295, 24, CAST(N'2020-09-02' AS Date), 3)
INSERT [dbo].[Salidas] ([SalidaId], [ProductoId], [Fecha], [Cantidad]) VALUES (296, 23, CAST(N'2020-09-02' AS Date), 3)
INSERT [dbo].[Salidas] ([SalidaId], [ProductoId], [Fecha], [Cantidad]) VALUES (297, 4, CAST(N'2020-09-04' AS Date), 2)
INSERT [dbo].[Salidas] ([SalidaId], [ProductoId], [Fecha], [Cantidad]) VALUES (298, 10, CAST(N'2020-09-04' AS Date), 1)
INSERT [dbo].[Salidas] ([SalidaId], [ProductoId], [Fecha], [Cantidad]) VALUES (299, 73, CAST(N'2020-09-04' AS Date), 3)
GO
INSERT [dbo].[Salidas] ([SalidaId], [ProductoId], [Fecha], [Cantidad]) VALUES (300, 70, CAST(N'2020-09-04' AS Date), 3)
INSERT [dbo].[Salidas] ([SalidaId], [ProductoId], [Fecha], [Cantidad]) VALUES (301, 10, CAST(N'2020-09-04' AS Date), 1)
INSERT [dbo].[Salidas] ([SalidaId], [ProductoId], [Fecha], [Cantidad]) VALUES (302, 14, CAST(N'2020-09-04' AS Date), 1)
INSERT [dbo].[Salidas] ([SalidaId], [ProductoId], [Fecha], [Cantidad]) VALUES (303, 17, CAST(N'2020-09-04' AS Date), 1)
INSERT [dbo].[Salidas] ([SalidaId], [ProductoId], [Fecha], [Cantidad]) VALUES (304, 84, CAST(N'2020-09-04' AS Date), 1)
INSERT [dbo].[Salidas] ([SalidaId], [ProductoId], [Fecha], [Cantidad]) VALUES (305, 5, CAST(N'2020-09-04' AS Date), 1)
INSERT [dbo].[Salidas] ([SalidaId], [ProductoId], [Fecha], [Cantidad]) VALUES (306, 32, CAST(N'2020-09-04' AS Date), 1)
INSERT [dbo].[Salidas] ([SalidaId], [ProductoId], [Fecha], [Cantidad]) VALUES (307, 82, CAST(N'2020-09-04' AS Date), 1)
INSERT [dbo].[Salidas] ([SalidaId], [ProductoId], [Fecha], [Cantidad]) VALUES (308, 78, CAST(N'2020-09-04' AS Date), 3)
INSERT [dbo].[Salidas] ([SalidaId], [ProductoId], [Fecha], [Cantidad]) VALUES (309, 13, CAST(N'2020-09-05' AS Date), 1)
INSERT [dbo].[Salidas] ([SalidaId], [ProductoId], [Fecha], [Cantidad]) VALUES (310, 14, CAST(N'2020-09-05' AS Date), 1)
INSERT [dbo].[Salidas] ([SalidaId], [ProductoId], [Fecha], [Cantidad]) VALUES (311, 15, CAST(N'2020-09-05' AS Date), 1)
INSERT [dbo].[Salidas] ([SalidaId], [ProductoId], [Fecha], [Cantidad]) VALUES (312, 11, CAST(N'2020-09-05' AS Date), 2)
INSERT [dbo].[Salidas] ([SalidaId], [ProductoId], [Fecha], [Cantidad]) VALUES (313, 33, CAST(N'2020-09-05' AS Date), 3)
INSERT [dbo].[Salidas] ([SalidaId], [ProductoId], [Fecha], [Cantidad]) VALUES (314, 83, CAST(N'2020-09-05' AS Date), 2)
INSERT [dbo].[Salidas] ([SalidaId], [ProductoId], [Fecha], [Cantidad]) VALUES (315, 12, CAST(N'2020-09-05' AS Date), 1)
INSERT [dbo].[Salidas] ([SalidaId], [ProductoId], [Fecha], [Cantidad]) VALUES (316, 6, CAST(N'2020-09-05' AS Date), 1)
INSERT [dbo].[Salidas] ([SalidaId], [ProductoId], [Fecha], [Cantidad]) VALUES (317, 32, CAST(N'2020-09-05' AS Date), 1)
INSERT [dbo].[Salidas] ([SalidaId], [ProductoId], [Fecha], [Cantidad]) VALUES (318, 11, CAST(N'2020-09-05' AS Date), 2)
INSERT [dbo].[Salidas] ([SalidaId], [ProductoId], [Fecha], [Cantidad]) VALUES (319, 34, CAST(N'2020-09-02' AS Date), 1)
INSERT [dbo].[Salidas] ([SalidaId], [ProductoId], [Fecha], [Cantidad]) VALUES (320, 82, CAST(N'2020-09-05' AS Date), 1)
INSERT [dbo].[Salidas] ([SalidaId], [ProductoId], [Fecha], [Cantidad]) VALUES (321, 12, CAST(N'2020-09-05' AS Date), 1)
INSERT [dbo].[Salidas] ([SalidaId], [ProductoId], [Fecha], [Cantidad]) VALUES (322, 62, CAST(N'2020-09-05' AS Date), 3)
INSERT [dbo].[Salidas] ([SalidaId], [ProductoId], [Fecha], [Cantidad]) VALUES (323, 24, CAST(N'2020-09-05' AS Date), 3)
INSERT [dbo].[Salidas] ([SalidaId], [ProductoId], [Fecha], [Cantidad]) VALUES (324, 33, CAST(N'2020-09-05' AS Date), 3)
INSERT [dbo].[Salidas] ([SalidaId], [ProductoId], [Fecha], [Cantidad]) VALUES (325, 1, CAST(N'2020-09-05' AS Date), 8)
INSERT [dbo].[Salidas] ([SalidaId], [ProductoId], [Fecha], [Cantidad]) VALUES (326, 3, CAST(N'2020-09-05' AS Date), 4)
INSERT [dbo].[Salidas] ([SalidaId], [ProductoId], [Fecha], [Cantidad]) VALUES (327, 4, CAST(N'2020-09-05' AS Date), 3)
INSERT [dbo].[Salidas] ([SalidaId], [ProductoId], [Fecha], [Cantidad]) VALUES (328, 35, CAST(N'2020-09-05' AS Date), 1)
INSERT [dbo].[Salidas] ([SalidaId], [ProductoId], [Fecha], [Cantidad]) VALUES (329, 5, CAST(N'2020-09-05' AS Date), 2)
INSERT [dbo].[Salidas] ([SalidaId], [ProductoId], [Fecha], [Cantidad]) VALUES (330, 28, CAST(N'2020-09-07' AS Date), 3)
INSERT [dbo].[Salidas] ([SalidaId], [ProductoId], [Fecha], [Cantidad]) VALUES (331, 11, CAST(N'2020-09-07' AS Date), 2)
INSERT [dbo].[Salidas] ([SalidaId], [ProductoId], [Fecha], [Cantidad]) VALUES (332, 18, CAST(N'2020-09-07' AS Date), 1)
INSERT [dbo].[Salidas] ([SalidaId], [ProductoId], [Fecha], [Cantidad]) VALUES (333, 86, CAST(N'2020-09-07' AS Date), 1)
INSERT [dbo].[Salidas] ([SalidaId], [ProductoId], [Fecha], [Cantidad]) VALUES (334, 27, CAST(N'2020-09-07' AS Date), 3)
INSERT [dbo].[Salidas] ([SalidaId], [ProductoId], [Fecha], [Cantidad]) VALUES (335, 2, CAST(N'2020-09-07' AS Date), 1)
INSERT [dbo].[Salidas] ([SalidaId], [ProductoId], [Fecha], [Cantidad]) VALUES (336, 82, CAST(N'2020-09-07' AS Date), 1)
INSERT [dbo].[Salidas] ([SalidaId], [ProductoId], [Fecha], [Cantidad]) VALUES (337, 26, CAST(N'2020-09-07' AS Date), 3)
INSERT [dbo].[Salidas] ([SalidaId], [ProductoId], [Fecha], [Cantidad]) VALUES (338, 36, CAST(N'2020-09-07' AS Date), 1)
INSERT [dbo].[Salidas] ([SalidaId], [ProductoId], [Fecha], [Cantidad]) VALUES (339, 12, CAST(N'2020-09-07' AS Date), 1)
INSERT [dbo].[Salidas] ([SalidaId], [ProductoId], [Fecha], [Cantidad]) VALUES (340, 59, CAST(N'2020-09-07' AS Date), 3)
INSERT [dbo].[Salidas] ([SalidaId], [ProductoId], [Fecha], [Cantidad]) VALUES (341, 32, CAST(N'2020-09-07' AS Date), 3)
INSERT [dbo].[Salidas] ([SalidaId], [ProductoId], [Fecha], [Cantidad]) VALUES (342, 3, CAST(N'2020-09-07' AS Date), 1)
INSERT [dbo].[Salidas] ([SalidaId], [ProductoId], [Fecha], [Cantidad]) VALUES (343, 8, CAST(N'2020-09-07' AS Date), 1)
INSERT [dbo].[Salidas] ([SalidaId], [ProductoId], [Fecha], [Cantidad]) VALUES (344, 4, CAST(N'2020-09-07' AS Date), 1)
INSERT [dbo].[Salidas] ([SalidaId], [ProductoId], [Fecha], [Cantidad]) VALUES (345, 7, CAST(N'2020-09-07' AS Date), 1)
INSERT [dbo].[Salidas] ([SalidaId], [ProductoId], [Fecha], [Cantidad]) VALUES (346, 13, CAST(N'2020-09-07' AS Date), 1)
INSERT [dbo].[Salidas] ([SalidaId], [ProductoId], [Fecha], [Cantidad]) VALUES (347, 77, CAST(N'2020-09-07' AS Date), 3)
INSERT [dbo].[Salidas] ([SalidaId], [ProductoId], [Fecha], [Cantidad]) VALUES (348, 22, CAST(N'2020-09-08' AS Date), 3)
INSERT [dbo].[Salidas] ([SalidaId], [ProductoId], [Fecha], [Cantidad]) VALUES (349, 79, CAST(N'2020-09-22' AS Date), 3)
INSERT [dbo].[Salidas] ([SalidaId], [ProductoId], [Fecha], [Cantidad]) VALUES (350, 11, CAST(N'2020-09-08' AS Date), 2)
INSERT [dbo].[Salidas] ([SalidaId], [ProductoId], [Fecha], [Cantidad]) VALUES (351, 2, CAST(N'2020-09-08' AS Date), 1)
INSERT [dbo].[Salidas] ([SalidaId], [ProductoId], [Fecha], [Cantidad]) VALUES (352, 4, CAST(N'2020-09-08' AS Date), 1)
INSERT [dbo].[Salidas] ([SalidaId], [ProductoId], [Fecha], [Cantidad]) VALUES (353, 68, CAST(N'2020-09-08' AS Date), 3)
INSERT [dbo].[Salidas] ([SalidaId], [ProductoId], [Fecha], [Cantidad]) VALUES (354, 2, CAST(N'2020-09-08' AS Date), 1)
INSERT [dbo].[Salidas] ([SalidaId], [ProductoId], [Fecha], [Cantidad]) VALUES (355, 27, CAST(N'2020-09-08' AS Date), 3)
INSERT [dbo].[Salidas] ([SalidaId], [ProductoId], [Fecha], [Cantidad]) VALUES (356, 83, CAST(N'2020-09-08' AS Date), 1)
INSERT [dbo].[Salidas] ([SalidaId], [ProductoId], [Fecha], [Cantidad]) VALUES (357, 1, CAST(N'2020-09-08' AS Date), 1)
INSERT [dbo].[Salidas] ([SalidaId], [ProductoId], [Fecha], [Cantidad]) VALUES (358, 12, CAST(N'2020-09-08' AS Date), 1)
INSERT [dbo].[Salidas] ([SalidaId], [ProductoId], [Fecha], [Cantidad]) VALUES (359, 84, CAST(N'2020-09-08' AS Date), 1)
INSERT [dbo].[Salidas] ([SalidaId], [ProductoId], [Fecha], [Cantidad]) VALUES (360, 32, CAST(N'2020-09-08' AS Date), 1)
INSERT [dbo].[Salidas] ([SalidaId], [ProductoId], [Fecha], [Cantidad]) VALUES (361, 61, CAST(N'2020-10-07' AS Date), 3)
INSERT [dbo].[Salidas] ([SalidaId], [ProductoId], [Fecha], [Cantidad]) VALUES (362, 18, CAST(N'2020-09-09' AS Date), 1)
INSERT [dbo].[Salidas] ([SalidaId], [ProductoId], [Fecha], [Cantidad]) VALUES (363, 68, CAST(N'2020-09-09' AS Date), 6)
INSERT [dbo].[Salidas] ([SalidaId], [ProductoId], [Fecha], [Cantidad]) VALUES (364, 33, CAST(N'2020-09-09' AS Date), 6)
INSERT [dbo].[Salidas] ([SalidaId], [ProductoId], [Fecha], [Cantidad]) VALUES (365, 9, CAST(N'2020-09-09' AS Date), 4)
INSERT [dbo].[Salidas] ([SalidaId], [ProductoId], [Fecha], [Cantidad]) VALUES (366, 11, CAST(N'2020-09-09' AS Date), 4)
INSERT [dbo].[Salidas] ([SalidaId], [ProductoId], [Fecha], [Cantidad]) VALUES (367, 3, CAST(N'2020-09-09' AS Date), 3)
INSERT [dbo].[Salidas] ([SalidaId], [ProductoId], [Fecha], [Cantidad]) VALUES (368, 65, CAST(N'2020-09-09' AS Date), 3)
INSERT [dbo].[Salidas] ([SalidaId], [ProductoId], [Fecha], [Cantidad]) VALUES (369, 2, CAST(N'2020-09-09' AS Date), 1)
INSERT [dbo].[Salidas] ([SalidaId], [ProductoId], [Fecha], [Cantidad]) VALUES (370, 30, CAST(N'2020-09-09' AS Date), 2)
INSERT [dbo].[Salidas] ([SalidaId], [ProductoId], [Fecha], [Cantidad]) VALUES (371, 17, CAST(N'2020-09-09' AS Date), 1)
INSERT [dbo].[Salidas] ([SalidaId], [ProductoId], [Fecha], [Cantidad]) VALUES (372, 1, CAST(N'2020-09-09' AS Date), 7)
INSERT [dbo].[Salidas] ([SalidaId], [ProductoId], [Fecha], [Cantidad]) VALUES (373, 64, CAST(N'2020-09-09' AS Date), 3)
INSERT [dbo].[Salidas] ([SalidaId], [ProductoId], [Fecha], [Cantidad]) VALUES (374, 6, CAST(N'2020-09-09' AS Date), 1)
INSERT [dbo].[Salidas] ([SalidaId], [ProductoId], [Fecha], [Cantidad]) VALUES (375, 7, CAST(N'2020-09-09' AS Date), 2)
INSERT [dbo].[Salidas] ([SalidaId], [ProductoId], [Fecha], [Cantidad]) VALUES (376, 4, CAST(N'2020-09-09' AS Date), 2)
INSERT [dbo].[Salidas] ([SalidaId], [ProductoId], [Fecha], [Cantidad]) VALUES (377, 10, CAST(N'2020-09-09' AS Date), 1)
INSERT [dbo].[Salidas] ([SalidaId], [ProductoId], [Fecha], [Cantidad]) VALUES (378, 5, CAST(N'2020-09-09' AS Date), 1)
INSERT [dbo].[Salidas] ([SalidaId], [ProductoId], [Fecha], [Cantidad]) VALUES (379, 24, CAST(N'2020-09-09' AS Date), 3)
INSERT [dbo].[Salidas] ([SalidaId], [ProductoId], [Fecha], [Cantidad]) VALUES (380, 1, CAST(N'2020-09-10' AS Date), 2)
INSERT [dbo].[Salidas] ([SalidaId], [ProductoId], [Fecha], [Cantidad]) VALUES (381, 3, CAST(N'2020-09-10' AS Date), 3)
INSERT [dbo].[Salidas] ([SalidaId], [ProductoId], [Fecha], [Cantidad]) VALUES (382, 49, CAST(N'2020-09-10' AS Date), 1)
INSERT [dbo].[Salidas] ([SalidaId], [ProductoId], [Fecha], [Cantidad]) VALUES (383, 32, CAST(N'2020-09-10' AS Date), 2)
INSERT [dbo].[Salidas] ([SalidaId], [ProductoId], [Fecha], [Cantidad]) VALUES (384, 24, CAST(N'2020-10-21' AS Date), 3)
INSERT [dbo].[Salidas] ([SalidaId], [ProductoId], [Fecha], [Cantidad]) VALUES (385, 65, CAST(N'2020-09-10' AS Date), 3)
INSERT [dbo].[Salidas] ([SalidaId], [ProductoId], [Fecha], [Cantidad]) VALUES (386, 7, CAST(N'2020-09-10' AS Date), 1)
INSERT [dbo].[Salidas] ([SalidaId], [ProductoId], [Fecha], [Cantidad]) VALUES (387, 6, CAST(N'2020-09-10' AS Date), 1)
INSERT [dbo].[Salidas] ([SalidaId], [ProductoId], [Fecha], [Cantidad]) VALUES (388, 30, CAST(N'2020-09-11' AS Date), 1)
INSERT [dbo].[Salidas] ([SalidaId], [ProductoId], [Fecha], [Cantidad]) VALUES (389, 11, CAST(N'2020-09-11' AS Date), 1)
INSERT [dbo].[Salidas] ([SalidaId], [ProductoId], [Fecha], [Cantidad]) VALUES (390, 9, CAST(N'2020-09-11' AS Date), 1)
INSERT [dbo].[Salidas] ([SalidaId], [ProductoId], [Fecha], [Cantidad]) VALUES (391, 1, CAST(N'2020-09-11' AS Date), 1)
INSERT [dbo].[Salidas] ([SalidaId], [ProductoId], [Fecha], [Cantidad]) VALUES (392, 2, CAST(N'2020-09-11' AS Date), 2)
INSERT [dbo].[Salidas] ([SalidaId], [ProductoId], [Fecha], [Cantidad]) VALUES (393, 32, CAST(N'2020-09-11' AS Date), 9)
INSERT [dbo].[Salidas] ([SalidaId], [ProductoId], [Fecha], [Cantidad]) VALUES (394, 7, CAST(N'2020-09-11' AS Date), 4)
INSERT [dbo].[Salidas] ([SalidaId], [ProductoId], [Fecha], [Cantidad]) VALUES (395, 6, CAST(N'2020-09-11' AS Date), 1)
INSERT [dbo].[Salidas] ([SalidaId], [ProductoId], [Fecha], [Cantidad]) VALUES (396, 64, CAST(N'2020-09-18' AS Date), 3)
INSERT [dbo].[Salidas] ([SalidaId], [ProductoId], [Fecha], [Cantidad]) VALUES (397, 71, CAST(N'2020-09-18' AS Date), 6)
INSERT [dbo].[Salidas] ([SalidaId], [ProductoId], [Fecha], [Cantidad]) VALUES (398, 18, CAST(N'2020-09-18' AS Date), 1)
INSERT [dbo].[Salidas] ([SalidaId], [ProductoId], [Fecha], [Cantidad]) VALUES (399, 16, CAST(N'2020-09-18' AS Date), 1)
GO
INSERT [dbo].[Salidas] ([SalidaId], [ProductoId], [Fecha], [Cantidad]) VALUES (400, 29, CAST(N'2020-09-18' AS Date), 3)
INSERT [dbo].[Salidas] ([SalidaId], [ProductoId], [Fecha], [Cantidad]) VALUES (401, 9, CAST(N'2020-09-18' AS Date), 2)
INSERT [dbo].[Salidas] ([SalidaId], [ProductoId], [Fecha], [Cantidad]) VALUES (402, 37, CAST(N'2020-09-18' AS Date), 1)
INSERT [dbo].[Salidas] ([SalidaId], [ProductoId], [Fecha], [Cantidad]) VALUES (403, 11, CAST(N'2020-09-18' AS Date), 2)
INSERT [dbo].[Salidas] ([SalidaId], [ProductoId], [Fecha], [Cantidad]) VALUES (404, 12, CAST(N'2020-09-18' AS Date), 1)
INSERT [dbo].[Salidas] ([SalidaId], [ProductoId], [Fecha], [Cantidad]) VALUES (405, 6, CAST(N'2020-09-18' AS Date), 1)
INSERT [dbo].[Salidas] ([SalidaId], [ProductoId], [Fecha], [Cantidad]) VALUES (406, 4, CAST(N'2020-09-18' AS Date), 1)
INSERT [dbo].[Salidas] ([SalidaId], [ProductoId], [Fecha], [Cantidad]) VALUES (407, 28, CAST(N'2020-09-18' AS Date), 3)
INSERT [dbo].[Salidas] ([SalidaId], [ProductoId], [Fecha], [Cantidad]) VALUES (408, 23, CAST(N'2020-09-18' AS Date), 3)
INSERT [dbo].[Salidas] ([SalidaId], [ProductoId], [Fecha], [Cantidad]) VALUES (409, 19, CAST(N'2020-09-22' AS Date), 3)
INSERT [dbo].[Salidas] ([SalidaId], [ProductoId], [Fecha], [Cantidad]) VALUES (410, 32, CAST(N'2020-09-22' AS Date), 4)
INSERT [dbo].[Salidas] ([SalidaId], [ProductoId], [Fecha], [Cantidad]) VALUES (411, 34, CAST(N'2020-10-22' AS Date), 1)
INSERT [dbo].[Salidas] ([SalidaId], [ProductoId], [Fecha], [Cantidad]) VALUES (412, 69, CAST(N'2020-09-22' AS Date), 3)
INSERT [dbo].[Salidas] ([SalidaId], [ProductoId], [Fecha], [Cantidad]) VALUES (413, 1, CAST(N'2020-09-22' AS Date), 4)
INSERT [dbo].[Salidas] ([SalidaId], [ProductoId], [Fecha], [Cantidad]) VALUES (414, 3, CAST(N'2020-09-22' AS Date), 1)
INSERT [dbo].[Salidas] ([SalidaId], [ProductoId], [Fecha], [Cantidad]) VALUES (415, 15, CAST(N'2020-09-22' AS Date), 1)
INSERT [dbo].[Salidas] ([SalidaId], [ProductoId], [Fecha], [Cantidad]) VALUES (416, 6, CAST(N'2020-09-22' AS Date), 1)
INSERT [dbo].[Salidas] ([SalidaId], [ProductoId], [Fecha], [Cantidad]) VALUES (417, 34, CAST(N'2020-10-23' AS Date), 1)
INSERT [dbo].[Salidas] ([SalidaId], [ProductoId], [Fecha], [Cantidad]) VALUES (418, 7, CAST(N'2020-09-22' AS Date), 1)
INSERT [dbo].[Salidas] ([SalidaId], [ProductoId], [Fecha], [Cantidad]) VALUES (419, 5, CAST(N'2020-09-22' AS Date), 1)
INSERT [dbo].[Salidas] ([SalidaId], [ProductoId], [Fecha], [Cantidad]) VALUES (420, 2, CAST(N'2020-09-22' AS Date), 1)
INSERT [dbo].[Salidas] ([SalidaId], [ProductoId], [Fecha], [Cantidad]) VALUES (421, 10, CAST(N'2020-09-22' AS Date), 1)
INSERT [dbo].[Salidas] ([SalidaId], [ProductoId], [Fecha], [Cantidad]) VALUES (422, 28, CAST(N'2020-09-22' AS Date), 3)
INSERT [dbo].[Salidas] ([SalidaId], [ProductoId], [Fecha], [Cantidad]) VALUES (423, 23, CAST(N'2020-09-22' AS Date), 3)
INSERT [dbo].[Salidas] ([SalidaId], [ProductoId], [Fecha], [Cantidad]) VALUES (424, 18, CAST(N'2020-09-22' AS Date), 1)
INSERT [dbo].[Salidas] ([SalidaId], [ProductoId], [Fecha], [Cantidad]) VALUES (425, 11, CAST(N'2020-09-22' AS Date), 2)
INSERT [dbo].[Salidas] ([SalidaId], [ProductoId], [Fecha], [Cantidad]) VALUES (426, 13, CAST(N'2020-09-22' AS Date), 1)
INSERT [dbo].[Salidas] ([SalidaId], [ProductoId], [Fecha], [Cantidad]) VALUES (427, 14, CAST(N'2020-09-22' AS Date), 1)
INSERT [dbo].[Salidas] ([SalidaId], [ProductoId], [Fecha], [Cantidad]) VALUES (428, 12, CAST(N'2020-09-22' AS Date), 1)
INSERT [dbo].[Salidas] ([SalidaId], [ProductoId], [Fecha], [Cantidad]) VALUES (429, 1, CAST(N'2020-09-29' AS Date), 4)
INSERT [dbo].[Salidas] ([SalidaId], [ProductoId], [Fecha], [Cantidad]) VALUES (430, 11, CAST(N'2020-09-29' AS Date), 4)
INSERT [dbo].[Salidas] ([SalidaId], [ProductoId], [Fecha], [Cantidad]) VALUES (431, 18, CAST(N'2020-09-29' AS Date), 1)
INSERT [dbo].[Salidas] ([SalidaId], [ProductoId], [Fecha], [Cantidad]) VALUES (432, 17, CAST(N'2020-09-29' AS Date), 1)
INSERT [dbo].[Salidas] ([SalidaId], [ProductoId], [Fecha], [Cantidad]) VALUES (433, 2, CAST(N'2020-09-29' AS Date), 4)
INSERT [dbo].[Salidas] ([SalidaId], [ProductoId], [Fecha], [Cantidad]) VALUES (434, 65, CAST(N'2020-09-29' AS Date), 3)
INSERT [dbo].[Salidas] ([SalidaId], [ProductoId], [Fecha], [Cantidad]) VALUES (435, 36, CAST(N'2020-10-22' AS Date), 2)
INSERT [dbo].[Salidas] ([SalidaId], [ProductoId], [Fecha], [Cantidad]) VALUES (436, 29, CAST(N'2020-09-29' AS Date), 3)
INSERT [dbo].[Salidas] ([SalidaId], [ProductoId], [Fecha], [Cantidad]) VALUES (437, 8, CAST(N'2020-09-29' AS Date), 1)
INSERT [dbo].[Salidas] ([SalidaId], [ProductoId], [Fecha], [Cantidad]) VALUES (438, 5, CAST(N'2020-09-29' AS Date), 2)
INSERT [dbo].[Salidas] ([SalidaId], [ProductoId], [Fecha], [Cantidad]) VALUES (439, 30, CAST(N'2020-09-29' AS Date), 1)
INSERT [dbo].[Salidas] ([SalidaId], [ProductoId], [Fecha], [Cantidad]) VALUES (440, 9, CAST(N'2020-09-29' AS Date), 2)
INSERT [dbo].[Salidas] ([SalidaId], [ProductoId], [Fecha], [Cantidad]) VALUES (441, 32, CAST(N'2020-09-29' AS Date), 3)
INSERT [dbo].[Salidas] ([SalidaId], [ProductoId], [Fecha], [Cantidad]) VALUES (442, 2, CAST(N'2020-10-02' AS Date), 1)
INSERT [dbo].[Salidas] ([SalidaId], [ProductoId], [Fecha], [Cantidad]) VALUES (443, 5, CAST(N'2020-10-02' AS Date), 1)
INSERT [dbo].[Salidas] ([SalidaId], [ProductoId], [Fecha], [Cantidad]) VALUES (444, 35, CAST(N'2020-10-02' AS Date), 1)
INSERT [dbo].[Salidas] ([SalidaId], [ProductoId], [Fecha], [Cantidad]) VALUES (445, 14, CAST(N'2020-10-02' AS Date), 1)
INSERT [dbo].[Salidas] ([SalidaId], [ProductoId], [Fecha], [Cantidad]) VALUES (446, 15, CAST(N'2020-10-02' AS Date), 1)
INSERT [dbo].[Salidas] ([SalidaId], [ProductoId], [Fecha], [Cantidad]) VALUES (447, 85, CAST(N'2020-10-02' AS Date), 1)
INSERT [dbo].[Salidas] ([SalidaId], [ProductoId], [Fecha], [Cantidad]) VALUES (448, 82, CAST(N'2020-10-02' AS Date), 1)
INSERT [dbo].[Salidas] ([SalidaId], [ProductoId], [Fecha], [Cantidad]) VALUES (449, 79, CAST(N'2020-10-02' AS Date), 3)
INSERT [dbo].[Salidas] ([SalidaId], [ProductoId], [Fecha], [Cantidad]) VALUES (450, 36, CAST(N'2020-10-23' AS Date), 2)
INSERT [dbo].[Salidas] ([SalidaId], [ProductoId], [Fecha], [Cantidad]) VALUES (451, 16, CAST(N'2020-10-02' AS Date), 1)
INSERT [dbo].[Salidas] ([SalidaId], [ProductoId], [Fecha], [Cantidad]) VALUES (452, 3, CAST(N'2020-10-02' AS Date), 3)
INSERT [dbo].[Salidas] ([SalidaId], [ProductoId], [Fecha], [Cantidad]) VALUES (453, 1, CAST(N'2020-10-02' AS Date), 2)
INSERT [dbo].[Salidas] ([SalidaId], [ProductoId], [Fecha], [Cantidad]) VALUES (454, 6, CAST(N'2020-10-02' AS Date), 2)
INSERT [dbo].[Salidas] ([SalidaId], [ProductoId], [Fecha], [Cantidad]) VALUES (455, 82, CAST(N'2020-08-05' AS Date), 2)
INSERT [dbo].[Salidas] ([SalidaId], [ProductoId], [Fecha], [Cantidad]) VALUES (456, 32, CAST(N'2020-10-02' AS Date), 1)
INSERT [dbo].[Salidas] ([SalidaId], [ProductoId], [Fecha], [Cantidad]) VALUES (457, 29, CAST(N'2020-10-02' AS Date), 3)
INSERT [dbo].[Salidas] ([SalidaId], [ProductoId], [Fecha], [Cantidad]) VALUES (458, 70, CAST(N'2020-10-02' AS Date), 3)
INSERT [dbo].[Salidas] ([SalidaId], [ProductoId], [Fecha], [Cantidad]) VALUES (459, 11, CAST(N'2020-10-02' AS Date), 3)
INSERT [dbo].[Salidas] ([SalidaId], [ProductoId], [Fecha], [Cantidad]) VALUES (460, 4, CAST(N'2020-10-02' AS Date), 1)
INSERT [dbo].[Salidas] ([SalidaId], [ProductoId], [Fecha], [Cantidad]) VALUES (461, 71, CAST(N'2020-10-02' AS Date), 3)
INSERT [dbo].[Salidas] ([SalidaId], [ProductoId], [Fecha], [Cantidad]) VALUES (462, 26, CAST(N'2020-10-05' AS Date), 3)
INSERT [dbo].[Salidas] ([SalidaId], [ProductoId], [Fecha], [Cantidad]) VALUES (463, 27, CAST(N'2020-10-05' AS Date), 3)
INSERT [dbo].[Salidas] ([SalidaId], [ProductoId], [Fecha], [Cantidad]) VALUES (464, 14, CAST(N'2020-10-05' AS Date), 9)
INSERT [dbo].[Salidas] ([SalidaId], [ProductoId], [Fecha], [Cantidad]) VALUES (465, 11, CAST(N'2020-10-05' AS Date), 4)
INSERT [dbo].[Salidas] ([SalidaId], [ProductoId], [Fecha], [Cantidad]) VALUES (466, 3, CAST(N'2020-10-05' AS Date), 1)
INSERT [dbo].[Salidas] ([SalidaId], [ProductoId], [Fecha], [Cantidad]) VALUES (467, 36, CAST(N'2020-10-05' AS Date), 4)
INSERT [dbo].[Salidas] ([SalidaId], [ProductoId], [Fecha], [Cantidad]) VALUES (468, 28, CAST(N'2020-10-05' AS Date), 3)
INSERT [dbo].[Salidas] ([SalidaId], [ProductoId], [Fecha], [Cantidad]) VALUES (469, 12, CAST(N'2020-10-05' AS Date), 3)
INSERT [dbo].[Salidas] ([SalidaId], [ProductoId], [Fecha], [Cantidad]) VALUES (470, 8, CAST(N'2020-10-05' AS Date), 1)
INSERT [dbo].[Salidas] ([SalidaId], [ProductoId], [Fecha], [Cantidad]) VALUES (471, 83, CAST(N'2020-10-05' AS Date), 1)
INSERT [dbo].[Salidas] ([SalidaId], [ProductoId], [Fecha], [Cantidad]) VALUES (472, 33, CAST(N'2020-10-05' AS Date), 3)
INSERT [dbo].[Salidas] ([SalidaId], [ProductoId], [Fecha], [Cantidad]) VALUES (473, 64, CAST(N'2020-10-05' AS Date), 3)
INSERT [dbo].[Salidas] ([SalidaId], [ProductoId], [Fecha], [Cantidad]) VALUES (474, 37, CAST(N'2020-10-05' AS Date), 3)
INSERT [dbo].[Salidas] ([SalidaId], [ProductoId], [Fecha], [Cantidad]) VALUES (475, 82, CAST(N'2020-10-05' AS Date), 2)
INSERT [dbo].[Salidas] ([SalidaId], [ProductoId], [Fecha], [Cantidad]) VALUES (476, 83, CAST(N'2020-10-07' AS Date), 4)
INSERT [dbo].[Salidas] ([SalidaId], [ProductoId], [Fecha], [Cantidad]) VALUES (477, 13, CAST(N'2020-10-05' AS Date), 3)
INSERT [dbo].[Salidas] ([SalidaId], [ProductoId], [Fecha], [Cantidad]) VALUES (478, 73, CAST(N'2020-10-06' AS Date), 3)
INSERT [dbo].[Salidas] ([SalidaId], [ProductoId], [Fecha], [Cantidad]) VALUES (479, 5, CAST(N'2020-10-06' AS Date), 1)
INSERT [dbo].[Salidas] ([SalidaId], [ProductoId], [Fecha], [Cantidad]) VALUES (480, 1, CAST(N'2020-10-06' AS Date), 4)
INSERT [dbo].[Salidas] ([SalidaId], [ProductoId], [Fecha], [Cantidad]) VALUES (481, 78, CAST(N'2020-10-06' AS Date), 1)
INSERT [dbo].[Salidas] ([SalidaId], [ProductoId], [Fecha], [Cantidad]) VALUES (482, 27, CAST(N'2020-10-06' AS Date), 3)
INSERT [dbo].[Salidas] ([SalidaId], [ProductoId], [Fecha], [Cantidad]) VALUES (483, 2, CAST(N'2020-10-06' AS Date), 1)
INSERT [dbo].[Salidas] ([SalidaId], [ProductoId], [Fecha], [Cantidad]) VALUES (484, 3, CAST(N'2020-10-06' AS Date), 2)
INSERT [dbo].[Salidas] ([SalidaId], [ProductoId], [Fecha], [Cantidad]) VALUES (485, 11, CAST(N'2020-10-06' AS Date), 4)
INSERT [dbo].[Salidas] ([SalidaId], [ProductoId], [Fecha], [Cantidad]) VALUES (486, 20, CAST(N'2020-10-06' AS Date), 3)
INSERT [dbo].[Salidas] ([SalidaId], [ProductoId], [Fecha], [Cantidad]) VALUES (487, 12, CAST(N'2020-10-06' AS Date), 1)
INSERT [dbo].[Salidas] ([SalidaId], [ProductoId], [Fecha], [Cantidad]) VALUES (488, 15, CAST(N'2020-10-06' AS Date), 1)
INSERT [dbo].[Salidas] ([SalidaId], [ProductoId], [Fecha], [Cantidad]) VALUES (489, 25, CAST(N'2020-10-06' AS Date), 3)
INSERT [dbo].[Salidas] ([SalidaId], [ProductoId], [Fecha], [Cantidad]) VALUES (490, 7, CAST(N'2020-10-06' AS Date), 1)
INSERT [dbo].[Salidas] ([SalidaId], [ProductoId], [Fecha], [Cantidad]) VALUES (491, 22, CAST(N'2020-10-06' AS Date), 3)
INSERT [dbo].[Salidas] ([SalidaId], [ProductoId], [Fecha], [Cantidad]) VALUES (492, 18, CAST(N'2020-10-06' AS Date), 1)
INSERT [dbo].[Salidas] ([SalidaId], [ProductoId], [Fecha], [Cantidad]) VALUES (493, 32, CAST(N'2020-10-06' AS Date), 2)
INSERT [dbo].[Salidas] ([SalidaId], [ProductoId], [Fecha], [Cantidad]) VALUES (494, 84, CAST(N'2020-10-06' AS Date), 1)
INSERT [dbo].[Salidas] ([SalidaId], [ProductoId], [Fecha], [Cantidad]) VALUES (495, 68, CAST(N'2020-10-06' AS Date), 3)
INSERT [dbo].[Salidas] ([SalidaId], [ProductoId], [Fecha], [Cantidad]) VALUES (496, 16, CAST(N'2020-10-06' AS Date), 1)
INSERT [dbo].[Salidas] ([SalidaId], [ProductoId], [Fecha], [Cantidad]) VALUES (497, 21, CAST(N'2020-10-06' AS Date), 3)
INSERT [dbo].[Salidas] ([SalidaId], [ProductoId], [Fecha], [Cantidad]) VALUES (498, 21, CAST(N'2020-10-07' AS Date), 3)
INSERT [dbo].[Salidas] ([SalidaId], [ProductoId], [Fecha], [Cantidad]) VALUES (499, 19, CAST(N'2020-10-07' AS Date), 3)
GO
INSERT [dbo].[Salidas] ([SalidaId], [ProductoId], [Fecha], [Cantidad]) VALUES (500, 11, CAST(N'2020-10-07' AS Date), 1)
INSERT [dbo].[Salidas] ([SalidaId], [ProductoId], [Fecha], [Cantidad]) VALUES (501, 13, CAST(N'2020-10-07' AS Date), 1)
INSERT [dbo].[Salidas] ([SalidaId], [ProductoId], [Fecha], [Cantidad]) VALUES (502, 26, CAST(N'2020-10-07' AS Date), 3)
INSERT [dbo].[Salidas] ([SalidaId], [ProductoId], [Fecha], [Cantidad]) VALUES (503, 84, CAST(N'2020-10-07' AS Date), 2)
INSERT [dbo].[Salidas] ([SalidaId], [ProductoId], [Fecha], [Cantidad]) VALUES (504, 23, CAST(N'2020-10-07' AS Date), 3)
INSERT [dbo].[Salidas] ([SalidaId], [ProductoId], [Fecha], [Cantidad]) VALUES (505, 1, CAST(N'2020-10-07' AS Date), 1)
INSERT [dbo].[Salidas] ([SalidaId], [ProductoId], [Fecha], [Cantidad]) VALUES (506, 3, CAST(N'2020-10-07' AS Date), 1)
INSERT [dbo].[Salidas] ([SalidaId], [ProductoId], [Fecha], [Cantidad]) VALUES (507, 83, CAST(N'2020-10-13' AS Date), 1)
INSERT [dbo].[Salidas] ([SalidaId], [ProductoId], [Fecha], [Cantidad]) VALUES (508, 36, CAST(N'2020-10-07' AS Date), 3)
INSERT [dbo].[Salidas] ([SalidaId], [ProductoId], [Fecha], [Cantidad]) VALUES (509, 32, CAST(N'2020-08-03' AS Date), 1)
INSERT [dbo].[Salidas] ([SalidaId], [ProductoId], [Fecha], [Cantidad]) VALUES (510, 2, CAST(N'2020-10-07' AS Date), 1)
INSERT [dbo].[Salidas] ([SalidaId], [ProductoId], [Fecha], [Cantidad]) VALUES (511, 3, CAST(N'2020-10-08' AS Date), 1)
INSERT [dbo].[Salidas] ([SalidaId], [ProductoId], [Fecha], [Cantidad]) VALUES (512, 1, CAST(N'2020-10-08' AS Date), 1)
INSERT [dbo].[Salidas] ([SalidaId], [ProductoId], [Fecha], [Cantidad]) VALUES (513, 12, CAST(N'2020-10-08' AS Date), 1)
INSERT [dbo].[Salidas] ([SalidaId], [ProductoId], [Fecha], [Cantidad]) VALUES (514, 32, CAST(N'2020-09-22' AS Date), 1)
INSERT [dbo].[Salidas] ([SalidaId], [ProductoId], [Fecha], [Cantidad]) VALUES (515, 10, CAST(N'2020-10-08' AS Date), 1)
INSERT [dbo].[Salidas] ([SalidaId], [ProductoId], [Fecha], [Cantidad]) VALUES (516, 4, CAST(N'2020-10-08' AS Date), 3)
INSERT [dbo].[Salidas] ([SalidaId], [ProductoId], [Fecha], [Cantidad]) VALUES (517, 65, CAST(N'2020-10-08' AS Date), 6)
INSERT [dbo].[Salidas] ([SalidaId], [ProductoId], [Fecha], [Cantidad]) VALUES (518, 5, CAST(N'2020-10-08' AS Date), 1)
INSERT [dbo].[Salidas] ([SalidaId], [ProductoId], [Fecha], [Cantidad]) VALUES (519, 11, CAST(N'2020-10-08' AS Date), 2)
INSERT [dbo].[Salidas] ([SalidaId], [ProductoId], [Fecha], [Cantidad]) VALUES (520, 17, CAST(N'2020-10-08' AS Date), 1)
INSERT [dbo].[Salidas] ([SalidaId], [ProductoId], [Fecha], [Cantidad]) VALUES (521, 8, CAST(N'2020-10-08' AS Date), 1)
INSERT [dbo].[Salidas] ([SalidaId], [ProductoId], [Fecha], [Cantidad]) VALUES (522, 72, CAST(N'2020-10-08' AS Date), 3)
INSERT [dbo].[Salidas] ([SalidaId], [ProductoId], [Fecha], [Cantidad]) VALUES (523, 95, CAST(N'2020-10-08' AS Date), 3)
INSERT [dbo].[Salidas] ([SalidaId], [ProductoId], [Fecha], [Cantidad]) VALUES (524, 18, CAST(N'2020-10-09' AS Date), 1)
INSERT [dbo].[Salidas] ([SalidaId], [ProductoId], [Fecha], [Cantidad]) VALUES (525, 13, CAST(N'2020-10-09' AS Date), 1)
INSERT [dbo].[Salidas] ([SalidaId], [ProductoId], [Fecha], [Cantidad]) VALUES (526, 14, CAST(N'2020-10-09' AS Date), 1)
INSERT [dbo].[Salidas] ([SalidaId], [ProductoId], [Fecha], [Cantidad]) VALUES (527, 59, CAST(N'2020-10-09' AS Date), 3)
INSERT [dbo].[Salidas] ([SalidaId], [ProductoId], [Fecha], [Cantidad]) VALUES (528, 32, CAST(N'2020-10-08' AS Date), 1)
INSERT [dbo].[Salidas] ([SalidaId], [ProductoId], [Fecha], [Cantidad]) VALUES (529, 8, CAST(N'2020-10-09' AS Date), 1)
INSERT [dbo].[Salidas] ([SalidaId], [ProductoId], [Fecha], [Cantidad]) VALUES (530, 7, CAST(N'2020-10-09' AS Date), 1)
INSERT [dbo].[Salidas] ([SalidaId], [ProductoId], [Fecha], [Cantidad]) VALUES (531, 26, CAST(N'2020-10-09' AS Date), 3)
INSERT [dbo].[Salidas] ([SalidaId], [ProductoId], [Fecha], [Cantidad]) VALUES (532, 11, CAST(N'2020-10-09' AS Date), 2)
INSERT [dbo].[Salidas] ([SalidaId], [ProductoId], [Fecha], [Cantidad]) VALUES (533, 12, CAST(N'2020-10-09' AS Date), 1)
INSERT [dbo].[Salidas] ([SalidaId], [ProductoId], [Fecha], [Cantidad]) VALUES (534, 1, CAST(N'2020-10-13' AS Date), 1)
INSERT [dbo].[Salidas] ([SalidaId], [ProductoId], [Fecha], [Cantidad]) VALUES (535, 32, CAST(N'2020-10-13' AS Date), 11)
INSERT [dbo].[Salidas] ([SalidaId], [ProductoId], [Fecha], [Cantidad]) VALUES (536, 73, CAST(N'2020-10-13' AS Date), 3)
INSERT [dbo].[Salidas] ([SalidaId], [ProductoId], [Fecha], [Cantidad]) VALUES (537, 11, CAST(N'2020-10-13' AS Date), 2)
INSERT [dbo].[Salidas] ([SalidaId], [ProductoId], [Fecha], [Cantidad]) VALUES (538, 90, CAST(N'2020-10-13' AS Date), 3)
INSERT [dbo].[Salidas] ([SalidaId], [ProductoId], [Fecha], [Cantidad]) VALUES (539, 32, CAST(N'2020-10-09' AS Date), 2)
INSERT [dbo].[Salidas] ([SalidaId], [ProductoId], [Fecha], [Cantidad]) VALUES (540, 36, CAST(N'2020-10-13' AS Date), 7)
INSERT [dbo].[Salidas] ([SalidaId], [ProductoId], [Fecha], [Cantidad]) VALUES (541, 37, CAST(N'2020-10-13' AS Date), 1)
INSERT [dbo].[Salidas] ([SalidaId], [ProductoId], [Fecha], [Cantidad]) VALUES (542, 87, CAST(N'2020-10-13' AS Date), 6)
INSERT [dbo].[Salidas] ([SalidaId], [ProductoId], [Fecha], [Cantidad]) VALUES (543, 49, CAST(N'2020-10-13' AS Date), 1)
INSERT [dbo].[Salidas] ([SalidaId], [ProductoId], [Fecha], [Cantidad]) VALUES (544, 26, CAST(N'2020-10-13' AS Date), 3)
INSERT [dbo].[Salidas] ([SalidaId], [ProductoId], [Fecha], [Cantidad]) VALUES (545, 59, CAST(N'2020-10-13' AS Date), 3)
INSERT [dbo].[Salidas] ([SalidaId], [ProductoId], [Fecha], [Cantidad]) VALUES (546, 9, CAST(N'2020-10-13' AS Date), 1)
INSERT [dbo].[Salidas] ([SalidaId], [ProductoId], [Fecha], [Cantidad]) VALUES (547, 86, CAST(N'2020-10-13' AS Date), 3)
INSERT [dbo].[Salidas] ([SalidaId], [ProductoId], [Fecha], [Cantidad]) VALUES (548, 20, CAST(N'2020-10-14' AS Date), 3)
INSERT [dbo].[Salidas] ([SalidaId], [ProductoId], [Fecha], [Cantidad]) VALUES (549, 21, CAST(N'2020-10-14' AS Date), 6)
INSERT [dbo].[Salidas] ([SalidaId], [ProductoId], [Fecha], [Cantidad]) VALUES (550, 8, CAST(N'2020-10-14' AS Date), 1)
INSERT [dbo].[Salidas] ([SalidaId], [ProductoId], [Fecha], [Cantidad]) VALUES (551, 15, CAST(N'2020-10-14' AS Date), 1)
INSERT [dbo].[Salidas] ([SalidaId], [ProductoId], [Fecha], [Cantidad]) VALUES (552, 16, CAST(N'2020-10-14' AS Date), 1)
INSERT [dbo].[Salidas] ([SalidaId], [ProductoId], [Fecha], [Cantidad]) VALUES (553, 18, CAST(N'2020-10-14' AS Date), 1)
INSERT [dbo].[Salidas] ([SalidaId], [ProductoId], [Fecha], [Cantidad]) VALUES (554, 11, CAST(N'2020-10-14' AS Date), 1)
INSERT [dbo].[Salidas] ([SalidaId], [ProductoId], [Fecha], [Cantidad]) VALUES (555, 67, CAST(N'2020-10-14' AS Date), 3)
INSERT [dbo].[Salidas] ([SalidaId], [ProductoId], [Fecha], [Cantidad]) VALUES (556, 32, CAST(N'2020-10-14' AS Date), 2)
INSERT [dbo].[Salidas] ([SalidaId], [ProductoId], [Fecha], [Cantidad]) VALUES (557, 12, CAST(N'2020-10-14' AS Date), 1)
INSERT [dbo].[Salidas] ([SalidaId], [ProductoId], [Fecha], [Cantidad]) VALUES (558, 5, CAST(N'2020-10-14' AS Date), 2)
INSERT [dbo].[Salidas] ([SalidaId], [ProductoId], [Fecha], [Cantidad]) VALUES (559, 9, CAST(N'2020-10-14' AS Date), 1)
INSERT [dbo].[Salidas] ([SalidaId], [ProductoId], [Fecha], [Cantidad]) VALUES (560, 8, CAST(N'2020-10-15' AS Date), 5)
INSERT [dbo].[Salidas] ([SalidaId], [ProductoId], [Fecha], [Cantidad]) VALUES (561, 3, CAST(N'2020-10-15' AS Date), 4)
INSERT [dbo].[Salidas] ([SalidaId], [ProductoId], [Fecha], [Cantidad]) VALUES (562, 30, CAST(N'2020-10-15' AS Date), 2)
INSERT [dbo].[Salidas] ([SalidaId], [ProductoId], [Fecha], [Cantidad]) VALUES (563, 7, CAST(N'2020-10-15' AS Date), 3)
INSERT [dbo].[Salidas] ([SalidaId], [ProductoId], [Fecha], [Cantidad]) VALUES (564, 11, CAST(N'2020-10-15' AS Date), 2)
INSERT [dbo].[Salidas] ([SalidaId], [ProductoId], [Fecha], [Cantidad]) VALUES (565, 17, CAST(N'2020-10-15' AS Date), 1)
INSERT [dbo].[Salidas] ([SalidaId], [ProductoId], [Fecha], [Cantidad]) VALUES (566, 9, CAST(N'2020-10-15' AS Date), 4)
INSERT [dbo].[Salidas] ([SalidaId], [ProductoId], [Fecha], [Cantidad]) VALUES (567, 19, CAST(N'2020-10-15' AS Date), 3)
INSERT [dbo].[Salidas] ([SalidaId], [ProductoId], [Fecha], [Cantidad]) VALUES (568, 1, CAST(N'2020-10-15' AS Date), 1)
INSERT [dbo].[Salidas] ([SalidaId], [ProductoId], [Fecha], [Cantidad]) VALUES (569, 13, CAST(N'2020-10-16' AS Date), 1)
INSERT [dbo].[Salidas] ([SalidaId], [ProductoId], [Fecha], [Cantidad]) VALUES (570, 94, CAST(N'2020-10-16' AS Date), 3)
INSERT [dbo].[Salidas] ([SalidaId], [ProductoId], [Fecha], [Cantidad]) VALUES (571, 3, CAST(N'2020-10-16' AS Date), 1)
INSERT [dbo].[Salidas] ([SalidaId], [ProductoId], [Fecha], [Cantidad]) VALUES (572, 2, CAST(N'2020-10-16' AS Date), 1)
INSERT [dbo].[Salidas] ([SalidaId], [ProductoId], [Fecha], [Cantidad]) VALUES (573, 65, CAST(N'2020-10-16' AS Date), 3)
INSERT [dbo].[Salidas] ([SalidaId], [ProductoId], [Fecha], [Cantidad]) VALUES (574, 22, CAST(N'2020-10-16' AS Date), 3)
INSERT [dbo].[Salidas] ([SalidaId], [ProductoId], [Fecha], [Cantidad]) VALUES (575, 7, CAST(N'2020-10-16' AS Date), 2)
INSERT [dbo].[Salidas] ([SalidaId], [ProductoId], [Fecha], [Cantidad]) VALUES (576, 18, CAST(N'2020-10-19' AS Date), 1)
INSERT [dbo].[Salidas] ([SalidaId], [ProductoId], [Fecha], [Cantidad]) VALUES (577, 29, CAST(N'2020-10-19' AS Date), 3)
INSERT [dbo].[Salidas] ([SalidaId], [ProductoId], [Fecha], [Cantidad]) VALUES (578, 32, CAST(N'2020-10-19' AS Date), 2)
INSERT [dbo].[Salidas] ([SalidaId], [ProductoId], [Fecha], [Cantidad]) VALUES (579, 1, CAST(N'2020-10-19' AS Date), 1)
INSERT [dbo].[Salidas] ([SalidaId], [ProductoId], [Fecha], [Cantidad]) VALUES (580, 11, CAST(N'2020-10-19' AS Date), 1)
INSERT [dbo].[Salidas] ([SalidaId], [ProductoId], [Fecha], [Cantidad]) VALUES (581, 19, CAST(N'2020-10-20' AS Date), 6)
INSERT [dbo].[Salidas] ([SalidaId], [ProductoId], [Fecha], [Cantidad]) VALUES (582, 17, CAST(N'2020-10-20' AS Date), 2)
INSERT [dbo].[Salidas] ([SalidaId], [ProductoId], [Fecha], [Cantidad]) VALUES (583, 20, CAST(N'2020-10-20' AS Date), 3)
INSERT [dbo].[Salidas] ([SalidaId], [ProductoId], [Fecha], [Cantidad]) VALUES (584, 11, CAST(N'2020-10-20' AS Date), 2)
INSERT [dbo].[Salidas] ([SalidaId], [ProductoId], [Fecha], [Cantidad]) VALUES (585, 32, CAST(N'2020-10-20' AS Date), 6)
INSERT [dbo].[Salidas] ([SalidaId], [ProductoId], [Fecha], [Cantidad]) VALUES (586, 7, CAST(N'2020-10-20' AS Date), 2)
INSERT [dbo].[Salidas] ([SalidaId], [ProductoId], [Fecha], [Cantidad]) VALUES (587, 12, CAST(N'2020-10-20' AS Date), 1)
INSERT [dbo].[Salidas] ([SalidaId], [ProductoId], [Fecha], [Cantidad]) VALUES (588, 67, CAST(N'2020-10-20' AS Date), 3)
INSERT [dbo].[Salidas] ([SalidaId], [ProductoId], [Fecha], [Cantidad]) VALUES (589, 13, CAST(N'2020-10-20' AS Date), 1)
INSERT [dbo].[Salidas] ([SalidaId], [ProductoId], [Fecha], [Cantidad]) VALUES (590, 35, CAST(N'2020-10-21' AS Date), 1)
INSERT [dbo].[Salidas] ([SalidaId], [ProductoId], [Fecha], [Cantidad]) VALUES (591, 96, CAST(N'2020-10-21' AS Date), 3)
INSERT [dbo].[Salidas] ([SalidaId], [ProductoId], [Fecha], [Cantidad]) VALUES (592, 32, CAST(N'2020-10-21' AS Date), 3)
INSERT [dbo].[Salidas] ([SalidaId], [ProductoId], [Fecha], [Cantidad]) VALUES (593, 7, CAST(N'2020-10-21' AS Date), 1)
INSERT [dbo].[Salidas] ([SalidaId], [ProductoId], [Fecha], [Cantidad]) VALUES (594, 5, CAST(N'2020-10-21' AS Date), 2)
INSERT [dbo].[Salidas] ([SalidaId], [ProductoId], [Fecha], [Cantidad]) VALUES (595, 1, CAST(N'2020-10-21' AS Date), 2)
INSERT [dbo].[Salidas] ([SalidaId], [ProductoId], [Fecha], [Cantidad]) VALUES (596, 18, CAST(N'2020-10-21' AS Date), 1)
INSERT [dbo].[Salidas] ([SalidaId], [ProductoId], [Fecha], [Cantidad]) VALUES (597, 8, CAST(N'2020-10-21' AS Date), 1)
INSERT [dbo].[Salidas] ([SalidaId], [ProductoId], [Fecha], [Cantidad]) VALUES (598, 19, CAST(N'2020-10-21' AS Date), 3)
INSERT [dbo].[Salidas] ([SalidaId], [ProductoId], [Fecha], [Cantidad]) VALUES (599, 11, CAST(N'2020-10-21' AS Date), 4)
GO
INSERT [dbo].[Salidas] ([SalidaId], [ProductoId], [Fecha], [Cantidad]) VALUES (600, 24, CAST(N'2020-10-21' AS Date), 3)
INSERT [dbo].[Salidas] ([SalidaId], [ProductoId], [Fecha], [Cantidad]) VALUES (601, 4, CAST(N'2020-10-21' AS Date), 1)
INSERT [dbo].[Salidas] ([SalidaId], [ProductoId], [Fecha], [Cantidad]) VALUES (602, 3, CAST(N'2020-10-21' AS Date), 2)
INSERT [dbo].[Salidas] ([SalidaId], [ProductoId], [Fecha], [Cantidad]) VALUES (603, 32, CAST(N'2020-10-22' AS Date), 5)
INSERT [dbo].[Salidas] ([SalidaId], [ProductoId], [Fecha], [Cantidad]) VALUES (604, 27, CAST(N'2020-10-22' AS Date), 3)
INSERT [dbo].[Salidas] ([SalidaId], [ProductoId], [Fecha], [Cantidad]) VALUES (605, 68, CAST(N'2020-10-22' AS Date), 3)
INSERT [dbo].[Salidas] ([SalidaId], [ProductoId], [Fecha], [Cantidad]) VALUES (606, 7, CAST(N'2020-10-22' AS Date), 1)
INSERT [dbo].[Salidas] ([SalidaId], [ProductoId], [Fecha], [Cantidad]) VALUES (607, 32, CAST(N'2020-10-23' AS Date), 4)
INSERT [dbo].[Salidas] ([SalidaId], [ProductoId], [Fecha], [Cantidad]) VALUES (608, 32, CAST(N'2020-10-27' AS Date), 4)
INSERT [dbo].[Salidas] ([SalidaId], [ProductoId], [Fecha], [Cantidad]) VALUES (609, 32, CAST(N'2020-10-29' AS Date), 2)
INSERT [dbo].[Salidas] ([SalidaId], [ProductoId], [Fecha], [Cantidad]) VALUES (610, 3, CAST(N'2020-10-22' AS Date), 1)
INSERT [dbo].[Salidas] ([SalidaId], [ProductoId], [Fecha], [Cantidad]) VALUES (611, 28, CAST(N'2020-10-22' AS Date), 3)
INSERT [dbo].[Salidas] ([SalidaId], [ProductoId], [Fecha], [Cantidad]) VALUES (612, 25, CAST(N'2020-10-23' AS Date), 9)
INSERT [dbo].[Salidas] ([SalidaId], [ProductoId], [Fecha], [Cantidad]) VALUES (613, 11, CAST(N'2020-10-23' AS Date), 2)
INSERT [dbo].[Salidas] ([SalidaId], [ProductoId], [Fecha], [Cantidad]) VALUES (614, 71, CAST(N'2020-10-23' AS Date), 3)
INSERT [dbo].[Salidas] ([SalidaId], [ProductoId], [Fecha], [Cantidad]) VALUES (615, 78, CAST(N'2020-10-23' AS Date), 3)
INSERT [dbo].[Salidas] ([SalidaId], [ProductoId], [Fecha], [Cantidad]) VALUES (616, 3, CAST(N'2020-10-23' AS Date), 1)
INSERT [dbo].[Salidas] ([SalidaId], [ProductoId], [Fecha], [Cantidad]) VALUES (617, 32, CAST(N'2020-10-30' AS Date), 2)
INSERT [dbo].[Salidas] ([SalidaId], [ProductoId], [Fecha], [Cantidad]) VALUES (618, 4, CAST(N'2020-10-23' AS Date), 3)
INSERT [dbo].[Salidas] ([SalidaId], [ProductoId], [Fecha], [Cantidad]) VALUES (619, 7, CAST(N'2020-10-23' AS Date), 1)
INSERT [dbo].[Salidas] ([SalidaId], [ProductoId], [Fecha], [Cantidad]) VALUES (620, 63, CAST(N'2020-10-23' AS Date), 3)
INSERT [dbo].[Salidas] ([SalidaId], [ProductoId], [Fecha], [Cantidad]) VALUES (621, 18, CAST(N'2020-10-23' AS Date), 1)
INSERT [dbo].[Salidas] ([SalidaId], [ProductoId], [Fecha], [Cantidad]) VALUES (622, 32, CAST(N'2020-10-31' AS Date), 1)
INSERT [dbo].[Salidas] ([SalidaId], [ProductoId], [Fecha], [Cantidad]) VALUES (623, 47, CAST(N'2020-08-20' AS Date), 1)
INSERT [dbo].[Salidas] ([SalidaId], [ProductoId], [Fecha], [Cantidad]) VALUES (624, 1, CAST(N'2020-10-23' AS Date), 3)
INSERT [dbo].[Salidas] ([SalidaId], [ProductoId], [Fecha], [Cantidad]) VALUES (625, 47, CAST(N'2020-09-05' AS Date), 1)
INSERT [dbo].[Salidas] ([SalidaId], [ProductoId], [Fecha], [Cantidad]) VALUES (626, 10, CAST(N'2020-10-23' AS Date), 1)
INSERT [dbo].[Salidas] ([SalidaId], [ProductoId], [Fecha], [Cantidad]) VALUES (627, 8, CAST(N'2020-10-23' AS Date), 1)
INSERT [dbo].[Salidas] ([SalidaId], [ProductoId], [Fecha], [Cantidad]) VALUES (628, 47, CAST(N'2020-09-29' AS Date), 1)
INSERT [dbo].[Salidas] ([SalidaId], [ProductoId], [Fecha], [Cantidad]) VALUES (629, 9, CAST(N'2020-10-27' AS Date), 1)
INSERT [dbo].[Salidas] ([SalidaId], [ProductoId], [Fecha], [Cantidad]) VALUES (630, 81, CAST(N'2020-10-27' AS Date), 1)
INSERT [dbo].[Salidas] ([SalidaId], [ProductoId], [Fecha], [Cantidad]) VALUES (631, 12, CAST(N'2020-10-27' AS Date), 1)
INSERT [dbo].[Salidas] ([SalidaId], [ProductoId], [Fecha], [Cantidad]) VALUES (632, 25, CAST(N'2020-10-27' AS Date), 3)
INSERT [dbo].[Salidas] ([SalidaId], [ProductoId], [Fecha], [Cantidad]) VALUES (633, 11, CAST(N'2020-10-27' AS Date), 2)
INSERT [dbo].[Salidas] ([SalidaId], [ProductoId], [Fecha], [Cantidad]) VALUES (634, 4, CAST(N'2020-10-27' AS Date), 2)
INSERT [dbo].[Salidas] ([SalidaId], [ProductoId], [Fecha], [Cantidad]) VALUES (635, 5, CAST(N'2020-10-27' AS Date), 1)
INSERT [dbo].[Salidas] ([SalidaId], [ProductoId], [Fecha], [Cantidad]) VALUES (636, 47, CAST(N'2020-10-02' AS Date), 1)
INSERT [dbo].[Salidas] ([SalidaId], [ProductoId], [Fecha], [Cantidad]) VALUES (637, 6, CAST(N'2020-10-27' AS Date), 1)
INSERT [dbo].[Salidas] ([SalidaId], [ProductoId], [Fecha], [Cantidad]) VALUES (638, 27, CAST(N'2020-10-27' AS Date), 3)
INSERT [dbo].[Salidas] ([SalidaId], [ProductoId], [Fecha], [Cantidad]) VALUES (639, 20, CAST(N'2020-10-27' AS Date), 3)
INSERT [dbo].[Salidas] ([SalidaId], [ProductoId], [Fecha], [Cantidad]) VALUES (640, 13, CAST(N'2020-10-27' AS Date), 1)
INSERT [dbo].[Salidas] ([SalidaId], [ProductoId], [Fecha], [Cantidad]) VALUES (641, 14, CAST(N'2020-10-27' AS Date), 1)
INSERT [dbo].[Salidas] ([SalidaId], [ProductoId], [Fecha], [Cantidad]) VALUES (642, 15, CAST(N'2020-10-27' AS Date), 3)
INSERT [dbo].[Salidas] ([SalidaId], [ProductoId], [Fecha], [Cantidad]) VALUES (643, 16, CAST(N'2020-10-27' AS Date), 1)
INSERT [dbo].[Salidas] ([SalidaId], [ProductoId], [Fecha], [Cantidad]) VALUES (644, 17, CAST(N'2020-10-27' AS Date), 1)
INSERT [dbo].[Salidas] ([SalidaId], [ProductoId], [Fecha], [Cantidad]) VALUES (645, 11, CAST(N'2020-10-29' AS Date), 4)
INSERT [dbo].[Salidas] ([SalidaId], [ProductoId], [Fecha], [Cantidad]) VALUES (646, 18, CAST(N'2020-10-29' AS Date), 1)
INSERT [dbo].[Salidas] ([SalidaId], [ProductoId], [Fecha], [Cantidad]) VALUES (647, 47, CAST(N'2020-10-05' AS Date), 2)
INSERT [dbo].[Salidas] ([SalidaId], [ProductoId], [Fecha], [Cantidad]) VALUES (648, 47, CAST(N'2020-10-29' AS Date), 2)
INSERT [dbo].[Salidas] ([SalidaId], [ProductoId], [Fecha], [Cantidad]) VALUES (649, 5, CAST(N'2020-10-29' AS Date), 1)
INSERT [dbo].[Salidas] ([SalidaId], [ProductoId], [Fecha], [Cantidad]) VALUES (650, 2, CAST(N'2020-10-29' AS Date), 1)
INSERT [dbo].[Salidas] ([SalidaId], [ProductoId], [Fecha], [Cantidad]) VALUES (651, 23, CAST(N'2020-10-29' AS Date), 3)
INSERT [dbo].[Salidas] ([SalidaId], [ProductoId], [Fecha], [Cantidad]) VALUES (652, 26, CAST(N'2020-10-29' AS Date), 3)
INSERT [dbo].[Salidas] ([SalidaId], [ProductoId], [Fecha], [Cantidad]) VALUES (653, 66, CAST(N'2020-10-29' AS Date), 3)
INSERT [dbo].[Salidas] ([SalidaId], [ProductoId], [Fecha], [Cantidad]) VALUES (654, 8, CAST(N'2020-10-29' AS Date), 1)
INSERT [dbo].[Salidas] ([SalidaId], [ProductoId], [Fecha], [Cantidad]) VALUES (655, 12, CAST(N'2020-10-29' AS Date), 1)
INSERT [dbo].[Salidas] ([SalidaId], [ProductoId], [Fecha], [Cantidad]) VALUES (656, 1, CAST(N'2020-10-29' AS Date), 1)
INSERT [dbo].[Salidas] ([SalidaId], [ProductoId], [Fecha], [Cantidad]) VALUES (657, 5, CAST(N'2020-10-30' AS Date), 1)
INSERT [dbo].[Salidas] ([SalidaId], [ProductoId], [Fecha], [Cantidad]) VALUES (658, 27, CAST(N'2020-10-30' AS Date), 3)
INSERT [dbo].[Salidas] ([SalidaId], [ProductoId], [Fecha], [Cantidad]) VALUES (659, 26, CAST(N'2020-10-30' AS Date), 3)
INSERT [dbo].[Salidas] ([SalidaId], [ProductoId], [Fecha], [Cantidad]) VALUES (660, 22, CAST(N'2020-10-30' AS Date), 3)
INSERT [dbo].[Salidas] ([SalidaId], [ProductoId], [Fecha], [Cantidad]) VALUES (661, 91, CAST(N'2020-10-02' AS Date), 1)
INSERT [dbo].[Salidas] ([SalidaId], [ProductoId], [Fecha], [Cantidad]) VALUES (662, 1, CAST(N'2020-10-30' AS Date), 4)
INSERT [dbo].[Salidas] ([SalidaId], [ProductoId], [Fecha], [Cantidad]) VALUES (663, 68, CAST(N'2020-10-30' AS Date), 3)
INSERT [dbo].[Salidas] ([SalidaId], [ProductoId], [Fecha], [Cantidad]) VALUES (664, 4, CAST(N'2020-10-30' AS Date), 2)
INSERT [dbo].[Salidas] ([SalidaId], [ProductoId], [Fecha], [Cantidad]) VALUES (665, 14, CAST(N'2020-10-30' AS Date), 1)
INSERT [dbo].[Salidas] ([SalidaId], [ProductoId], [Fecha], [Cantidad]) VALUES (666, 15, CAST(N'2020-10-30' AS Date), 1)
INSERT [dbo].[Salidas] ([SalidaId], [ProductoId], [Fecha], [Cantidad]) VALUES (667, 16, CAST(N'2020-10-30' AS Date), 1)
INSERT [dbo].[Salidas] ([SalidaId], [ProductoId], [Fecha], [Cantidad]) VALUES (668, 11, CAST(N'2020-10-30' AS Date), 2)
INSERT [dbo].[Salidas] ([SalidaId], [ProductoId], [Fecha], [Cantidad]) VALUES (669, 20, CAST(N'2020-10-30' AS Date), 3)
INSERT [dbo].[Salidas] ([SalidaId], [ProductoId], [Fecha], [Cantidad]) VALUES (670, 9, CAST(N'2020-10-30' AS Date), 1)
INSERT [dbo].[Salidas] ([SalidaId], [ProductoId], [Fecha], [Cantidad]) VALUES (671, 18, CAST(N'2020-10-31' AS Date), 1)
INSERT [dbo].[Salidas] ([SalidaId], [ProductoId], [Fecha], [Cantidad]) VALUES (672, 23, CAST(N'2020-10-31' AS Date), 3)
INSERT [dbo].[Salidas] ([SalidaId], [ProductoId], [Fecha], [Cantidad]) VALUES (673, 24, CAST(N'2020-10-31' AS Date), 3)
INSERT [dbo].[Salidas] ([SalidaId], [ProductoId], [Fecha], [Cantidad]) VALUES (674, 12, CAST(N'2020-10-31' AS Date), 1)
INSERT [dbo].[Salidas] ([SalidaId], [ProductoId], [Fecha], [Cantidad]) VALUES (675, 7, CAST(N'2020-10-31' AS Date), 1)
INSERT [dbo].[Salidas] ([SalidaId], [ProductoId], [Fecha], [Cantidad]) VALUES (676, 4, CAST(N'2020-10-31' AS Date), 5)
INSERT [dbo].[Salidas] ([SalidaId], [ProductoId], [Fecha], [Cantidad]) VALUES (677, 81, CAST(N'2020-10-31' AS Date), 2)
INSERT [dbo].[Salidas] ([SalidaId], [ProductoId], [Fecha], [Cantidad]) VALUES (678, 8, CAST(N'2020-10-31' AS Date), 1)
INSERT [dbo].[Salidas] ([SalidaId], [ProductoId], [Fecha], [Cantidad]) VALUES (679, 63, CAST(N'2020-10-31' AS Date), 3)
INSERT [dbo].[Salidas] ([SalidaId], [ProductoId], [Fecha], [Cantidad]) VALUES (680, 11, CAST(N'2020-10-31' AS Date), 4)
INSERT [dbo].[Salidas] ([SalidaId], [ProductoId], [Fecha], [Cantidad]) VALUES (681, 34, CAST(N'2020-10-27' AS Date), 2)
INSERT [dbo].[Salidas] ([SalidaId], [ProductoId], [Fecha], [Cantidad]) VALUES (682, 2, CAST(N'2020-10-31' AS Date), 1)
INSERT [dbo].[Salidas] ([SalidaId], [ProductoId], [Fecha], [Cantidad]) VALUES (683, 9, CAST(N'2020-10-31' AS Date), 1)
INSERT [dbo].[Salidas] ([SalidaId], [ProductoId], [Fecha], [Cantidad]) VALUES (684, 8, CAST(N'2020-10-31' AS Date), 1)
INSERT [dbo].[Salidas] ([SalidaId], [ProductoId], [Fecha], [Cantidad]) VALUES (685, 6, CAST(N'2020-10-31' AS Date), 1)
INSERT [dbo].[Salidas] ([SalidaId], [ProductoId], [Fecha], [Cantidad]) VALUES (686, 55, CAST(N'2020-10-31' AS Date), 1)
INSERT [dbo].[Salidas] ([SalidaId], [ProductoId], [Fecha], [Cantidad]) VALUES (687, 14, CAST(N'2020-10-31' AS Date), 1)
INSERT [dbo].[Salidas] ([SalidaId], [ProductoId], [Fecha], [Cantidad]) VALUES (688, 67, CAST(N'2020-10-31' AS Date), 3)
INSERT [dbo].[Salidas] ([SalidaId], [ProductoId], [Fecha], [Cantidad]) VALUES (689, 79, CAST(N'2020-10-31' AS Date), 3)
INSERT [dbo].[Salidas] ([SalidaId], [ProductoId], [Fecha], [Cantidad]) VALUES (690, 25, CAST(N'2020-10-31' AS Date), 3)
INSERT [dbo].[Salidas] ([SalidaId], [ProductoId], [Fecha], [Cantidad]) VALUES (691, 14, CAST(N'2020-11-12' AS Date), 1)
INSERT [dbo].[Salidas] ([SalidaId], [ProductoId], [Fecha], [Cantidad]) VALUES (692, 15, CAST(N'2020-11-12' AS Date), 1)
INSERT [dbo].[Salidas] ([SalidaId], [ProductoId], [Fecha], [Cantidad]) VALUES (693, 16, CAST(N'2020-11-12' AS Date), 1)
INSERT [dbo].[Salidas] ([SalidaId], [ProductoId], [Fecha], [Cantidad]) VALUES (694, 12, CAST(N'2020-11-12' AS Date), 1)
INSERT [dbo].[Salidas] ([SalidaId], [ProductoId], [Fecha], [Cantidad]) VALUES (695, 26, CAST(N'2020-11-12' AS Date), 3)
INSERT [dbo].[Salidas] ([SalidaId], [ProductoId], [Fecha], [Cantidad]) VALUES (696, 24, CAST(N'2020-11-12' AS Date), 6)
INSERT [dbo].[Salidas] ([SalidaId], [ProductoId], [Fecha], [Cantidad]) VALUES (697, 11, CAST(N'2020-11-12' AS Date), 2)
INSERT [dbo].[Salidas] ([SalidaId], [ProductoId], [Fecha], [Cantidad]) VALUES (698, 64, CAST(N'2020-11-12' AS Date), 3)
INSERT [dbo].[Salidas] ([SalidaId], [ProductoId], [Fecha], [Cantidad]) VALUES (699, 23, CAST(N'2020-11-12' AS Date), 3)
GO
INSERT [dbo].[Salidas] ([SalidaId], [ProductoId], [Fecha], [Cantidad]) VALUES (700, 98, CAST(N'2020-11-12' AS Date), 3)
INSERT [dbo].[Salidas] ([SalidaId], [ProductoId], [Fecha], [Cantidad]) VALUES (701, 4, CAST(N'2020-11-12' AS Date), 2)
INSERT [dbo].[Salidas] ([SalidaId], [ProductoId], [Fecha], [Cantidad]) VALUES (702, 1, CAST(N'2020-11-12' AS Date), 1)
INSERT [dbo].[Salidas] ([SalidaId], [ProductoId], [Fecha], [Cantidad]) VALUES (703, 13, CAST(N'2020-11-12' AS Date), 1)
INSERT [dbo].[Salidas] ([SalidaId], [ProductoId], [Fecha], [Cantidad]) VALUES (704, 32, CAST(N'2020-11-12' AS Date), 1)
INSERT [dbo].[Salidas] ([SalidaId], [ProductoId], [Fecha], [Cantidad]) VALUES (705, 62, CAST(N'2020-11-12' AS Date), 3)
INSERT [dbo].[Salidas] ([SalidaId], [ProductoId], [Fecha], [Cantidad]) VALUES (706, 27, CAST(N'2020-11-12' AS Date), 3)
INSERT [dbo].[Salidas] ([SalidaId], [ProductoId], [Fecha], [Cantidad]) VALUES (707, 19, CAST(N'2020-11-13' AS Date), 3)
INSERT [dbo].[Salidas] ([SalidaId], [ProductoId], [Fecha], [Cantidad]) VALUES (708, 20, CAST(N'2020-11-13' AS Date), 3)
INSERT [dbo].[Salidas] ([SalidaId], [ProductoId], [Fecha], [Cantidad]) VALUES (709, 33, CAST(N'2020-11-13' AS Date), 6)
INSERT [dbo].[Salidas] ([SalidaId], [ProductoId], [Fecha], [Cantidad]) VALUES (710, 11, CAST(N'2020-11-13' AS Date), 3)
INSERT [dbo].[Salidas] ([SalidaId], [ProductoId], [Fecha], [Cantidad]) VALUES (711, 18, CAST(N'2020-11-13' AS Date), 1)
INSERT [dbo].[Salidas] ([SalidaId], [ProductoId], [Fecha], [Cantidad]) VALUES (712, 4, CAST(N'2020-11-13' AS Date), 1)
INSERT [dbo].[Salidas] ([SalidaId], [ProductoId], [Fecha], [Cantidad]) VALUES (713, 14, CAST(N'2020-11-13' AS Date), 1)
INSERT [dbo].[Salidas] ([SalidaId], [ProductoId], [Fecha], [Cantidad]) VALUES (714, 10, CAST(N'2020-11-13' AS Date), 2)
INSERT [dbo].[Salidas] ([SalidaId], [ProductoId], [Fecha], [Cantidad]) VALUES (715, 7, CAST(N'2020-11-13' AS Date), 3)
INSERT [dbo].[Salidas] ([SalidaId], [ProductoId], [Fecha], [Cantidad]) VALUES (716, 98, CAST(N'2020-11-13' AS Date), 3)
INSERT [dbo].[Salidas] ([SalidaId], [ProductoId], [Fecha], [Cantidad]) VALUES (717, 2, CAST(N'2020-11-13' AS Date), 1)
INSERT [dbo].[Salidas] ([SalidaId], [ProductoId], [Fecha], [Cantidad]) VALUES (718, 73, CAST(N'2020-11-13' AS Date), 3)
INSERT [dbo].[Salidas] ([SalidaId], [ProductoId], [Fecha], [Cantidad]) VALUES (719, 22, CAST(N'2020-11-13' AS Date), 3)
INSERT [dbo].[Salidas] ([SalidaId], [ProductoId], [Fecha], [Cantidad]) VALUES (720, 5, CAST(N'2020-11-13' AS Date), 1)
INSERT [dbo].[Salidas] ([SalidaId], [ProductoId], [Fecha], [Cantidad]) VALUES (721, 15, CAST(N'2020-11-13' AS Date), 1)
INSERT [dbo].[Salidas] ([SalidaId], [ProductoId], [Fecha], [Cantidad]) VALUES (722, 69, CAST(N'2020-11-13' AS Date), 3)
INSERT [dbo].[Salidas] ([SalidaId], [ProductoId], [Fecha], [Cantidad]) VALUES (723, 12, CAST(N'2020-11-13' AS Date), 1)
INSERT [dbo].[Salidas] ([SalidaId], [ProductoId], [Fecha], [Cantidad]) VALUES (724, 6, CAST(N'2020-11-13' AS Date), 1)
INSERT [dbo].[Salidas] ([SalidaId], [ProductoId], [Fecha], [Cantidad]) VALUES (725, 32, CAST(N'2020-11-13' AS Date), 1)
INSERT [dbo].[Salidas] ([SalidaId], [ProductoId], [Fecha], [Cantidad]) VALUES (726, 68, CAST(N'2020-11-13' AS Date), 2)
INSERT [dbo].[Salidas] ([SalidaId], [ProductoId], [Fecha], [Cantidad]) VALUES (727, 47, CAST(N'2020-11-17' AS Date), 1)
INSERT [dbo].[Salidas] ([SalidaId], [ProductoId], [Fecha], [Cantidad]) VALUES (728, 14, CAST(N'2020-11-17' AS Date), 1)
INSERT [dbo].[Salidas] ([SalidaId], [ProductoId], [Fecha], [Cantidad]) VALUES (729, 11, CAST(N'2020-11-17' AS Date), 2)
INSERT [dbo].[Salidas] ([SalidaId], [ProductoId], [Fecha], [Cantidad]) VALUES (730, 83, CAST(N'2020-11-17' AS Date), 3)
INSERT [dbo].[Salidas] ([SalidaId], [ProductoId], [Fecha], [Cantidad]) VALUES (731, 5, CAST(N'2020-11-17' AS Date), 1)
INSERT [dbo].[Salidas] ([SalidaId], [ProductoId], [Fecha], [Cantidad]) VALUES (732, 65, CAST(N'2020-11-17' AS Date), 3)
INSERT [dbo].[Salidas] ([SalidaId], [ProductoId], [Fecha], [Cantidad]) VALUES (733, 12, CAST(N'2020-11-17' AS Date), 1)
INSERT [dbo].[Salidas] ([SalidaId], [ProductoId], [Fecha], [Cantidad]) VALUES (734, 32, CAST(N'2020-11-17' AS Date), 6)
INSERT [dbo].[Salidas] ([SalidaId], [ProductoId], [Fecha], [Cantidad]) VALUES (735, 87, CAST(N'2020-11-17' AS Date), 1)
INSERT [dbo].[Salidas] ([SalidaId], [ProductoId], [Fecha], [Cantidad]) VALUES (736, 13, CAST(N'2020-11-17' AS Date), 1)
INSERT [dbo].[Salidas] ([SalidaId], [ProductoId], [Fecha], [Cantidad]) VALUES (737, 4, CAST(N'2020-11-17' AS Date), 1)
INSERT [dbo].[Salidas] ([SalidaId], [ProductoId], [Fecha], [Cantidad]) VALUES (738, 85, CAST(N'2020-11-17' AS Date), 2)
INSERT [dbo].[Salidas] ([SalidaId], [ProductoId], [Fecha], [Cantidad]) VALUES (739, 24, CAST(N'2020-11-17' AS Date), 3)
INSERT [dbo].[Salidas] ([SalidaId], [ProductoId], [Fecha], [Cantidad]) VALUES (740, 1, CAST(N'2020-11-17' AS Date), 1)
INSERT [dbo].[Salidas] ([SalidaId], [ProductoId], [Fecha], [Cantidad]) VALUES (741, 2, CAST(N'2020-11-17' AS Date), 1)
INSERT [dbo].[Salidas] ([SalidaId], [ProductoId], [Fecha], [Cantidad]) VALUES (742, 1, CAST(N'2020-11-18' AS Date), 2)
INSERT [dbo].[Salidas] ([SalidaId], [ProductoId], [Fecha], [Cantidad]) VALUES (743, 28, CAST(N'2020-11-18' AS Date), 3)
INSERT [dbo].[Salidas] ([SalidaId], [ProductoId], [Fecha], [Cantidad]) VALUES (744, 37, CAST(N'2020-11-18' AS Date), 2)
INSERT [dbo].[Salidas] ([SalidaId], [ProductoId], [Fecha], [Cantidad]) VALUES (745, 33, CAST(N'2020-11-18' AS Date), 3)
INSERT [dbo].[Salidas] ([SalidaId], [ProductoId], [Fecha], [Cantidad]) VALUES (746, 83, CAST(N'2020-11-18' AS Date), 1)
INSERT [dbo].[Salidas] ([SalidaId], [ProductoId], [Fecha], [Cantidad]) VALUES (747, 11, CAST(N'2020-11-18' AS Date), 4)
INSERT [dbo].[Salidas] ([SalidaId], [ProductoId], [Fecha], [Cantidad]) VALUES (748, 32, CAST(N'2020-11-18' AS Date), 4)
INSERT [dbo].[Salidas] ([SalidaId], [ProductoId], [Fecha], [Cantidad]) VALUES (749, 4, CAST(N'2020-11-18' AS Date), 1)
INSERT [dbo].[Salidas] ([SalidaId], [ProductoId], [Fecha], [Cantidad]) VALUES (750, 36, CAST(N'2020-11-18' AS Date), 3)
INSERT [dbo].[Salidas] ([SalidaId], [ProductoId], [Fecha], [Cantidad]) VALUES (751, 22, CAST(N'2020-11-18' AS Date), 6)
INSERT [dbo].[Salidas] ([SalidaId], [ProductoId], [Fecha], [Cantidad]) VALUES (752, 12, CAST(N'2020-11-18' AS Date), 1)
INSERT [dbo].[Salidas] ([SalidaId], [ProductoId], [Fecha], [Cantidad]) VALUES (753, 14, CAST(N'2020-11-18' AS Date), 1)
INSERT [dbo].[Salidas] ([SalidaId], [ProductoId], [Fecha], [Cantidad]) VALUES (754, 18, CAST(N'2020-11-18' AS Date), 1)
INSERT [dbo].[Salidas] ([SalidaId], [ProductoId], [Fecha], [Cantidad]) VALUES (755, 15, CAST(N'2020-11-18' AS Date), 1)
INSERT [dbo].[Salidas] ([SalidaId], [ProductoId], [Fecha], [Cantidad]) VALUES (756, 16, CAST(N'2020-11-18' AS Date), 1)
INSERT [dbo].[Salidas] ([SalidaId], [ProductoId], [Fecha], [Cantidad]) VALUES (757, 58, CAST(N'2020-11-18' AS Date), 3)
INSERT [dbo].[Salidas] ([SalidaId], [ProductoId], [Fecha], [Cantidad]) VALUES (758, 2, CAST(N'2020-11-18' AS Date), 2)
INSERT [dbo].[Salidas] ([SalidaId], [ProductoId], [Fecha], [Cantidad]) VALUES (759, 66, CAST(N'2020-11-18' AS Date), 3)
INSERT [dbo].[Salidas] ([SalidaId], [ProductoId], [Fecha], [Cantidad]) VALUES (760, 17, CAST(N'2020-11-18' AS Date), 1)
INSERT [dbo].[Salidas] ([SalidaId], [ProductoId], [Fecha], [Cantidad]) VALUES (761, 26, CAST(N'2020-11-19' AS Date), 3)
INSERT [dbo].[Salidas] ([SalidaId], [ProductoId], [Fecha], [Cantidad]) VALUES (762, 27, CAST(N'2020-11-19' AS Date), 3)
INSERT [dbo].[Salidas] ([SalidaId], [ProductoId], [Fecha], [Cantidad]) VALUES (763, 20, CAST(N'2020-11-19' AS Date), 3)
INSERT [dbo].[Salidas] ([SalidaId], [ProductoId], [Fecha], [Cantidad]) VALUES (764, 11, CAST(N'2020-11-19' AS Date), 4)
INSERT [dbo].[Salidas] ([SalidaId], [ProductoId], [Fecha], [Cantidad]) VALUES (765, 10, CAST(N'2020-11-19' AS Date), 2)
INSERT [dbo].[Salidas] ([SalidaId], [ProductoId], [Fecha], [Cantidad]) VALUES (766, 12, CAST(N'2020-11-19' AS Date), 1)
INSERT [dbo].[Salidas] ([SalidaId], [ProductoId], [Fecha], [Cantidad]) VALUES (767, 6, CAST(N'2020-11-19' AS Date), 2)
INSERT [dbo].[Salidas] ([SalidaId], [ProductoId], [Fecha], [Cantidad]) VALUES (768, 14, CAST(N'2020-11-19' AS Date), 1)
INSERT [dbo].[Salidas] ([SalidaId], [ProductoId], [Fecha], [Cantidad]) VALUES (769, 2, CAST(N'2020-11-19' AS Date), 1)
INSERT [dbo].[Salidas] ([SalidaId], [ProductoId], [Fecha], [Cantidad]) VALUES (770, 15, CAST(N'2020-11-19' AS Date), 1)
INSERT [dbo].[Salidas] ([SalidaId], [ProductoId], [Fecha], [Cantidad]) VALUES (771, 1, CAST(N'2020-11-19' AS Date), 1)
INSERT [dbo].[Salidas] ([SalidaId], [ProductoId], [Fecha], [Cantidad]) VALUES (772, 67, CAST(N'2020-11-19' AS Date), 3)
INSERT [dbo].[Salidas] ([SalidaId], [ProductoId], [Fecha], [Cantidad]) VALUES (773, 36, CAST(N'2020-11-19' AS Date), 3)
INSERT [dbo].[Salidas] ([SalidaId], [ProductoId], [Fecha], [Cantidad]) VALUES (774, 32, CAST(N'2020-11-19' AS Date), 1)
INSERT [dbo].[Salidas] ([SalidaId], [ProductoId], [Fecha], [Cantidad]) VALUES (775, 33, CAST(N'2020-11-19' AS Date), 3)
INSERT [dbo].[Salidas] ([SalidaId], [ProductoId], [Fecha], [Cantidad]) VALUES (776, 18, CAST(N'2020-11-19' AS Date), 1)
INSERT [dbo].[Salidas] ([SalidaId], [ProductoId], [Fecha], [Cantidad]) VALUES (777, 4, CAST(N'2020-11-19' AS Date), 1)
INSERT [dbo].[Salidas] ([SalidaId], [ProductoId], [Fecha], [Cantidad]) VALUES (778, 79, CAST(N'2020-11-26' AS Date), 3)
INSERT [dbo].[Salidas] ([SalidaId], [ProductoId], [Fecha], [Cantidad]) VALUES (779, 32, CAST(N'2020-11-26' AS Date), 3)
INSERT [dbo].[Salidas] ([SalidaId], [ProductoId], [Fecha], [Cantidad]) VALUES (780, 20, CAST(N'2020-11-26' AS Date), 3)
INSERT [dbo].[Salidas] ([SalidaId], [ProductoId], [Fecha], [Cantidad]) VALUES (781, 11, CAST(N'2020-11-26' AS Date), 2)
INSERT [dbo].[Salidas] ([SalidaId], [ProductoId], [Fecha], [Cantidad]) VALUES (782, 17, CAST(N'2020-11-26' AS Date), 1)
INSERT [dbo].[Salidas] ([SalidaId], [ProductoId], [Fecha], [Cantidad]) VALUES (783, 27, CAST(N'2020-11-26' AS Date), 3)
INSERT [dbo].[Salidas] ([SalidaId], [ProductoId], [Fecha], [Cantidad]) VALUES (784, 28, CAST(N'2020-11-26' AS Date), 3)
INSERT [dbo].[Salidas] ([SalidaId], [ProductoId], [Fecha], [Cantidad]) VALUES (785, 83, CAST(N'2020-11-26' AS Date), 1)
INSERT [dbo].[Salidas] ([SalidaId], [ProductoId], [Fecha], [Cantidad]) VALUES (786, 37, CAST(N'2020-11-26' AS Date), 1)
INSERT [dbo].[Salidas] ([SalidaId], [ProductoId], [Fecha], [Cantidad]) VALUES (787, 15, CAST(N'2020-11-26' AS Date), 1)
INSERT [dbo].[Salidas] ([SalidaId], [ProductoId], [Fecha], [Cantidad]) VALUES (788, 16, CAST(N'2020-11-26' AS Date), 1)
INSERT [dbo].[Salidas] ([SalidaId], [ProductoId], [Fecha], [Cantidad]) VALUES (789, 5, CAST(N'2020-11-26' AS Date), 1)
INSERT [dbo].[Salidas] ([SalidaId], [ProductoId], [Fecha], [Cantidad]) VALUES (790, 1, CAST(N'2020-11-26' AS Date), 1)
INSERT [dbo].[Salidas] ([SalidaId], [ProductoId], [Fecha], [Cantidad]) VALUES (791, 25, CAST(N'2020-11-26' AS Date), 3)
INSERT [dbo].[Salidas] ([SalidaId], [ProductoId], [Fecha], [Cantidad]) VALUES (792, 4, CAST(N'2020-11-27' AS Date), 1)
INSERT [dbo].[Salidas] ([SalidaId], [ProductoId], [Fecha], [Cantidad]) VALUES (793, 32, CAST(N'2020-11-27' AS Date), 1)
INSERT [dbo].[Salidas] ([SalidaId], [ProductoId], [Fecha], [Cantidad]) VALUES (794, 64, CAST(N'2020-11-27' AS Date), 3)
INSERT [dbo].[Salidas] ([SalidaId], [ProductoId], [Fecha], [Cantidad]) VALUES (795, 1, CAST(N'2020-11-27' AS Date), 2)
INSERT [dbo].[Salidas] ([SalidaId], [ProductoId], [Fecha], [Cantidad]) VALUES (796, 81, CAST(N'2020-11-27' AS Date), 2)
INSERT [dbo].[Salidas] ([SalidaId], [ProductoId], [Fecha], [Cantidad]) VALUES (797, 71, CAST(N'2020-11-27' AS Date), 3)
INSERT [dbo].[Salidas] ([SalidaId], [ProductoId], [Fecha], [Cantidad]) VALUES (798, 32, CAST(N'2020-11-27' AS Date), 5)
INSERT [dbo].[Salidas] ([SalidaId], [ProductoId], [Fecha], [Cantidad]) VALUES (799, 11, CAST(N'2020-11-27' AS Date), 2)
GO
INSERT [dbo].[Salidas] ([SalidaId], [ProductoId], [Fecha], [Cantidad]) VALUES (800, 28, CAST(N'2020-11-27' AS Date), 3)
INSERT [dbo].[Salidas] ([SalidaId], [ProductoId], [Fecha], [Cantidad]) VALUES (801, 29, CAST(N'2020-11-27' AS Date), 3)
INSERT [dbo].[Salidas] ([SalidaId], [ProductoId], [Fecha], [Cantidad]) VALUES (802, 12, CAST(N'2020-11-27' AS Date), 1)
INSERT [dbo].[Salidas] ([SalidaId], [ProductoId], [Fecha], [Cantidad]) VALUES (803, 18, CAST(N'2020-11-27' AS Date), 1)
INSERT [dbo].[Salidas] ([SalidaId], [ProductoId], [Fecha], [Cantidad]) VALUES (804, 6, CAST(N'2020-11-27' AS Date), 2)
INSERT [dbo].[Salidas] ([SalidaId], [ProductoId], [Fecha], [Cantidad]) VALUES (805, 36, CAST(N'2020-11-27' AS Date), 1)
INSERT [dbo].[Salidas] ([SalidaId], [ProductoId], [Fecha], [Cantidad]) VALUES (806, 2, CAST(N'2020-11-28' AS Date), 2)
INSERT [dbo].[Salidas] ([SalidaId], [ProductoId], [Fecha], [Cantidad]) VALUES (807, 59, CAST(N'2020-11-28' AS Date), 3)
INSERT [dbo].[Salidas] ([SalidaId], [ProductoId], [Fecha], [Cantidad]) VALUES (808, 13, CAST(N'2020-11-28' AS Date), 1)
INSERT [dbo].[Salidas] ([SalidaId], [ProductoId], [Fecha], [Cantidad]) VALUES (809, 37, CAST(N'2020-11-28' AS Date), 1)
INSERT [dbo].[Salidas] ([SalidaId], [ProductoId], [Fecha], [Cantidad]) VALUES (810, 87, CAST(N'2020-11-28' AS Date), 1)
INSERT [dbo].[Salidas] ([SalidaId], [ProductoId], [Fecha], [Cantidad]) VALUES (811, 1, CAST(N'2020-11-28' AS Date), 1)
INSERT [dbo].[Salidas] ([SalidaId], [ProductoId], [Fecha], [Cantidad]) VALUES (812, 5, CAST(N'2020-11-28' AS Date), 1)
INSERT [dbo].[Salidas] ([SalidaId], [ProductoId], [Fecha], [Cantidad]) VALUES (813, 4, CAST(N'2020-11-28' AS Date), 2)
INSERT [dbo].[Salidas] ([SalidaId], [ProductoId], [Fecha], [Cantidad]) VALUES (814, 68, CAST(N'2020-11-28' AS Date), 3)
INSERT [dbo].[Salidas] ([SalidaId], [ProductoId], [Fecha], [Cantidad]) VALUES (815, 11, CAST(N'2020-11-28' AS Date), 2)
INSERT [dbo].[Salidas] ([SalidaId], [ProductoId], [Fecha], [Cantidad]) VALUES (816, 68, CAST(N'2020-11-28' AS Date), 3)
INSERT [dbo].[Salidas] ([SalidaId], [ProductoId], [Fecha], [Cantidad]) VALUES (817, 23, CAST(N'2020-11-28' AS Date), 3)
INSERT [dbo].[Salidas] ([SalidaId], [ProductoId], [Fecha], [Cantidad]) VALUES (818, 24, CAST(N'2020-11-28' AS Date), 3)
INSERT [dbo].[Salidas] ([SalidaId], [ProductoId], [Fecha], [Cantidad]) VALUES (819, 14, CAST(N'2020-11-28' AS Date), 1)
INSERT [dbo].[Salidas] ([SalidaId], [ProductoId], [Fecha], [Cantidad]) VALUES (820, 26, CAST(N'2020-11-28' AS Date), 3)
INSERT [dbo].[Salidas] ([SalidaId], [ProductoId], [Fecha], [Cantidad]) VALUES (821, 18, CAST(N'2020-11-28' AS Date), 1)
INSERT [dbo].[Salidas] ([SalidaId], [ProductoId], [Fecha], [Cantidad]) VALUES (822, 33, CAST(N'2020-11-28' AS Date), 3)
INSERT [dbo].[Salidas] ([SalidaId], [ProductoId], [Fecha], [Cantidad]) VALUES (1097, 1, CAST(N'2020-08-09' AS Date), 0)
INSERT [dbo].[Salidas] ([SalidaId], [ProductoId], [Fecha], [Cantidad]) VALUES (1098, 1, CAST(N'2020-11-07' AS Date), 0)
INSERT [dbo].[Salidas] ([SalidaId], [ProductoId], [Fecha], [Cantidad]) VALUES (1099, 2, CAST(N'2020-09-20' AS Date), 0)
INSERT [dbo].[Salidas] ([SalidaId], [ProductoId], [Fecha], [Cantidad]) VALUES (1100, 2, CAST(N'2020-10-25' AS Date), 0)
INSERT [dbo].[Salidas] ([SalidaId], [ProductoId], [Fecha], [Cantidad]) VALUES (1101, 2, CAST(N'2020-11-07' AS Date), 0)
INSERT [dbo].[Salidas] ([SalidaId], [ProductoId], [Fecha], [Cantidad]) VALUES (1102, 3, CAST(N'2020-09-20' AS Date), 0)
INSERT [dbo].[Salidas] ([SalidaId], [ProductoId], [Fecha], [Cantidad]) VALUES (1103, 3, CAST(N'2020-10-31' AS Date), 0)
INSERT [dbo].[Salidas] ([SalidaId], [ProductoId], [Fecha], [Cantidad]) VALUES (1104, 3, CAST(N'2020-11-07' AS Date), 0)
INSERT [dbo].[Salidas] ([SalidaId], [ProductoId], [Fecha], [Cantidad]) VALUES (1105, 3, CAST(N'2020-11-14' AS Date), 0)
INSERT [dbo].[Salidas] ([SalidaId], [ProductoId], [Fecha], [Cantidad]) VALUES (1106, 3, CAST(N'2020-11-21' AS Date), 0)
INSERT [dbo].[Salidas] ([SalidaId], [ProductoId], [Fecha], [Cantidad]) VALUES (1107, 3, CAST(N'2020-11-28' AS Date), 0)
INSERT [dbo].[Salidas] ([SalidaId], [ProductoId], [Fecha], [Cantidad]) VALUES (1108, 4, CAST(N'2020-09-20' AS Date), 0)
INSERT [dbo].[Salidas] ([SalidaId], [ProductoId], [Fecha], [Cantidad]) VALUES (1109, 4, CAST(N'2020-09-27' AS Date), 0)
INSERT [dbo].[Salidas] ([SalidaId], [ProductoId], [Fecha], [Cantidad]) VALUES (1110, 4, CAST(N'2020-10-18' AS Date), 0)
INSERT [dbo].[Salidas] ([SalidaId], [ProductoId], [Fecha], [Cantidad]) VALUES (1111, 4, CAST(N'2020-11-07' AS Date), 0)
INSERT [dbo].[Salidas] ([SalidaId], [ProductoId], [Fecha], [Cantidad]) VALUES (1112, 5, CAST(N'2020-08-16' AS Date), 0)
INSERT [dbo].[Salidas] ([SalidaId], [ProductoId], [Fecha], [Cantidad]) VALUES (1113, 5, CAST(N'2020-09-20' AS Date), 0)
INSERT [dbo].[Salidas] ([SalidaId], [ProductoId], [Fecha], [Cantidad]) VALUES (1114, 5, CAST(N'2020-11-07' AS Date), 0)
INSERT [dbo].[Salidas] ([SalidaId], [ProductoId], [Fecha], [Cantidad]) VALUES (1117, 6, CAST(N'2020-10-11' AS Date), 0)
INSERT [dbo].[Salidas] ([SalidaId], [ProductoId], [Fecha], [Cantidad]) VALUES (1118, 6, CAST(N'2020-10-18' AS Date), 0)
INSERT [dbo].[Salidas] ([SalidaId], [ProductoId], [Fecha], [Cantidad]) VALUES (1119, 6, CAST(N'2020-10-25' AS Date), 0)
INSERT [dbo].[Salidas] ([SalidaId], [ProductoId], [Fecha], [Cantidad]) VALUES (1120, 6, CAST(N'2020-11-07' AS Date), 0)
INSERT [dbo].[Salidas] ([SalidaId], [ProductoId], [Fecha], [Cantidad]) VALUES (1122, 7, CAST(N'2020-08-23' AS Date), 0)
INSERT [dbo].[Salidas] ([SalidaId], [ProductoId], [Fecha], [Cantidad]) VALUES (1123, 7, CAST(N'2020-09-06' AS Date), 0)
INSERT [dbo].[Salidas] ([SalidaId], [ProductoId], [Fecha], [Cantidad]) VALUES (1124, 7, CAST(N'2020-09-20' AS Date), 0)
INSERT [dbo].[Salidas] ([SalidaId], [ProductoId], [Fecha], [Cantidad]) VALUES (1125, 7, CAST(N'2020-10-04' AS Date), 0)
INSERT [dbo].[Salidas] ([SalidaId], [ProductoId], [Fecha], [Cantidad]) VALUES (1126, 7, CAST(N'2020-11-07' AS Date), 0)
INSERT [dbo].[Salidas] ([SalidaId], [ProductoId], [Fecha], [Cantidad]) VALUES (1127, 7, CAST(N'2020-11-21' AS Date), 0)
INSERT [dbo].[Salidas] ([SalidaId], [ProductoId], [Fecha], [Cantidad]) VALUES (1128, 7, CAST(N'2020-11-28' AS Date), 0)
INSERT [dbo].[Salidas] ([SalidaId], [ProductoId], [Fecha], [Cantidad]) VALUES (1131, 8, CAST(N'2020-09-20' AS Date), 0)
INSERT [dbo].[Salidas] ([SalidaId], [ProductoId], [Fecha], [Cantidad]) VALUES (1132, 8, CAST(N'2020-09-27' AS Date), 0)
INSERT [dbo].[Salidas] ([SalidaId], [ProductoId], [Fecha], [Cantidad]) VALUES (1133, 8, CAST(N'2020-11-07' AS Date), 0)
INSERT [dbo].[Salidas] ([SalidaId], [ProductoId], [Fecha], [Cantidad]) VALUES (1134, 8, CAST(N'2020-11-14' AS Date), 0)
INSERT [dbo].[Salidas] ([SalidaId], [ProductoId], [Fecha], [Cantidad]) VALUES (1135, 8, CAST(N'2020-11-21' AS Date), 0)
INSERT [dbo].[Salidas] ([SalidaId], [ProductoId], [Fecha], [Cantidad]) VALUES (1136, 8, CAST(N'2020-11-28' AS Date), 0)
INSERT [dbo].[Salidas] ([SalidaId], [ProductoId], [Fecha], [Cantidad]) VALUES (1137, 9, CAST(N'2020-08-09' AS Date), 0)
INSERT [dbo].[Salidas] ([SalidaId], [ProductoId], [Fecha], [Cantidad]) VALUES (1138, 9, CAST(N'2020-09-27' AS Date), 0)
INSERT [dbo].[Salidas] ([SalidaId], [ProductoId], [Fecha], [Cantidad]) VALUES (1139, 9, CAST(N'2020-10-11' AS Date), 0)
INSERT [dbo].[Salidas] ([SalidaId], [ProductoId], [Fecha], [Cantidad]) VALUES (1140, 9, CAST(N'2020-10-25' AS Date), 0)
INSERT [dbo].[Salidas] ([SalidaId], [ProductoId], [Fecha], [Cantidad]) VALUES (1141, 9, CAST(N'2020-11-07' AS Date), 0)
INSERT [dbo].[Salidas] ([SalidaId], [ProductoId], [Fecha], [Cantidad]) VALUES (1142, 9, CAST(N'2020-11-14' AS Date), 0)
INSERT [dbo].[Salidas] ([SalidaId], [ProductoId], [Fecha], [Cantidad]) VALUES (1143, 9, CAST(N'2020-11-21' AS Date), 0)
INSERT [dbo].[Salidas] ([SalidaId], [ProductoId], [Fecha], [Cantidad]) VALUES (1144, 9, CAST(N'2020-11-28' AS Date), 0)
INSERT [dbo].[Salidas] ([SalidaId], [ProductoId], [Fecha], [Cantidad]) VALUES (1147, 10, CAST(N'2020-08-23' AS Date), 0)
INSERT [dbo].[Salidas] ([SalidaId], [ProductoId], [Fecha], [Cantidad]) VALUES (1148, 10, CAST(N'2020-09-20' AS Date), 0)
INSERT [dbo].[Salidas] ([SalidaId], [ProductoId], [Fecha], [Cantidad]) VALUES (1149, 10, CAST(N'2020-10-04' AS Date), 0)
INSERT [dbo].[Salidas] ([SalidaId], [ProductoId], [Fecha], [Cantidad]) VALUES (1150, 10, CAST(N'2020-10-18' AS Date), 0)
INSERT [dbo].[Salidas] ([SalidaId], [ProductoId], [Fecha], [Cantidad]) VALUES (1151, 10, CAST(N'2020-10-31' AS Date), 0)
INSERT [dbo].[Salidas] ([SalidaId], [ProductoId], [Fecha], [Cantidad]) VALUES (1152, 10, CAST(N'2020-11-07' AS Date), 0)
INSERT [dbo].[Salidas] ([SalidaId], [ProductoId], [Fecha], [Cantidad]) VALUES (1153, 10, CAST(N'2020-11-28' AS Date), 0)
INSERT [dbo].[Salidas] ([SalidaId], [ProductoId], [Fecha], [Cantidad]) VALUES (1157, 30, CAST(N'2020-09-06' AS Date), 0)
INSERT [dbo].[Salidas] ([SalidaId], [ProductoId], [Fecha], [Cantidad]) VALUES (1158, 30, CAST(N'2020-09-20' AS Date), 0)
INSERT [dbo].[Salidas] ([SalidaId], [ProductoId], [Fecha], [Cantidad]) VALUES (1159, 30, CAST(N'2020-09-27' AS Date), 0)
INSERT [dbo].[Salidas] ([SalidaId], [ProductoId], [Fecha], [Cantidad]) VALUES (1160, 30, CAST(N'2020-10-11' AS Date), 0)
INSERT [dbo].[Salidas] ([SalidaId], [ProductoId], [Fecha], [Cantidad]) VALUES (1161, 30, CAST(N'2020-10-25' AS Date), 0)
INSERT [dbo].[Salidas] ([SalidaId], [ProductoId], [Fecha], [Cantidad]) VALUES (1162, 30, CAST(N'2020-10-31' AS Date), 0)
INSERT [dbo].[Salidas] ([SalidaId], [ProductoId], [Fecha], [Cantidad]) VALUES (1163, 30, CAST(N'2020-11-07' AS Date), 0)
INSERT [dbo].[Salidas] ([SalidaId], [ProductoId], [Fecha], [Cantidad]) VALUES (1164, 30, CAST(N'2020-11-14' AS Date), 0)
INSERT [dbo].[Salidas] ([SalidaId], [ProductoId], [Fecha], [Cantidad]) VALUES (1165, 30, CAST(N'2020-11-21' AS Date), 0)
INSERT [dbo].[Salidas] ([SalidaId], [ProductoId], [Fecha], [Cantidad]) VALUES (1166, 30, CAST(N'2020-11-28' AS Date), 0)
INSERT [dbo].[Salidas] ([SalidaId], [ProductoId], [Fecha], [Cantidad]) VALUES (1169, 83, CAST(N'2020-08-16' AS Date), 0)
INSERT [dbo].[Salidas] ([SalidaId], [ProductoId], [Fecha], [Cantidad]) VALUES (1170, 83, CAST(N'2020-08-23' AS Date), 0)
INSERT [dbo].[Salidas] ([SalidaId], [ProductoId], [Fecha], [Cantidad]) VALUES (1171, 83, CAST(N'2020-08-30' AS Date), 0)
INSERT [dbo].[Salidas] ([SalidaId], [ProductoId], [Fecha], [Cantidad]) VALUES (1172, 83, CAST(N'2020-09-20' AS Date), 0)
INSERT [dbo].[Salidas] ([SalidaId], [ProductoId], [Fecha], [Cantidad]) VALUES (1173, 83, CAST(N'2020-09-27' AS Date), 0)
INSERT [dbo].[Salidas] ([SalidaId], [ProductoId], [Fecha], [Cantidad]) VALUES (1174, 83, CAST(N'2020-10-04' AS Date), 0)
INSERT [dbo].[Salidas] ([SalidaId], [ProductoId], [Fecha], [Cantidad]) VALUES (1175, 83, CAST(N'2020-10-25' AS Date), 0)
INSERT [dbo].[Salidas] ([SalidaId], [ProductoId], [Fecha], [Cantidad]) VALUES (1176, 83, CAST(N'2020-10-31' AS Date), 0)
INSERT [dbo].[Salidas] ([SalidaId], [ProductoId], [Fecha], [Cantidad]) VALUES (1177, 83, CAST(N'2020-11-07' AS Date), 0)
INSERT [dbo].[Salidas] ([SalidaId], [ProductoId], [Fecha], [Cantidad]) VALUES (1178, 83, CAST(N'2020-11-14' AS Date), 0)
INSERT [dbo].[Salidas] ([SalidaId], [ProductoId], [Fecha], [Cantidad]) VALUES (1181, 32, CAST(N'2020-08-16' AS Date), 0)
INSERT [dbo].[Salidas] ([SalidaId], [ProductoId], [Fecha], [Cantidad]) VALUES (1182, 32, CAST(N'2020-09-20' AS Date), 0)
INSERT [dbo].[Salidas] ([SalidaId], [ProductoId], [Fecha], [Cantidad]) VALUES (1183, 32, CAST(N'2020-11-07' AS Date), 0)
INSERT [dbo].[Salidas] ([SalidaId], [ProductoId], [Fecha], [Cantidad]) VALUES (1184, 11, CAST(N'2020-11-07' AS Date), 0)
INSERT [dbo].[Salidas] ([SalidaId], [ProductoId], [Fecha], [Cantidad]) VALUES (1185, 12, CAST(N'2020-08-16' AS Date), 0)
INSERT [dbo].[Salidas] ([SalidaId], [ProductoId], [Fecha], [Cantidad]) VALUES (1186, 12, CAST(N'2020-08-23' AS Date), 0)
INSERT [dbo].[Salidas] ([SalidaId], [ProductoId], [Fecha], [Cantidad]) VALUES (1187, 12, CAST(N'2020-10-04' AS Date), 0)
GO
INSERT [dbo].[Salidas] ([SalidaId], [ProductoId], [Fecha], [Cantidad]) VALUES (1188, 12, CAST(N'2020-11-07' AS Date), 0)
INSERT [dbo].[Salidas] ([SalidaId], [ProductoId], [Fecha], [Cantidad]) VALUES (1190, 13, CAST(N'2020-08-09' AS Date), 0)
INSERT [dbo].[Salidas] ([SalidaId], [ProductoId], [Fecha], [Cantidad]) VALUES (1191, 13, CAST(N'2020-09-20' AS Date), 0)
INSERT [dbo].[Salidas] ([SalidaId], [ProductoId], [Fecha], [Cantidad]) VALUES (1192, 13, CAST(N'2020-10-04' AS Date), 0)
INSERT [dbo].[Salidas] ([SalidaId], [ProductoId], [Fecha], [Cantidad]) VALUES (1193, 13, CAST(N'2020-11-07' AS Date), 0)
INSERT [dbo].[Salidas] ([SalidaId], [ProductoId], [Fecha], [Cantidad]) VALUES (1195, 14, CAST(N'2020-08-16' AS Date), 0)
INSERT [dbo].[Salidas] ([SalidaId], [ProductoId], [Fecha], [Cantidad]) VALUES (1196, 14, CAST(N'2020-09-13' AS Date), 0)
INSERT [dbo].[Salidas] ([SalidaId], [ProductoId], [Fecha], [Cantidad]) VALUES (1197, 14, CAST(N'2020-09-20' AS Date), 0)
INSERT [dbo].[Salidas] ([SalidaId], [ProductoId], [Fecha], [Cantidad]) VALUES (1198, 14, CAST(N'2020-10-18' AS Date), 0)
INSERT [dbo].[Salidas] ([SalidaId], [ProductoId], [Fecha], [Cantidad]) VALUES (1199, 14, CAST(N'2020-10-25' AS Date), 0)
INSERT [dbo].[Salidas] ([SalidaId], [ProductoId], [Fecha], [Cantidad]) VALUES (1200, 14, CAST(N'2020-11-07' AS Date), 0)
INSERT [dbo].[Salidas] ([SalidaId], [ProductoId], [Fecha], [Cantidad]) VALUES (1203, 15, CAST(N'2020-08-09' AS Date), 0)
INSERT [dbo].[Salidas] ([SalidaId], [ProductoId], [Fecha], [Cantidad]) VALUES (1204, 15, CAST(N'2020-09-20' AS Date), 0)
INSERT [dbo].[Salidas] ([SalidaId], [ProductoId], [Fecha], [Cantidad]) VALUES (1205, 15, CAST(N'2020-10-25' AS Date), 0)
INSERT [dbo].[Salidas] ([SalidaId], [ProductoId], [Fecha], [Cantidad]) VALUES (1206, 15, CAST(N'2020-11-07' AS Date), 0)
INSERT [dbo].[Salidas] ([SalidaId], [ProductoId], [Fecha], [Cantidad]) VALUES (1209, 16, CAST(N'2020-09-13' AS Date), 0)
INSERT [dbo].[Salidas] ([SalidaId], [ProductoId], [Fecha], [Cantidad]) VALUES (1210, 16, CAST(N'2020-09-27' AS Date), 0)
INSERT [dbo].[Salidas] ([SalidaId], [ProductoId], [Fecha], [Cantidad]) VALUES (1211, 16, CAST(N'2020-10-25' AS Date), 0)
INSERT [dbo].[Salidas] ([SalidaId], [ProductoId], [Fecha], [Cantidad]) VALUES (1212, 16, CAST(N'2020-11-07' AS Date), 0)
INSERT [dbo].[Salidas] ([SalidaId], [ProductoId], [Fecha], [Cantidad]) VALUES (1215, 17, CAST(N'2020-08-16' AS Date), 0)
INSERT [dbo].[Salidas] ([SalidaId], [ProductoId], [Fecha], [Cantidad]) VALUES (1216, 17, CAST(N'2020-08-30' AS Date), 0)
INSERT [dbo].[Salidas] ([SalidaId], [ProductoId], [Fecha], [Cantidad]) VALUES (1217, 17, CAST(N'2020-09-20' AS Date), 0)
INSERT [dbo].[Salidas] ([SalidaId], [ProductoId], [Fecha], [Cantidad]) VALUES (1218, 17, CAST(N'2020-09-20' AS Date), 0)
INSERT [dbo].[Salidas] ([SalidaId], [ProductoId], [Fecha], [Cantidad]) VALUES (1219, 17, CAST(N'2020-11-07' AS Date), 0)
INSERT [dbo].[Salidas] ([SalidaId], [ProductoId], [Fecha], [Cantidad]) VALUES (1220, 17, CAST(N'2020-11-14' AS Date), 0)
INSERT [dbo].[Salidas] ([SalidaId], [ProductoId], [Fecha], [Cantidad]) VALUES (1224, 18, CAST(N'2020-11-07' AS Date), 0)
INSERT [dbo].[Salidas] ([SalidaId], [ProductoId], [Fecha], [Cantidad]) VALUES (1226, 19, CAST(N'2020-08-16' AS Date), 0)
INSERT [dbo].[Salidas] ([SalidaId], [ProductoId], [Fecha], [Cantidad]) VALUES (1227, 19, CAST(N'2020-09-13' AS Date), 0)
INSERT [dbo].[Salidas] ([SalidaId], [ProductoId], [Fecha], [Cantidad]) VALUES (1228, 19, CAST(N'2020-09-20' AS Date), 0)
INSERT [dbo].[Salidas] ([SalidaId], [ProductoId], [Fecha], [Cantidad]) VALUES (1229, 19, CAST(N'2020-10-04' AS Date), 0)
INSERT [dbo].[Salidas] ([SalidaId], [ProductoId], [Fecha], [Cantidad]) VALUES (1230, 19, CAST(N'2020-10-31' AS Date), 0)
INSERT [dbo].[Salidas] ([SalidaId], [ProductoId], [Fecha], [Cantidad]) VALUES (1231, 19, CAST(N'2020-11-07' AS Date), 0)
INSERT [dbo].[Salidas] ([SalidaId], [ProductoId], [Fecha], [Cantidad]) VALUES (1232, 19, CAST(N'2020-11-21' AS Date), 0)
INSERT [dbo].[Salidas] ([SalidaId], [ProductoId], [Fecha], [Cantidad]) VALUES (1233, 19, CAST(N'2020-11-28' AS Date), 0)
INSERT [dbo].[Salidas] ([SalidaId], [ProductoId], [Fecha], [Cantidad]) VALUES (1236, 33, CAST(N'2020-08-30' AS Date), 0)
INSERT [dbo].[Salidas] ([SalidaId], [ProductoId], [Fecha], [Cantidad]) VALUES (1237, 33, CAST(N'2020-09-20' AS Date), 0)
INSERT [dbo].[Salidas] ([SalidaId], [ProductoId], [Fecha], [Cantidad]) VALUES (1238, 33, CAST(N'2020-09-27' AS Date), 0)
INSERT [dbo].[Salidas] ([SalidaId], [ProductoId], [Fecha], [Cantidad]) VALUES (1239, 33, CAST(N'2020-10-04' AS Date), 0)
INSERT [dbo].[Salidas] ([SalidaId], [ProductoId], [Fecha], [Cantidad]) VALUES (1240, 33, CAST(N'2020-10-18' AS Date), 0)
INSERT [dbo].[Salidas] ([SalidaId], [ProductoId], [Fecha], [Cantidad]) VALUES (1241, 33, CAST(N'2020-10-25' AS Date), 0)
INSERT [dbo].[Salidas] ([SalidaId], [ProductoId], [Fecha], [Cantidad]) VALUES (1242, 33, CAST(N'2020-10-31' AS Date), 0)
INSERT [dbo].[Salidas] ([SalidaId], [ProductoId], [Fecha], [Cantidad]) VALUES (1243, 33, CAST(N'2020-11-07' AS Date), 0)
INSERT [dbo].[Salidas] ([SalidaId], [ProductoId], [Fecha], [Cantidad]) VALUES (1246, 20, CAST(N'2020-09-13' AS Date), 0)
INSERT [dbo].[Salidas] ([SalidaId], [ProductoId], [Fecha], [Cantidad]) VALUES (1247, 20, CAST(N'2020-09-20' AS Date), 0)
INSERT [dbo].[Salidas] ([SalidaId], [ProductoId], [Fecha], [Cantidad]) VALUES (1248, 20, CAST(N'2020-09-27' AS Date), 0)
INSERT [dbo].[Salidas] ([SalidaId], [ProductoId], [Fecha], [Cantidad]) VALUES (1249, 20, CAST(N'2020-11-07' AS Date), 0)
INSERT [dbo].[Salidas] ([SalidaId], [ProductoId], [Fecha], [Cantidad]) VALUES (1266, 22, CAST(N'2020-08-30' AS Date), 0)
INSERT [dbo].[Salidas] ([SalidaId], [ProductoId], [Fecha], [Cantidad]) VALUES (1267, 22, CAST(N'2020-09-20' AS Date), 0)
INSERT [dbo].[Salidas] ([SalidaId], [ProductoId], [Fecha], [Cantidad]) VALUES (1268, 22, CAST(N'2020-10-27' AS Date), 0)
INSERT [dbo].[Salidas] ([SalidaId], [ProductoId], [Fecha], [Cantidad]) VALUES (1269, 22, CAST(N'2020-10-04' AS Date), 0)
INSERT [dbo].[Salidas] ([SalidaId], [ProductoId], [Fecha], [Cantidad]) VALUES (1270, 22, CAST(N'2020-10-25' AS Date), 0)
INSERT [dbo].[Salidas] ([SalidaId], [ProductoId], [Fecha], [Cantidad]) VALUES (1271, 22, CAST(N'2020-11-07' AS Date), 0)
INSERT [dbo].[Salidas] ([SalidaId], [ProductoId], [Fecha], [Cantidad]) VALUES (1272, 22, CAST(N'2020-11-28' AS Date), 0)
INSERT [dbo].[Salidas] ([SalidaId], [ProductoId], [Fecha], [Cantidad]) VALUES (1275, 23, CAST(N'2020-08-09' AS Date), 0)
INSERT [dbo].[Salidas] ([SalidaId], [ProductoId], [Fecha], [Cantidad]) VALUES (1276, 23, CAST(N'2020-08-16' AS Date), 0)
INSERT [dbo].[Salidas] ([SalidaId], [ProductoId], [Fecha], [Cantidad]) VALUES (1277, 23, CAST(N'2020-09-13' AS Date), 0)
INSERT [dbo].[Salidas] ([SalidaId], [ProductoId], [Fecha], [Cantidad]) VALUES (1278, 23, CAST(N'2020-10-04' AS Date), 0)
INSERT [dbo].[Salidas] ([SalidaId], [ProductoId], [Fecha], [Cantidad]) VALUES (1279, 23, CAST(N'2020-10-18' AS Date), 0)
INSERT [dbo].[Salidas] ([SalidaId], [ProductoId], [Fecha], [Cantidad]) VALUES (1280, 23, CAST(N'2020-10-25' AS Date), 0)
INSERT [dbo].[Salidas] ([SalidaId], [ProductoId], [Fecha], [Cantidad]) VALUES (1281, 23, CAST(N'2020-11-07' AS Date), 0)
INSERT [dbo].[Salidas] ([SalidaId], [ProductoId], [Fecha], [Cantidad]) VALUES (1282, 23, CAST(N'2020-11-21' AS Date), 0)
INSERT [dbo].[Salidas] ([SalidaId], [ProductoId], [Fecha], [Cantidad]) VALUES (1286, 24, CAST(N'2020-08-16' AS Date), 0)
INSERT [dbo].[Salidas] ([SalidaId], [ProductoId], [Fecha], [Cantidad]) VALUES (1287, 24, CAST(N'2020-09-20' AS Date), 0)
INSERT [dbo].[Salidas] ([SalidaId], [ProductoId], [Fecha], [Cantidad]) VALUES (1288, 24, CAST(N'2020-09-27' AS Date), 0)
INSERT [dbo].[Salidas] ([SalidaId], [ProductoId], [Fecha], [Cantidad]) VALUES (1289, 24, CAST(N'2020-10-04' AS Date), 0)
INSERT [dbo].[Salidas] ([SalidaId], [ProductoId], [Fecha], [Cantidad]) VALUES (1290, 24, CAST(N'2020-10-11' AS Date), 0)
INSERT [dbo].[Salidas] ([SalidaId], [ProductoId], [Fecha], [Cantidad]) VALUES (1291, 24, CAST(N'2020-10-18' AS Date), 0)
INSERT [dbo].[Salidas] ([SalidaId], [ProductoId], [Fecha], [Cantidad]) VALUES (1292, 24, CAST(N'2020-11-07' AS Date), 0)
INSERT [dbo].[Salidas] ([SalidaId], [ProductoId], [Fecha], [Cantidad]) VALUES (1297, 25, CAST(N'2020-09-13' AS Date), 0)
INSERT [dbo].[Salidas] ([SalidaId], [ProductoId], [Fecha], [Cantidad]) VALUES (1298, 25, CAST(N'2020-09-20' AS Date), 0)
INSERT [dbo].[Salidas] ([SalidaId], [ProductoId], [Fecha], [Cantidad]) VALUES (1299, 25, CAST(N'2020-09-27' AS Date), 0)
INSERT [dbo].[Salidas] ([SalidaId], [ProductoId], [Fecha], [Cantidad]) VALUES (1300, 25, CAST(N'2020-10-04' AS Date), 0)
INSERT [dbo].[Salidas] ([SalidaId], [ProductoId], [Fecha], [Cantidad]) VALUES (1301, 25, CAST(N'2020-10-18' AS Date), 0)
INSERT [dbo].[Salidas] ([SalidaId], [ProductoId], [Fecha], [Cantidad]) VALUES (1302, 25, CAST(N'2020-11-07' AS Date), 0)
INSERT [dbo].[Salidas] ([SalidaId], [ProductoId], [Fecha], [Cantidad]) VALUES (1303, 25, CAST(N'2020-11-14' AS Date), 0)
INSERT [dbo].[Salidas] ([SalidaId], [ProductoId], [Fecha], [Cantidad]) VALUES (1304, 25, CAST(N'2020-11-21' AS Date), 0)
INSERT [dbo].[Salidas] ([SalidaId], [ProductoId], [Fecha], [Cantidad]) VALUES (1307, 26, CAST(N'2020-08-09' AS Date), 0)
INSERT [dbo].[Salidas] ([SalidaId], [ProductoId], [Fecha], [Cantidad]) VALUES (1308, 26, CAST(N'2020-08-30' AS Date), 0)
INSERT [dbo].[Salidas] ([SalidaId], [ProductoId], [Fecha], [Cantidad]) VALUES (1309, 26, CAST(N'2020-09-20' AS Date), 0)
INSERT [dbo].[Salidas] ([SalidaId], [ProductoId], [Fecha], [Cantidad]) VALUES (1310, 26, CAST(N'2020-09-27' AS Date), 0)
INSERT [dbo].[Salidas] ([SalidaId], [ProductoId], [Fecha], [Cantidad]) VALUES (1311, 26, CAST(N'2020-10-04' AS Date), 0)
INSERT [dbo].[Salidas] ([SalidaId], [ProductoId], [Fecha], [Cantidad]) VALUES (1312, 26, CAST(N'2020-10-25' AS Date), 0)
INSERT [dbo].[Salidas] ([SalidaId], [ProductoId], [Fecha], [Cantidad]) VALUES (1313, 26, CAST(N'2020-11-07' AS Date), 0)
INSERT [dbo].[Salidas] ([SalidaId], [ProductoId], [Fecha], [Cantidad]) VALUES (1315, 27, CAST(N'2020-08-09' AS Date), 0)
INSERT [dbo].[Salidas] ([SalidaId], [ProductoId], [Fecha], [Cantidad]) VALUES (1316, 27, CAST(N'2020-08-16' AS Date), 0)
INSERT [dbo].[Salidas] ([SalidaId], [ProductoId], [Fecha], [Cantidad]) VALUES (1317, 27, CAST(N'2020-08-23' AS Date), 0)
INSERT [dbo].[Salidas] ([SalidaId], [ProductoId], [Fecha], [Cantidad]) VALUES (1318, 27, CAST(N'2020-08-30' AS Date), 0)
INSERT [dbo].[Salidas] ([SalidaId], [ProductoId], [Fecha], [Cantidad]) VALUES (1319, 27, CAST(N'2020-09-20' AS Date), 0)
INSERT [dbo].[Salidas] ([SalidaId], [ProductoId], [Fecha], [Cantidad]) VALUES (1320, 27, CAST(N'2020-09-27' AS Date), 0)
INSERT [dbo].[Salidas] ([SalidaId], [ProductoId], [Fecha], [Cantidad]) VALUES (1321, 27, CAST(N'2020-10-04' AS Date), 0)
INSERT [dbo].[Salidas] ([SalidaId], [ProductoId], [Fecha], [Cantidad]) VALUES (1322, 27, CAST(N'2020-10-18' AS Date), 0)
INSERT [dbo].[Salidas] ([SalidaId], [ProductoId], [Fecha], [Cantidad]) VALUES (1323, 27, CAST(N'2020-11-07' AS Date), 0)
INSERT [dbo].[Salidas] ([SalidaId], [ProductoId], [Fecha], [Cantidad]) VALUES (1326, 28, CAST(N'2020-08-09' AS Date), 0)
INSERT [dbo].[Salidas] ([SalidaId], [ProductoId], [Fecha], [Cantidad]) VALUES (1327, 28, CAST(N'2020-08-16' AS Date), 0)
INSERT [dbo].[Salidas] ([SalidaId], [ProductoId], [Fecha], [Cantidad]) VALUES (1328, 28, CAST(N'2020-10-04' AS Date), 0)
INSERT [dbo].[Salidas] ([SalidaId], [ProductoId], [Fecha], [Cantidad]) VALUES (1329, 28, CAST(N'2020-10-18' AS Date), 0)
INSERT [dbo].[Salidas] ([SalidaId], [ProductoId], [Fecha], [Cantidad]) VALUES (1330, 28, CAST(N'2020-10-31' AS Date), 0)
INSERT [dbo].[Salidas] ([SalidaId], [ProductoId], [Fecha], [Cantidad]) VALUES (1331, 28, CAST(N'2020-11-07' AS Date), 0)
INSERT [dbo].[Salidas] ([SalidaId], [ProductoId], [Fecha], [Cantidad]) VALUES (1332, 28, CAST(N'2020-11-14' AS Date), 0)
INSERT [dbo].[Salidas] ([SalidaId], [ProductoId], [Fecha], [Cantidad]) VALUES (2097, 1, CAST(N'2020-09-16' AS Date), 0)
GO
INSERT [dbo].[Salidas] ([SalidaId], [ProductoId], [Fecha], [Cantidad]) VALUES (2098, 17, CAST(N'2020-09-23' AS Date), 0)
INSERT [dbo].[Salidas] ([SalidaId], [ProductoId], [Fecha], [Cantidad]) VALUES (2099, 20, CAST(N'2020-09-29' AS Date), 0)
INSERT [dbo].[Salidas] ([SalidaId], [ProductoId], [Fecha], [Cantidad]) VALUES (2100, 22, CAST(N'2020-09-23' AS Date), 0)
INSERT [dbo].[Salidas] ([SalidaId], [ProductoId], [Fecha], [Cantidad]) VALUES (2101, 34, CAST(N'2020-08-09' AS Date), 0)
INSERT [dbo].[Salidas] ([SalidaId], [ProductoId], [Fecha], [Cantidad]) VALUES (2102, 34, CAST(N'2020-08-16' AS Date), 0)
INSERT [dbo].[Salidas] ([SalidaId], [ProductoId], [Fecha], [Cantidad]) VALUES (2103, 34, CAST(N'2020-09-13' AS Date), 0)
INSERT [dbo].[Salidas] ([SalidaId], [ProductoId], [Fecha], [Cantidad]) VALUES (2104, 34, CAST(N'2020-09-20' AS Date), 0)
INSERT [dbo].[Salidas] ([SalidaId], [ProductoId], [Fecha], [Cantidad]) VALUES (2105, 34, CAST(N'2020-09-27' AS Date), 0)
INSERT [dbo].[Salidas] ([SalidaId], [ProductoId], [Fecha], [Cantidad]) VALUES (2106, 34, CAST(N'2020-10-04' AS Date), 0)
INSERT [dbo].[Salidas] ([SalidaId], [ProductoId], [Fecha], [Cantidad]) VALUES (2107, 34, CAST(N'2020-10-11' AS Date), 0)
INSERT [dbo].[Salidas] ([SalidaId], [ProductoId], [Fecha], [Cantidad]) VALUES (2108, 34, CAST(N'2020-10-18' AS Date), 0)
INSERT [dbo].[Salidas] ([SalidaId], [ProductoId], [Fecha], [Cantidad]) VALUES (2109, 34, CAST(N'2020-11-08' AS Date), 0)
INSERT [dbo].[Salidas] ([SalidaId], [ProductoId], [Fecha], [Cantidad]) VALUES (2110, 34, CAST(N'2020-11-15' AS Date), 0)
INSERT [dbo].[Salidas] ([SalidaId], [ProductoId], [Fecha], [Cantidad]) VALUES (2111, 34, CAST(N'2020-11-22' AS Date), 0)
INSERT [dbo].[Salidas] ([SalidaId], [ProductoId], [Fecha], [Cantidad]) VALUES (2116, 82, CAST(N'2020-08-16' AS Date), 0)
INSERT [dbo].[Salidas] ([SalidaId], [ProductoId], [Fecha], [Cantidad]) VALUES (2117, 82, CAST(N'2020-08-23' AS Date), 0)
INSERT [dbo].[Salidas] ([SalidaId], [ProductoId], [Fecha], [Cantidad]) VALUES (2118, 82, CAST(N'2020-09-20' AS Date), 0)
INSERT [dbo].[Salidas] ([SalidaId], [ProductoId], [Fecha], [Cantidad]) VALUES (2119, 82, CAST(N'2020-09-27' AS Date), 0)
INSERT [dbo].[Salidas] ([SalidaId], [ProductoId], [Fecha], [Cantidad]) VALUES (2120, 82, CAST(N'2020-10-18' AS Date), 0)
INSERT [dbo].[Salidas] ([SalidaId], [ProductoId], [Fecha], [Cantidad]) VALUES (2121, 82, CAST(N'2020-10-25' AS Date), 0)
INSERT [dbo].[Salidas] ([SalidaId], [ProductoId], [Fecha], [Cantidad]) VALUES (2122, 82, CAST(N'2020-11-01' AS Date), 0)
INSERT [dbo].[Salidas] ([SalidaId], [ProductoId], [Fecha], [Cantidad]) VALUES (2123, 82, CAST(N'2020-11-08' AS Date), 0)
INSERT [dbo].[Salidas] ([SalidaId], [ProductoId], [Fecha], [Cantidad]) VALUES (2124, 82, CAST(N'2020-11-15' AS Date), 0)
INSERT [dbo].[Salidas] ([SalidaId], [ProductoId], [Fecha], [Cantidad]) VALUES (2125, 82, CAST(N'2020-11-22' AS Date), 0)
INSERT [dbo].[Salidas] ([SalidaId], [ProductoId], [Fecha], [Cantidad]) VALUES (2126, 82, CAST(N'2020-11-29' AS Date), 0)
INSERT [dbo].[Salidas] ([SalidaId], [ProductoId], [Fecha], [Cantidad]) VALUES (2128, 36, CAST(N'2020-08-09' AS Date), 0)
INSERT [dbo].[Salidas] ([SalidaId], [ProductoId], [Fecha], [Cantidad]) VALUES (2129, 36, CAST(N'2020-08-16' AS Date), 0)
INSERT [dbo].[Salidas] ([SalidaId], [ProductoId], [Fecha], [Cantidad]) VALUES (2130, 36, CAST(N'2020-08-23' AS Date), 0)
INSERT [dbo].[Salidas] ([SalidaId], [ProductoId], [Fecha], [Cantidad]) VALUES (2131, 36, CAST(N'2020-09-20' AS Date), 0)
INSERT [dbo].[Salidas] ([SalidaId], [ProductoId], [Fecha], [Cantidad]) VALUES (2132, 36, CAST(N'2020-09-27' AS Date), 0)
INSERT [dbo].[Salidas] ([SalidaId], [ProductoId], [Fecha], [Cantidad]) VALUES (2133, 36, CAST(N'2020-10-04' AS Date), 0)
INSERT [dbo].[Salidas] ([SalidaId], [ProductoId], [Fecha], [Cantidad]) VALUES (2134, 36, CAST(N'2020-11-01' AS Date), 0)
INSERT [dbo].[Salidas] ([SalidaId], [ProductoId], [Fecha], [Cantidad]) VALUES (2135, 36, CAST(N'2020-11-08' AS Date), 0)
INSERT [dbo].[Salidas] ([SalidaId], [ProductoId], [Fecha], [Cantidad]) VALUES (2136, 36, CAST(N'2020-11-15' AS Date), 0)
INSERT [dbo].[Salidas] ([SalidaId], [ProductoId], [Fecha], [Cantidad]) VALUES (2141, 37, CAST(N'2020-08-16' AS Date), 0)
INSERT [dbo].[Salidas] ([SalidaId], [ProductoId], [Fecha], [Cantidad]) VALUES (2142, 37, CAST(N'2020-08-23' AS Date), 0)
INSERT [dbo].[Salidas] ([SalidaId], [ProductoId], [Fecha], [Cantidad]) VALUES (2143, 37, CAST(N'2020-09-06' AS Date), 0)
INSERT [dbo].[Salidas] ([SalidaId], [ProductoId], [Fecha], [Cantidad]) VALUES (2144, 37, CAST(N'2020-09-13' AS Date), 0)
INSERT [dbo].[Salidas] ([SalidaId], [ProductoId], [Fecha], [Cantidad]) VALUES (2145, 37, CAST(N'2020-09-27' AS Date), 0)
INSERT [dbo].[Salidas] ([SalidaId], [ProductoId], [Fecha], [Cantidad]) VALUES (2146, 37, CAST(N'2020-10-04' AS Date), 0)
INSERT [dbo].[Salidas] ([SalidaId], [ProductoId], [Fecha], [Cantidad]) VALUES (2147, 37, CAST(N'2020-10-25' AS Date), 0)
INSERT [dbo].[Salidas] ([SalidaId], [ProductoId], [Fecha], [Cantidad]) VALUES (2148, 37, CAST(N'2020-11-01' AS Date), 0)
INSERT [dbo].[Salidas] ([SalidaId], [ProductoId], [Fecha], [Cantidad]) VALUES (2149, 37, CAST(N'2020-11-08' AS Date), 0)
INSERT [dbo].[Salidas] ([SalidaId], [ProductoId], [Fecha], [Cantidad]) VALUES (2150, 37, CAST(N'2020-11-15' AS Date), 0)
INSERT [dbo].[Salidas] ([SalidaId], [ProductoId], [Fecha], [Cantidad]) VALUES (2154, 34, CAST(N'2020-11-26' AS Date), 0)
INSERT [dbo].[Salidas] ([SalidaId], [ProductoId], [Fecha], [Cantidad]) VALUES (2639, 57, CAST(N'2020-12-02' AS Date), 3)
INSERT [dbo].[Salidas] ([SalidaId], [ProductoId], [Fecha], [Cantidad]) VALUES (2640, 4, CAST(N'2020-12-02' AS Date), 2)
INSERT [dbo].[Salidas] ([SalidaId], [ProductoId], [Fecha], [Cantidad]) VALUES (2641, 11, CAST(N'2020-12-02' AS Date), 2)
INSERT [dbo].[Salidas] ([SalidaId], [ProductoId], [Fecha], [Cantidad]) VALUES (2642, 5, CAST(N'2020-12-02' AS Date), 1)
INSERT [dbo].[Salidas] ([SalidaId], [ProductoId], [Fecha], [Cantidad]) VALUES (2643, 12, CAST(N'2020-12-02' AS Date), 1)
INSERT [dbo].[Salidas] ([SalidaId], [ProductoId], [Fecha], [Cantidad]) VALUES (2644, 15, CAST(N'2020-12-02' AS Date), 1)
INSERT [dbo].[Salidas] ([SalidaId], [ProductoId], [Fecha], [Cantidad]) VALUES (2645, 16, CAST(N'2020-12-02' AS Date), 1)
INSERT [dbo].[Salidas] ([SalidaId], [ProductoId], [Fecha], [Cantidad]) VALUES (2646, 70, CAST(N'2020-12-02' AS Date), 3)
INSERT [dbo].[Salidas] ([SalidaId], [ProductoId], [Fecha], [Cantidad]) VALUES (2647, 30, CAST(N'2020-12-02' AS Date), 3)
INSERT [dbo].[Salidas] ([SalidaId], [ProductoId], [Fecha], [Cantidad]) VALUES (2648, 21, CAST(N'2020-12-02' AS Date), 2)
INSERT [dbo].[Salidas] ([SalidaId], [ProductoId], [Fecha], [Cantidad]) VALUES (2649, 22, CAST(N'2020-12-02' AS Date), 2)
INSERT [dbo].[Salidas] ([SalidaId], [ProductoId], [Fecha], [Cantidad]) VALUES (2650, 26, CAST(N'2020-12-02' AS Date), 3)
INSERT [dbo].[Salidas] ([SalidaId], [ProductoId], [Fecha], [Cantidad]) VALUES (2651, 2, CAST(N'2020-12-02' AS Date), 1)
INSERT [dbo].[Salidas] ([SalidaId], [ProductoId], [Fecha], [Cantidad]) VALUES (2652, 11, CAST(N'2020-12-03' AS Date), 4)
INSERT [dbo].[Salidas] ([SalidaId], [ProductoId], [Fecha], [Cantidad]) VALUES (2653, 9, CAST(N'2020-12-03' AS Date), 1)
INSERT [dbo].[Salidas] ([SalidaId], [ProductoId], [Fecha], [Cantidad]) VALUES (2654, 25, CAST(N'2020-12-03' AS Date), 3)
INSERT [dbo].[Salidas] ([SalidaId], [ProductoId], [Fecha], [Cantidad]) VALUES (2655, 3, CAST(N'2020-12-03' AS Date), 1)
INSERT [dbo].[Salidas] ([SalidaId], [ProductoId], [Fecha], [Cantidad]) VALUES (2656, 1, CAST(N'2020-12-03' AS Date), 3)
INSERT [dbo].[Salidas] ([SalidaId], [ProductoId], [Fecha], [Cantidad]) VALUES (2657, 32, CAST(N'2020-12-03' AS Date), 1)
INSERT [dbo].[Salidas] ([SalidaId], [ProductoId], [Fecha], [Cantidad]) VALUES (2658, 14, CAST(N'2020-12-03' AS Date), 1)
INSERT [dbo].[Salidas] ([SalidaId], [ProductoId], [Fecha], [Cantidad]) VALUES (2659, 15, CAST(N'2020-12-03' AS Date), 1)
INSERT [dbo].[Salidas] ([SalidaId], [ProductoId], [Fecha], [Cantidad]) VALUES (2660, 8, CAST(N'2020-12-03' AS Date), 1)
INSERT [dbo].[Salidas] ([SalidaId], [ProductoId], [Fecha], [Cantidad]) VALUES (2661, 23, CAST(N'2020-12-03' AS Date), 3)
INSERT [dbo].[Salidas] ([SalidaId], [ProductoId], [Fecha], [Cantidad]) VALUES (2662, 18, CAST(N'2020-12-03' AS Date), 1)
INSERT [dbo].[Salidas] ([SalidaId], [ProductoId], [Fecha], [Cantidad]) VALUES (2663, 95, CAST(N'2020-12-03' AS Date), 3)
INSERT [dbo].[Salidas] ([SalidaId], [ProductoId], [Fecha], [Cantidad]) VALUES (2664, 12, CAST(N'2020-12-04' AS Date), 1)
INSERT [dbo].[Salidas] ([SalidaId], [ProductoId], [Fecha], [Cantidad]) VALUES (2665, 19, CAST(N'2020-12-04' AS Date), 3)
INSERT [dbo].[Salidas] ([SalidaId], [ProductoId], [Fecha], [Cantidad]) VALUES (2666, 2, CAST(N'2020-12-04' AS Date), 4)
INSERT [dbo].[Salidas] ([SalidaId], [ProductoId], [Fecha], [Cantidad]) VALUES (2667, 1, CAST(N'2020-12-04' AS Date), 7)
INSERT [dbo].[Salidas] ([SalidaId], [ProductoId], [Fecha], [Cantidad]) VALUES (2668, 59, CAST(N'2020-12-04' AS Date), 3)
INSERT [dbo].[Salidas] ([SalidaId], [ProductoId], [Fecha], [Cantidad]) VALUES (2669, 9, CAST(N'2020-12-04' AS Date), 1)
INSERT [dbo].[Salidas] ([SalidaId], [ProductoId], [Fecha], [Cantidad]) VALUES (2670, 3, CAST(N'2020-12-04' AS Date), 2)
INSERT [dbo].[Salidas] ([SalidaId], [ProductoId], [Fecha], [Cantidad]) VALUES (2671, 27, CAST(N'2020-12-04' AS Date), 3)
INSERT [dbo].[Salidas] ([SalidaId], [ProductoId], [Fecha], [Cantidad]) VALUES (2672, 20, CAST(N'2020-12-04' AS Date), 3)
INSERT [dbo].[Salidas] ([SalidaId], [ProductoId], [Fecha], [Cantidad]) VALUES (2673, 32, CAST(N'2020-12-04' AS Date), 1)
INSERT [dbo].[Salidas] ([SalidaId], [ProductoId], [Fecha], [Cantidad]) VALUES (2674, 34, CAST(N'2020-12-04' AS Date), 1)
INSERT [dbo].[Salidas] ([SalidaId], [ProductoId], [Fecha], [Cantidad]) VALUES (2675, 6, CAST(N'2020-12-05' AS Date), 0)
INSERT [dbo].[Salidas] ([SalidaId], [ProductoId], [Fecha], [Cantidad]) VALUES (2676, 7, CAST(N'2020-12-05' AS Date), 0)
INSERT [dbo].[Salidas] ([SalidaId], [ProductoId], [Fecha], [Cantidad]) VALUES (2677, 10, CAST(N'2020-12-05' AS Date), 0)
INSERT [dbo].[Salidas] ([SalidaId], [ProductoId], [Fecha], [Cantidad]) VALUES (2678, 83, CAST(N'2020-12-05' AS Date), 0)
INSERT [dbo].[Salidas] ([SalidaId], [ProductoId], [Fecha], [Cantidad]) VALUES (2679, 13, CAST(N'2020-12-05' AS Date), 0)
INSERT [dbo].[Salidas] ([SalidaId], [ProductoId], [Fecha], [Cantidad]) VALUES (2680, 17, CAST(N'2020-12-05' AS Date), 0)
INSERT [dbo].[Salidas] ([SalidaId], [ProductoId], [Fecha], [Cantidad]) VALUES (2681, 33, CAST(N'2020-12-05' AS Date), 0)
INSERT [dbo].[Salidas] ([SalidaId], [ProductoId], [Fecha], [Cantidad]) VALUES (2682, 24, CAST(N'2020-12-05' AS Date), 0)
INSERT [dbo].[Salidas] ([SalidaId], [ProductoId], [Fecha], [Cantidad]) VALUES (2683, 28, CAST(N'2020-12-05' AS Date), 0)
INSERT [dbo].[Salidas] ([SalidaId], [ProductoId], [Fecha], [Cantidad]) VALUES (2684, 11, CAST(N'2020-12-07' AS Date), 2)
INSERT [dbo].[Salidas] ([SalidaId], [ProductoId], [Fecha], [Cantidad]) VALUES (2685, 15, CAST(N'2020-12-07' AS Date), 1)
INSERT [dbo].[Salidas] ([SalidaId], [ProductoId], [Fecha], [Cantidad]) VALUES (2686, 1, CAST(N'2020-12-07' AS Date), 2)
INSERT [dbo].[Salidas] ([SalidaId], [ProductoId], [Fecha], [Cantidad]) VALUES (2687, 32, CAST(N'2020-12-07' AS Date), 1)
INSERT [dbo].[Salidas] ([SalidaId], [ProductoId], [Fecha], [Cantidad]) VALUES (2688, 49, CAST(N'2020-12-07' AS Date), 1)
INSERT [dbo].[Salidas] ([SalidaId], [ProductoId], [Fecha], [Cantidad]) VALUES (2689, 3, CAST(N'2020-12-07' AS Date), 2)
INSERT [dbo].[Salidas] ([SalidaId], [ProductoId], [Fecha], [Cantidad]) VALUES (2690, 30, CAST(N'2020-12-07' AS Date), 1)
INSERT [dbo].[Salidas] ([SalidaId], [ProductoId], [Fecha], [Cantidad]) VALUES (2691, 25, CAST(N'2020-12-07' AS Date), 6)
INSERT [dbo].[Salidas] ([SalidaId], [ProductoId], [Fecha], [Cantidad]) VALUES (2692, 7, CAST(N'2020-12-07' AS Date), 2)
INSERT [dbo].[Salidas] ([SalidaId], [ProductoId], [Fecha], [Cantidad]) VALUES (2693, 82, CAST(N'2020-12-07' AS Date), 1)
GO
INSERT [dbo].[Salidas] ([SalidaId], [ProductoId], [Fecha], [Cantidad]) VALUES (2694, 2, CAST(N'2020-12-07' AS Date), 1)
INSERT [dbo].[Salidas] ([SalidaId], [ProductoId], [Fecha], [Cantidad]) VALUES (2695, 18, CAST(N'2020-12-07' AS Date), 1)
INSERT [dbo].[Salidas] ([SalidaId], [ProductoId], [Fecha], [Cantidad]) VALUES (2696, 13, CAST(N'2020-12-07' AS Date), 1)
INSERT [dbo].[Salidas] ([SalidaId], [ProductoId], [Fecha], [Cantidad]) VALUES (2697, 63, CAST(N'2020-12-07' AS Date), 3)
INSERT [dbo].[Salidas] ([SalidaId], [ProductoId], [Fecha], [Cantidad]) VALUES (2698, 30, CAST(N'2020-12-07' AS Date), 1)
INSERT [dbo].[Salidas] ([SalidaId], [ProductoId], [Fecha], [Cantidad]) VALUES (2699, 2, CAST(N'2020-12-08' AS Date), 1)
INSERT [dbo].[Salidas] ([SalidaId], [ProductoId], [Fecha], [Cantidad]) VALUES (2700, 1, CAST(N'2020-12-08' AS Date), 5)
INSERT [dbo].[Salidas] ([SalidaId], [ProductoId], [Fecha], [Cantidad]) VALUES (2701, 14, CAST(N'2020-12-08' AS Date), 1)
INSERT [dbo].[Salidas] ([SalidaId], [ProductoId], [Fecha], [Cantidad]) VALUES (2702, 16, CAST(N'2020-12-08' AS Date), 1)
INSERT [dbo].[Salidas] ([SalidaId], [ProductoId], [Fecha], [Cantidad]) VALUES (2703, 11, CAST(N'2020-12-08' AS Date), 4)
INSERT [dbo].[Salidas] ([SalidaId], [ProductoId], [Fecha], [Cantidad]) VALUES (2704, 30, CAST(N'2020-12-08' AS Date), 1)
INSERT [dbo].[Salidas] ([SalidaId], [ProductoId], [Fecha], [Cantidad]) VALUES (2705, 32, CAST(N'2020-12-08' AS Date), 2)
INSERT [dbo].[Salidas] ([SalidaId], [ProductoId], [Fecha], [Cantidad]) VALUES (2706, 4, CAST(N'2020-12-08' AS Date), 2)
INSERT [dbo].[Salidas] ([SalidaId], [ProductoId], [Fecha], [Cantidad]) VALUES (2707, 12, CAST(N'2020-12-08' AS Date), 1)
INSERT [dbo].[Salidas] ([SalidaId], [ProductoId], [Fecha], [Cantidad]) VALUES (2708, 34, CAST(N'2020-12-08' AS Date), 3)
INSERT [dbo].[Salidas] ([SalidaId], [ProductoId], [Fecha], [Cantidad]) VALUES (2709, 8, CAST(N'2020-12-08' AS Date), 3)
INSERT [dbo].[Salidas] ([SalidaId], [ProductoId], [Fecha], [Cantidad]) VALUES (2710, 64, CAST(N'2020-12-08' AS Date), 3)
INSERT [dbo].[Salidas] ([SalidaId], [ProductoId], [Fecha], [Cantidad]) VALUES (2711, 15, CAST(N'2020-12-08' AS Date), 1)
INSERT [dbo].[Salidas] ([SalidaId], [ProductoId], [Fecha], [Cantidad]) VALUES (2712, 37, CAST(N'2020-12-08' AS Date), 1)
INSERT [dbo].[Salidas] ([SalidaId], [ProductoId], [Fecha], [Cantidad]) VALUES (2713, 84, CAST(N'2020-12-08' AS Date), 1)
INSERT [dbo].[Salidas] ([SalidaId], [ProductoId], [Fecha], [Cantidad]) VALUES (2714, 82, CAST(N'2020-12-08' AS Date), 1)
INSERT [dbo].[Salidas] ([SalidaId], [ProductoId], [Fecha], [Cantidad]) VALUES (2715, 9, CAST(N'2020-12-08' AS Date), 1)
INSERT [dbo].[Salidas] ([SalidaId], [ProductoId], [Fecha], [Cantidad]) VALUES (2716, 6, CAST(N'2020-12-08' AS Date), 1)
INSERT [dbo].[Salidas] ([SalidaId], [ProductoId], [Fecha], [Cantidad]) VALUES (2717, 26, CAST(N'2020-12-08' AS Date), 1)
INSERT [dbo].[Salidas] ([SalidaId], [ProductoId], [Fecha], [Cantidad]) VALUES (2718, 30, CAST(N'2020-12-09' AS Date), 1)
INSERT [dbo].[Salidas] ([SalidaId], [ProductoId], [Fecha], [Cantidad]) VALUES (2719, 20, CAST(N'2020-12-09' AS Date), 3)
INSERT [dbo].[Salidas] ([SalidaId], [ProductoId], [Fecha], [Cantidad]) VALUES (2720, 2, CAST(N'2020-12-09' AS Date), 2)
INSERT [dbo].[Salidas] ([SalidaId], [ProductoId], [Fecha], [Cantidad]) VALUES (2721, 32, CAST(N'2020-12-09' AS Date), 5)
INSERT [dbo].[Salidas] ([SalidaId], [ProductoId], [Fecha], [Cantidad]) VALUES (2722, 67, CAST(N'2020-12-09' AS Date), 2)
INSERT [dbo].[Salidas] ([SalidaId], [ProductoId], [Fecha], [Cantidad]) VALUES (2723, 16, CAST(N'2020-12-09' AS Date), 1)
INSERT [dbo].[Salidas] ([SalidaId], [ProductoId], [Fecha], [Cantidad]) VALUES (2724, 34, CAST(N'2020-12-09' AS Date), 1)
INSERT [dbo].[Salidas] ([SalidaId], [ProductoId], [Fecha], [Cantidad]) VALUES (2725, 12, CAST(N'2020-12-09' AS Date), 1)
INSERT [dbo].[Salidas] ([SalidaId], [ProductoId], [Fecha], [Cantidad]) VALUES (2726, 18, CAST(N'2020-12-09' AS Date), 1)
INSERT [dbo].[Salidas] ([SalidaId], [ProductoId], [Fecha], [Cantidad]) VALUES (2727, 27, CAST(N'2020-12-09' AS Date), 3)
INSERT [dbo].[Salidas] ([SalidaId], [ProductoId], [Fecha], [Cantidad]) VALUES (2728, 6, CAST(N'2020-12-09' AS Date), 2)
INSERT [dbo].[Salidas] ([SalidaId], [ProductoId], [Fecha], [Cantidad]) VALUES (2729, 11, CAST(N'2020-12-09' AS Date), 4)
INSERT [dbo].[Salidas] ([SalidaId], [ProductoId], [Fecha], [Cantidad]) VALUES (2730, 86, CAST(N'2020-12-09' AS Date), 1)
INSERT [dbo].[Salidas] ([SalidaId], [ProductoId], [Fecha], [Cantidad]) VALUES (2731, 8, CAST(N'2020-12-09' AS Date), 1)
INSERT [dbo].[Salidas] ([SalidaId], [ProductoId], [Fecha], [Cantidad]) VALUES (2732, 21, CAST(N'2020-12-09' AS Date), 2)
INSERT [dbo].[Salidas] ([SalidaId], [ProductoId], [Fecha], [Cantidad]) VALUES (2733, 63, CAST(N'2020-12-09' AS Date), 1)
INSERT [dbo].[Salidas] ([SalidaId], [ProductoId], [Fecha], [Cantidad]) VALUES (2734, 19, CAST(N'2020-12-09' AS Date), 3)
INSERT [dbo].[Salidas] ([SalidaId], [ProductoId], [Fecha], [Cantidad]) VALUES (2735, 14, CAST(N'2020-12-09' AS Date), 1)
INSERT [dbo].[Salidas] ([SalidaId], [ProductoId], [Fecha], [Cantidad]) VALUES (2736, 15, CAST(N'2020-12-09' AS Date), 1)
INSERT [dbo].[Salidas] ([SalidaId], [ProductoId], [Fecha], [Cantidad]) VALUES (2737, 13, CAST(N'2020-12-09' AS Date), 1)
INSERT [dbo].[Salidas] ([SalidaId], [ProductoId], [Fecha], [Cantidad]) VALUES (2738, 9, CAST(N'2020-12-10' AS Date), 8)
INSERT [dbo].[Salidas] ([SalidaId], [ProductoId], [Fecha], [Cantidad]) VALUES (2739, 7, CAST(N'2020-12-10' AS Date), 2)
INSERT [dbo].[Salidas] ([SalidaId], [ProductoId], [Fecha], [Cantidad]) VALUES (2740, 35, CAST(N'2020-12-10' AS Date), 1)
INSERT [dbo].[Salidas] ([SalidaId], [ProductoId], [Fecha], [Cantidad]) VALUES (2741, 20, CAST(N'2020-12-10' AS Date), 3)
INSERT [dbo].[Salidas] ([SalidaId], [ProductoId], [Fecha], [Cantidad]) VALUES (2742, 30, CAST(N'2020-12-10' AS Date), 1)
INSERT [dbo].[Salidas] ([SalidaId], [ProductoId], [Fecha], [Cantidad]) VALUES (2743, 5, CAST(N'2020-12-10' AS Date), 2)
INSERT [dbo].[Salidas] ([SalidaId], [ProductoId], [Fecha], [Cantidad]) VALUES (2744, 16, CAST(N'2020-12-10' AS Date), 1)
INSERT [dbo].[Salidas] ([SalidaId], [ProductoId], [Fecha], [Cantidad]) VALUES (2745, 62, CAST(N'2020-12-10' AS Date), 3)
INSERT [dbo].[Salidas] ([SalidaId], [ProductoId], [Fecha], [Cantidad]) VALUES (2746, 1, CAST(N'2020-12-10' AS Date), 2)
INSERT [dbo].[Salidas] ([SalidaId], [ProductoId], [Fecha], [Cantidad]) VALUES (2747, 2, CAST(N'2020-12-10' AS Date), 1)
INSERT [dbo].[Salidas] ([SalidaId], [ProductoId], [Fecha], [Cantidad]) VALUES (2748, 3, CAST(N'2020-12-10' AS Date), 2)
INSERT [dbo].[Salidas] ([SalidaId], [ProductoId], [Fecha], [Cantidad]) VALUES (2749, 18, CAST(N'2020-12-10' AS Date), 1)
INSERT [dbo].[Salidas] ([SalidaId], [ProductoId], [Fecha], [Cantidad]) VALUES (2750, 8, CAST(N'2020-12-10' AS Date), 1)
INSERT [dbo].[Salidas] ([SalidaId], [ProductoId], [Fecha], [Cantidad]) VALUES (2751, 12, CAST(N'2020-12-10' AS Date), 1)
INSERT [dbo].[Salidas] ([SalidaId], [ProductoId], [Fecha], [Cantidad]) VALUES (2752, 21, CAST(N'2020-12-11' AS Date), 1)
INSERT [dbo].[Salidas] ([SalidaId], [ProductoId], [Fecha], [Cantidad]) VALUES (2753, 22, CAST(N'2020-12-11' AS Date), 1)
INSERT [dbo].[Salidas] ([SalidaId], [ProductoId], [Fecha], [Cantidad]) VALUES (2754, 8, CAST(N'2020-12-11' AS Date), 4)
INSERT [dbo].[Salidas] ([SalidaId], [ProductoId], [Fecha], [Cantidad]) VALUES (2755, 26, CAST(N'2020-12-11' AS Date), 3)
INSERT [dbo].[Salidas] ([SalidaId], [ProductoId], [Fecha], [Cantidad]) VALUES (2756, 12, CAST(N'2020-12-11' AS Date), 1)
INSERT [dbo].[Salidas] ([SalidaId], [ProductoId], [Fecha], [Cantidad]) VALUES (2757, 7, CAST(N'2020-12-11' AS Date), 2)
INSERT [dbo].[Salidas] ([SalidaId], [ProductoId], [Fecha], [Cantidad]) VALUES (2758, 32, CAST(N'2020-12-11' AS Date), 1)
INSERT [dbo].[Salidas] ([SalidaId], [ProductoId], [Fecha], [Cantidad]) VALUES (2759, 6, CAST(N'2020-12-11' AS Date), 1)
INSERT [dbo].[Salidas] ([SalidaId], [ProductoId], [Fecha], [Cantidad]) VALUES (2760, 28, CAST(N'2020-12-11' AS Date), 1)
INSERT [dbo].[Salidas] ([SalidaId], [ProductoId], [Fecha], [Cantidad]) VALUES (2761, 29, CAST(N'2020-12-11' AS Date), 3)
INSERT [dbo].[Salidas] ([SalidaId], [ProductoId], [Fecha], [Cantidad]) VALUES (2762, 3, CAST(N'2020-12-11' AS Date), 2)
INSERT [dbo].[Salidas] ([SalidaId], [ProductoId], [Fecha], [Cantidad]) VALUES (2763, 1, CAST(N'2020-12-11' AS Date), 1)
INSERT [dbo].[Salidas] ([SalidaId], [ProductoId], [Fecha], [Cantidad]) VALUES (2764, 10, CAST(N'2020-12-12' AS Date), 0)
INSERT [dbo].[Salidas] ([SalidaId], [ProductoId], [Fecha], [Cantidad]) VALUES (2765, 83, CAST(N'2020-12-12' AS Date), 0)
INSERT [dbo].[Salidas] ([SalidaId], [ProductoId], [Fecha], [Cantidad]) VALUES (2766, 17, CAST(N'2020-12-12' AS Date), 0)
INSERT [dbo].[Salidas] ([SalidaId], [ProductoId], [Fecha], [Cantidad]) VALUES (2767, 33, CAST(N'2020-12-12' AS Date), 0)
INSERT [dbo].[Salidas] ([SalidaId], [ProductoId], [Fecha], [Cantidad]) VALUES (2768, 23, CAST(N'2020-12-12' AS Date), 0)
INSERT [dbo].[Salidas] ([SalidaId], [ProductoId], [Fecha], [Cantidad]) VALUES (2769, 24, CAST(N'2020-12-12' AS Date), 0)
INSERT [dbo].[Salidas] ([SalidaId], [ProductoId], [Fecha], [Cantidad]) VALUES (2770, 82, CAST(N'2020-12-06' AS Date), 0)
INSERT [dbo].[Salidas] ([SalidaId], [ProductoId], [Fecha], [Cantidad]) VALUES (2771, 36, CAST(N'2020-12-06' AS Date), 0)
INSERT [dbo].[Salidas] ([SalidaId], [ProductoId], [Fecha], [Cantidad]) VALUES (2772, 37, CAST(N'2020-12-06' AS Date), 0)
SET IDENTITY_INSERT [dbo].[Salidas] OFF
GO
INSERT [dbo].[SalidasDiciembre] ([SalidaId], [ProductoId], [Fecha], [Cantidad]) VALUES (939, 45, CAST(N'2020-12-14' AS Date), 3)
INSERT [dbo].[SalidasDiciembre] ([SalidaId], [ProductoId], [Fecha], [Cantidad]) VALUES (940, 4, CAST(N'2020-12-14' AS Date), 2)
INSERT [dbo].[SalidasDiciembre] ([SalidaId], [ProductoId], [Fecha], [Cantidad]) VALUES (941, 1, CAST(N'2020-12-14' AS Date), 1)
INSERT [dbo].[SalidasDiciembre] ([SalidaId], [ProductoId], [Fecha], [Cantidad]) VALUES (942, 11, CAST(N'2020-12-14' AS Date), 2)
INSERT [dbo].[SalidasDiciembre] ([SalidaId], [ProductoId], [Fecha], [Cantidad]) VALUES (943, 47, CAST(N'2020-12-14' AS Date), 1)
INSERT [dbo].[SalidasDiciembre] ([SalidaId], [ProductoId], [Fecha], [Cantidad]) VALUES (944, 32, CAST(N'2020-12-14' AS Date), 3)
INSERT [dbo].[SalidasDiciembre] ([SalidaId], [ProductoId], [Fecha], [Cantidad]) VALUES (945, 16, CAST(N'2020-12-14' AS Date), 1)
INSERT [dbo].[SalidasDiciembre] ([SalidaId], [ProductoId], [Fecha], [Cantidad]) VALUES (946, 35, CAST(N'2020-12-14' AS Date), 1)
INSERT [dbo].[SalidasDiciembre] ([SalidaId], [ProductoId], [Fecha], [Cantidad]) VALUES (947, 63, CAST(N'2020-12-14' AS Date), 3)
INSERT [dbo].[SalidasDiciembre] ([SalidaId], [ProductoId], [Fecha], [Cantidad]) VALUES (948, 18, CAST(N'2020-12-14' AS Date), 1)
INSERT [dbo].[SalidasDiciembre] ([SalidaId], [ProductoId], [Fecha], [Cantidad]) VALUES (949, 64, CAST(N'2020-12-14' AS Date), 3)
INSERT [dbo].[SalidasDiciembre] ([SalidaId], [ProductoId], [Fecha], [Cantidad]) VALUES (950, 26, CAST(N'2020-12-14' AS Date), 3)
INSERT [dbo].[SalidasDiciembre] ([SalidaId], [ProductoId], [Fecha], [Cantidad]) VALUES (951, 10, CAST(N'2020-12-14' AS Date), 1)
INSERT [dbo].[SalidasDiciembre] ([SalidaId], [ProductoId], [Fecha], [Cantidad]) VALUES (952, 2, CAST(N'2020-12-14' AS Date), 2)
INSERT [dbo].[SalidasDiciembre] ([SalidaId], [ProductoId], [Fecha], [Cantidad]) VALUES (953, 47, CAST(N'2020-12-15' AS Date), 3)
INSERT [dbo].[SalidasDiciembre] ([SalidaId], [ProductoId], [Fecha], [Cantidad]) VALUES (954, 16, CAST(N'2020-12-15' AS Date), 1)
INSERT [dbo].[SalidasDiciembre] ([SalidaId], [ProductoId], [Fecha], [Cantidad]) VALUES (955, 37, CAST(N'2020-12-15' AS Date), 1)
INSERT [dbo].[SalidasDiciembre] ([SalidaId], [ProductoId], [Fecha], [Cantidad]) VALUES (956, 6, CAST(N'2020-12-15' AS Date), 2)
INSERT [dbo].[SalidasDiciembre] ([SalidaId], [ProductoId], [Fecha], [Cantidad]) VALUES (957, 32, CAST(N'2020-12-15' AS Date), 2)
INSERT [dbo].[SalidasDiciembre] ([SalidaId], [ProductoId], [Fecha], [Cantidad]) VALUES (958, 2, CAST(N'2020-12-15' AS Date), 1)
INSERT [dbo].[SalidasDiciembre] ([SalidaId], [ProductoId], [Fecha], [Cantidad]) VALUES (959, 82, CAST(N'2020-12-15' AS Date), 1)
INSERT [dbo].[SalidasDiciembre] ([SalidaId], [ProductoId], [Fecha], [Cantidad]) VALUES (960, 11, CAST(N'2020-12-15' AS Date), 2)
INSERT [dbo].[SalidasDiciembre] ([SalidaId], [ProductoId], [Fecha], [Cantidad]) VALUES (961, 18, CAST(N'2020-12-15' AS Date), 1)
INSERT [dbo].[SalidasDiciembre] ([SalidaId], [ProductoId], [Fecha], [Cantidad]) VALUES (962, 5, CAST(N'2020-12-15' AS Date), 1)
INSERT [dbo].[SalidasDiciembre] ([SalidaId], [ProductoId], [Fecha], [Cantidad]) VALUES (963, 57, CAST(N'2020-12-15' AS Date), 3)
INSERT [dbo].[SalidasDiciembre] ([SalidaId], [ProductoId], [Fecha], [Cantidad]) VALUES (964, 24, CAST(N'2020-12-15' AS Date), 3)
INSERT [dbo].[SalidasDiciembre] ([SalidaId], [ProductoId], [Fecha], [Cantidad]) VALUES (965, 14, CAST(N'2020-12-15' AS Date), 1)
INSERT [dbo].[SalidasDiciembre] ([SalidaId], [ProductoId], [Fecha], [Cantidad]) VALUES (966, 15, CAST(N'2020-12-15' AS Date), 1)
INSERT [dbo].[SalidasDiciembre] ([SalidaId], [ProductoId], [Fecha], [Cantidad]) VALUES (967, 3, CAST(N'2020-12-15' AS Date), 1)
INSERT [dbo].[SalidasDiciembre] ([SalidaId], [ProductoId], [Fecha], [Cantidad]) VALUES (968, 84, CAST(N'2020-12-15' AS Date), 1)
INSERT [dbo].[SalidasDiciembre] ([SalidaId], [ProductoId], [Fecha], [Cantidad]) VALUES (969, 83, CAST(N'2020-12-15' AS Date), 2)
INSERT [dbo].[SalidasDiciembre] ([SalidaId], [ProductoId], [Fecha], [Cantidad]) VALUES (970, 82, CAST(N'2020-12-15' AS Date), 1)
INSERT [dbo].[SalidasDiciembre] ([SalidaId], [ProductoId], [Fecha], [Cantidad]) VALUES (971, 34, CAST(N'2020-12-15' AS Date), 1)
INSERT [dbo].[SalidasDiciembre] ([SalidaId], [ProductoId], [Fecha], [Cantidad]) VALUES (972, 7, CAST(N'2020-12-15' AS Date), 1)
INSERT [dbo].[SalidasDiciembre] ([SalidaId], [ProductoId], [Fecha], [Cantidad]) VALUES (973, 8, CAST(N'2020-12-15' AS Date), 1)
INSERT [dbo].[SalidasDiciembre] ([SalidaId], [ProductoId], [Fecha], [Cantidad]) VALUES (974, 12, CAST(N'2020-12-15' AS Date), 1)
INSERT [dbo].[SalidasDiciembre] ([SalidaId], [ProductoId], [Fecha], [Cantidad]) VALUES (975, 24, CAST(N'2020-12-15' AS Date), 3)
INSERT [dbo].[SalidasDiciembre] ([SalidaId], [ProductoId], [Fecha], [Cantidad]) VALUES (976, 8, CAST(N'2020-12-16' AS Date), 1)
INSERT [dbo].[SalidasDiciembre] ([SalidaId], [ProductoId], [Fecha], [Cantidad]) VALUES (977, 9, CAST(N'2020-12-16' AS Date), 3)
INSERT [dbo].[SalidasDiciembre] ([SalidaId], [ProductoId], [Fecha], [Cantidad]) VALUES (978, 33, CAST(N'2020-12-16' AS Date), 1)
INSERT [dbo].[SalidasDiciembre] ([SalidaId], [ProductoId], [Fecha], [Cantidad]) VALUES (979, 11, CAST(N'2020-12-16' AS Date), 4)
INSERT [dbo].[SalidasDiciembre] ([SalidaId], [ProductoId], [Fecha], [Cantidad]) VALUES (980, 7, CAST(N'2020-12-16' AS Date), 1)
INSERT [dbo].[SalidasDiciembre] ([SalidaId], [ProductoId], [Fecha], [Cantidad]) VALUES (981, 32, CAST(N'2020-12-16' AS Date), 5)
INSERT [dbo].[SalidasDiciembre] ([SalidaId], [ProductoId], [Fecha], [Cantidad]) VALUES (982, 10, CAST(N'2020-12-16' AS Date), 1)
INSERT [dbo].[SalidasDiciembre] ([SalidaId], [ProductoId], [Fecha], [Cantidad]) VALUES (983, 26, CAST(N'2020-12-16' AS Date), 3)
INSERT [dbo].[SalidasDiciembre] ([SalidaId], [ProductoId], [Fecha], [Cantidad]) VALUES (984, 3, CAST(N'2020-12-16' AS Date), 1)
INSERT [dbo].[SalidasDiciembre] ([SalidaId], [ProductoId], [Fecha], [Cantidad]) VALUES (985, 24, CAST(N'2020-12-16' AS Date), 1)
INSERT [dbo].[SalidasDiciembre] ([SalidaId], [ProductoId], [Fecha], [Cantidad]) VALUES (986, 71, CAST(N'2020-12-16' AS Date), 3)
INSERT [dbo].[SalidasDiciembre] ([SalidaId], [ProductoId], [Fecha], [Cantidad]) VALUES (987, 15, CAST(N'2020-12-16' AS Date), 1)
INSERT [dbo].[SalidasDiciembre] ([SalidaId], [ProductoId], [Fecha], [Cantidad]) VALUES (988, 16, CAST(N'2020-12-16' AS Date), 1)
INSERT [dbo].[SalidasDiciembre] ([SalidaId], [ProductoId], [Fecha], [Cantidad]) VALUES (989, 14, CAST(N'2020-12-16' AS Date), 1)
INSERT [dbo].[SalidasDiciembre] ([SalidaId], [ProductoId], [Fecha], [Cantidad]) VALUES (990, 18, CAST(N'2020-12-16' AS Date), 1)
INSERT [dbo].[SalidasDiciembre] ([SalidaId], [ProductoId], [Fecha], [Cantidad]) VALUES (991, 1, CAST(N'2020-12-16' AS Date), 2)
INSERT [dbo].[SalidasDiciembre] ([SalidaId], [ProductoId], [Fecha], [Cantidad]) VALUES (992, 67, CAST(N'2020-12-17' AS Date), 2)
INSERT [dbo].[SalidasDiciembre] ([SalidaId], [ProductoId], [Fecha], [Cantidad]) VALUES (993, 32, CAST(N'2020-12-17' AS Date), 7)
INSERT [dbo].[SalidasDiciembre] ([SalidaId], [ProductoId], [Fecha], [Cantidad]) VALUES (994, 3, CAST(N'2020-12-17' AS Date), 4)
INSERT [dbo].[SalidasDiciembre] ([SalidaId], [ProductoId], [Fecha], [Cantidad]) VALUES (995, 93, CAST(N'2020-12-17' AS Date), 3)
INSERT [dbo].[SalidasDiciembre] ([SalidaId], [ProductoId], [Fecha], [Cantidad]) VALUES (996, 13, CAST(N'2020-12-17' AS Date), 1)
INSERT [dbo].[SalidasDiciembre] ([SalidaId], [ProductoId], [Fecha], [Cantidad]) VALUES (997, 34, CAST(N'2020-12-17' AS Date), 1)
INSERT [dbo].[SalidasDiciembre] ([SalidaId], [ProductoId], [Fecha], [Cantidad]) VALUES (998, 16, CAST(N'2020-12-17' AS Date), 1)
INSERT [dbo].[SalidasDiciembre] ([SalidaId], [ProductoId], [Fecha], [Cantidad]) VALUES (999, 47, CAST(N'2020-12-17' AS Date), 1)
INSERT [dbo].[SalidasDiciembre] ([SalidaId], [ProductoId], [Fecha], [Cantidad]) VALUES (1000, 14, CAST(N'2020-12-17' AS Date), 1)
INSERT [dbo].[SalidasDiciembre] ([SalidaId], [ProductoId], [Fecha], [Cantidad]) VALUES (1001, 11, CAST(N'2020-12-17' AS Date), 2)
INSERT [dbo].[SalidasDiciembre] ([SalidaId], [ProductoId], [Fecha], [Cantidad]) VALUES (1002, 6, CAST(N'2020-12-17' AS Date), 1)
INSERT [dbo].[SalidasDiciembre] ([SalidaId], [ProductoId], [Fecha], [Cantidad]) VALUES (1003, 33, CAST(N'2020-12-17' AS Date), 1)
INSERT [dbo].[SalidasDiciembre] ([SalidaId], [ProductoId], [Fecha], [Cantidad]) VALUES (1004, 88, CAST(N'2020-12-17' AS Date), 3)
INSERT [dbo].[SalidasDiciembre] ([SalidaId], [ProductoId], [Fecha], [Cantidad]) VALUES (1005, 30, CAST(N'2020-12-17' AS Date), 1)
INSERT [dbo].[SalidasDiciembre] ([SalidaId], [ProductoId], [Fecha], [Cantidad]) VALUES (1006, 7, CAST(N'2020-12-17' AS Date), 1)
INSERT [dbo].[SalidasDiciembre] ([SalidaId], [ProductoId], [Fecha], [Cantidad]) VALUES (1007, 23, CAST(N'2020-12-18' AS Date), 3)
INSERT [dbo].[SalidasDiciembre] ([SalidaId], [ProductoId], [Fecha], [Cantidad]) VALUES (1008, 7, CAST(N'2020-12-18' AS Date), 2)
INSERT [dbo].[SalidasDiciembre] ([SalidaId], [ProductoId], [Fecha], [Cantidad]) VALUES (1009, 16, CAST(N'2020-12-18' AS Date), 1)
INSERT [dbo].[SalidasDiciembre] ([SalidaId], [ProductoId], [Fecha], [Cantidad]) VALUES (1010, 11, CAST(N'2020-12-18' AS Date), 4)
INSERT [dbo].[SalidasDiciembre] ([SalidaId], [ProductoId], [Fecha], [Cantidad]) VALUES (1011, 3, CAST(N'2020-12-18' AS Date), 4)
INSERT [dbo].[SalidasDiciembre] ([SalidaId], [ProductoId], [Fecha], [Cantidad]) VALUES (1012, 25, CAST(N'2020-12-18' AS Date), 5)
INSERT [dbo].[SalidasDiciembre] ([SalidaId], [ProductoId], [Fecha], [Cantidad]) VALUES (1013, 28, CAST(N'2020-12-18' AS Date), 1)
INSERT [dbo].[SalidasDiciembre] ([SalidaId], [ProductoId], [Fecha], [Cantidad]) VALUES (1014, 27, CAST(N'2020-12-18' AS Date), 3)
INSERT [dbo].[SalidasDiciembre] ([SalidaId], [ProductoId], [Fecha], [Cantidad]) VALUES (1015, 71, CAST(N'2020-12-18' AS Date), 3)
INSERT [dbo].[SalidasDiciembre] ([SalidaId], [ProductoId], [Fecha], [Cantidad]) VALUES (1016, 2, CAST(N'2020-12-18' AS Date), 3)
INSERT [dbo].[SalidasDiciembre] ([SalidaId], [ProductoId], [Fecha], [Cantidad]) VALUES (1017, 4, CAST(N'2020-12-18' AS Date), 3)
INSERT [dbo].[SalidasDiciembre] ([SalidaId], [ProductoId], [Fecha], [Cantidad]) VALUES (1018, 9, CAST(N'2020-12-18' AS Date), 1)
INSERT [dbo].[SalidasDiciembre] ([SalidaId], [ProductoId], [Fecha], [Cantidad]) VALUES (1019, 1, CAST(N'2020-12-18' AS Date), 2)
INSERT [dbo].[SalidasDiciembre] ([SalidaId], [ProductoId], [Fecha], [Cantidad]) VALUES (1020, 10, CAST(N'2020-12-18' AS Date), 1)
INSERT [dbo].[SalidasDiciembre] ([SalidaId], [ProductoId], [Fecha], [Cantidad]) VALUES (1021, 30, CAST(N'2020-12-18' AS Date), 1)
INSERT [dbo].[SalidasDiciembre] ([SalidaId], [ProductoId], [Fecha], [Cantidad]) VALUES (1022, 67, CAST(N'2020-12-18' AS Date), 1)
INSERT [dbo].[SalidasDiciembre] ([SalidaId], [ProductoId], [Fecha], [Cantidad]) VALUES (1023, 6, CAST(N'2020-12-18' AS Date), 1)
INSERT [dbo].[SalidasDiciembre] ([SalidaId], [ProductoId], [Fecha], [Cantidad]) VALUES (1024, 32, CAST(N'2020-12-18' AS Date), 2)
INSERT [dbo].[SalidasDiciembre] ([SalidaId], [ProductoId], [Fecha], [Cantidad]) VALUES (1025, 84, CAST(N'2020-12-18' AS Date), 1)
INSERT [dbo].[SalidasDiciembre] ([SalidaId], [ProductoId], [Fecha], [Cantidad]) VALUES (1026, 10, CAST(N'2020-12-22' AS Date), 1)
INSERT [dbo].[SalidasDiciembre] ([SalidaId], [ProductoId], [Fecha], [Cantidad]) VALUES (1027, 63, CAST(N'2020-12-22' AS Date), 2)
INSERT [dbo].[SalidasDiciembre] ([SalidaId], [ProductoId], [Fecha], [Cantidad]) VALUES (1028, 19, CAST(N'2020-12-22' AS Date), 6)
INSERT [dbo].[SalidasDiciembre] ([SalidaId], [ProductoId], [Fecha], [Cantidad]) VALUES (1029, 11, CAST(N'2020-12-22' AS Date), 4)
INSERT [dbo].[SalidasDiciembre] ([SalidaId], [ProductoId], [Fecha], [Cantidad]) VALUES (1030, 4, CAST(N'2020-12-22' AS Date), 2)
INSERT [dbo].[SalidasDiciembre] ([SalidaId], [ProductoId], [Fecha], [Cantidad]) VALUES (1031, 7, CAST(N'2020-12-22' AS Date), 2)
INSERT [dbo].[SalidasDiciembre] ([SalidaId], [ProductoId], [Fecha], [Cantidad]) VALUES (1032, 1, CAST(N'2020-12-22' AS Date), 2)
INSERT [dbo].[SalidasDiciembre] ([SalidaId], [ProductoId], [Fecha], [Cantidad]) VALUES (1033, 26, CAST(N'2020-12-22' AS Date), 3)
INSERT [dbo].[SalidasDiciembre] ([SalidaId], [ProductoId], [Fecha], [Cantidad]) VALUES (1034, 21, CAST(N'2020-12-22' AS Date), 2)
INSERT [dbo].[SalidasDiciembre] ([SalidaId], [ProductoId], [Fecha], [Cantidad]) VALUES (1035, 67, CAST(N'2020-12-22' AS Date), 2)
INSERT [dbo].[SalidasDiciembre] ([SalidaId], [ProductoId], [Fecha], [Cantidad]) VALUES (1036, 34, CAST(N'2020-12-22' AS Date), 1)
INSERT [dbo].[SalidasDiciembre] ([SalidaId], [ProductoId], [Fecha], [Cantidad]) VALUES (1037, 32, CAST(N'2020-12-22' AS Date), 1)
INSERT [dbo].[SalidasDiciembre] ([SalidaId], [ProductoId], [Fecha], [Cantidad]) VALUES (1038, 6, CAST(N'2020-12-22' AS Date), 1)
GO
INSERT [dbo].[SalidasDiciembre] ([SalidaId], [ProductoId], [Fecha], [Cantidad]) VALUES (1039, 93, CAST(N'2020-12-23' AS Date), 6)
INSERT [dbo].[SalidasDiciembre] ([SalidaId], [ProductoId], [Fecha], [Cantidad]) VALUES (1040, 13, CAST(N'2020-12-23' AS Date), 1)
INSERT [dbo].[SalidasDiciembre] ([SalidaId], [ProductoId], [Fecha], [Cantidad]) VALUES (1041, 12, CAST(N'2020-12-23' AS Date), 1)
INSERT [dbo].[SalidasDiciembre] ([SalidaId], [ProductoId], [Fecha], [Cantidad]) VALUES (1042, 64, CAST(N'2020-12-23' AS Date), 2)
INSERT [dbo].[SalidasDiciembre] ([SalidaId], [ProductoId], [Fecha], [Cantidad]) VALUES (1043, 11, CAST(N'2020-12-23' AS Date), 2)
INSERT [dbo].[SalidasDiciembre] ([SalidaId], [ProductoId], [Fecha], [Cantidad]) VALUES (1044, 67, CAST(N'2020-12-23' AS Date), 2)
INSERT [dbo].[SalidasDiciembre] ([SalidaId], [ProductoId], [Fecha], [Cantidad]) VALUES (1045, 33, CAST(N'2020-12-23' AS Date), 1)
INSERT [dbo].[SalidasDiciembre] ([SalidaId], [ProductoId], [Fecha], [Cantidad]) VALUES (1046, 32, CAST(N'2020-12-23' AS Date), 3)
INSERT [dbo].[SalidasDiciembre] ([SalidaId], [ProductoId], [Fecha], [Cantidad]) VALUES (1047, 7, CAST(N'2020-12-23' AS Date), 1)
INSERT [dbo].[SalidasDiciembre] ([SalidaId], [ProductoId], [Fecha], [Cantidad]) VALUES (1048, 2, CAST(N'2020-12-23' AS Date), 2)
INSERT [dbo].[SalidasDiciembre] ([SalidaId], [ProductoId], [Fecha], [Cantidad]) VALUES (1049, 8, CAST(N'2020-12-23' AS Date), 1)
INSERT [dbo].[SalidasDiciembre] ([SalidaId], [ProductoId], [Fecha], [Cantidad]) VALUES (1050, 34, CAST(N'2020-12-23' AS Date), 1)
INSERT [dbo].[SalidasDiciembre] ([SalidaId], [ProductoId], [Fecha], [Cantidad]) VALUES (1051, 4, CAST(N'2020-12-23' AS Date), 1)
INSERT [dbo].[SalidasDiciembre] ([SalidaId], [ProductoId], [Fecha], [Cantidad]) VALUES (1052, 18, CAST(N'2020-12-23' AS Date), 1)
INSERT [dbo].[SalidasDiciembre] ([SalidaId], [ProductoId], [Fecha], [Cantidad]) VALUES (1053, 1, CAST(N'2020-12-23' AS Date), 1)
INSERT [dbo].[SalidasDiciembre] ([SalidaId], [ProductoId], [Fecha], [Cantidad]) VALUES (1054, 13, CAST(N'2020-12-23' AS Date), 1)
INSERT [dbo].[SalidasDiciembre] ([SalidaId], [ProductoId], [Fecha], [Cantidad]) VALUES (1055, 83, CAST(N'2020-12-23' AS Date), 2)
INSERT [dbo].[SalidasDiciembre] ([SalidaId], [ProductoId], [Fecha], [Cantidad]) VALUES (1056, 36, CAST(N'2020-12-23' AS Date), 2)
INSERT [dbo].[SalidasDiciembre] ([SalidaId], [ProductoId], [Fecha], [Cantidad]) VALUES (1057, 82, CAST(N'2020-12-23' AS Date), 3)
INSERT [dbo].[SalidasDiciembre] ([SalidaId], [ProductoId], [Fecha], [Cantidad]) VALUES (1058, 68, CAST(N'2020-12-24' AS Date), 3)
INSERT [dbo].[SalidasDiciembre] ([SalidaId], [ProductoId], [Fecha], [Cantidad]) VALUES (1059, 17, CAST(N'2020-12-24' AS Date), 1)
INSERT [dbo].[SalidasDiciembre] ([SalidaId], [ProductoId], [Fecha], [Cantidad]) VALUES (1060, 3, CAST(N'2020-12-24' AS Date), 1)
INSERT [dbo].[SalidasDiciembre] ([SalidaId], [ProductoId], [Fecha], [Cantidad]) VALUES (1061, 4, CAST(N'2020-12-24' AS Date), 1)
INSERT [dbo].[SalidasDiciembre] ([SalidaId], [ProductoId], [Fecha], [Cantidad]) VALUES (1062, 1, CAST(N'2020-12-24' AS Date), 1)
INSERT [dbo].[SalidasDiciembre] ([SalidaId], [ProductoId], [Fecha], [Cantidad]) VALUES (1063, 72, CAST(N'2020-12-24' AS Date), 3)
INSERT [dbo].[SalidasDiciembre] ([SalidaId], [ProductoId], [Fecha], [Cantidad]) VALUES (1064, 62, CAST(N'2020-12-24' AS Date), 3)
INSERT [dbo].[SalidasDiciembre] ([SalidaId], [ProductoId], [Fecha], [Cantidad]) VALUES (1065, 7, CAST(N'2020-12-24' AS Date), 2)
INSERT [dbo].[SalidasDiciembre] ([SalidaId], [ProductoId], [Fecha], [Cantidad]) VALUES (1066, 11, CAST(N'2020-12-24' AS Date), 3)
INSERT [dbo].[SalidasDiciembre] ([SalidaId], [ProductoId], [Fecha], [Cantidad]) VALUES (1067, 2, CAST(N'2020-12-24' AS Date), 3)
INSERT [dbo].[SalidasDiciembre] ([SalidaId], [ProductoId], [Fecha], [Cantidad]) VALUES (1068, 8, CAST(N'2020-12-24' AS Date), 1)
INSERT [dbo].[SalidasDiciembre] ([SalidaId], [ProductoId], [Fecha], [Cantidad]) VALUES (1069, 18, CAST(N'2020-12-24' AS Date), 1)
INSERT [dbo].[SalidasDiciembre] ([SalidaId], [ProductoId], [Fecha], [Cantidad]) VALUES (1070, 32, CAST(N'2020-12-24' AS Date), 4)
INSERT [dbo].[SalidasDiciembre] ([SalidaId], [ProductoId], [Fecha], [Cantidad]) VALUES (1071, 44, CAST(N'2020-12-24' AS Date), 3)
INSERT [dbo].[SalidasDiciembre] ([SalidaId], [ProductoId], [Fecha], [Cantidad]) VALUES (1072, 6, CAST(N'2020-12-24' AS Date), 1)
INSERT [dbo].[SalidasDiciembre] ([SalidaId], [ProductoId], [Fecha], [Cantidad]) VALUES (1073, 47, CAST(N'2020-12-28' AS Date), 1)
INSERT [dbo].[SalidasDiciembre] ([SalidaId], [ProductoId], [Fecha], [Cantidad]) VALUES (1074, 33, CAST(N'2020-12-28' AS Date), 2)
INSERT [dbo].[SalidasDiciembre] ([SalidaId], [ProductoId], [Fecha], [Cantidad]) VALUES (1075, 6, CAST(N'2020-12-28' AS Date), 3)
INSERT [dbo].[SalidasDiciembre] ([SalidaId], [ProductoId], [Fecha], [Cantidad]) VALUES (1076, 1, CAST(N'2020-12-28' AS Date), 4)
INSERT [dbo].[SalidasDiciembre] ([SalidaId], [ProductoId], [Fecha], [Cantidad]) VALUES (1077, 82, CAST(N'2020-12-28' AS Date), 2)
INSERT [dbo].[SalidasDiciembre] ([SalidaId], [ProductoId], [Fecha], [Cantidad]) VALUES (1078, 94, CAST(N'2020-12-28' AS Date), 3)
INSERT [dbo].[SalidasDiciembre] ([SalidaId], [ProductoId], [Fecha], [Cantidad]) VALUES (1079, 11, CAST(N'2020-12-28' AS Date), 2)
INSERT [dbo].[SalidasDiciembre] ([SalidaId], [ProductoId], [Fecha], [Cantidad]) VALUES (1080, 84, CAST(N'2020-12-28' AS Date), 1)
INSERT [dbo].[SalidasDiciembre] ([SalidaId], [ProductoId], [Fecha], [Cantidad]) VALUES (1081, 83, CAST(N'2020-12-28' AS Date), 1)
INSERT [dbo].[SalidasDiciembre] ([SalidaId], [ProductoId], [Fecha], [Cantidad]) VALUES (1082, 32, CAST(N'2020-12-28' AS Date), 2)
INSERT [dbo].[SalidasDiciembre] ([SalidaId], [ProductoId], [Fecha], [Cantidad]) VALUES (1083, 17, CAST(N'2020-12-28' AS Date), 2)
INSERT [dbo].[SalidasDiciembre] ([SalidaId], [ProductoId], [Fecha], [Cantidad]) VALUES (1084, 4, CAST(N'2020-12-28' AS Date), 1)
INSERT [dbo].[SalidasDiciembre] ([SalidaId], [ProductoId], [Fecha], [Cantidad]) VALUES (1085, 2, CAST(N'2020-12-28' AS Date), 1)
INSERT [dbo].[SalidasDiciembre] ([SalidaId], [ProductoId], [Fecha], [Cantidad]) VALUES (1086, 3, CAST(N'2020-12-28' AS Date), 2)
INSERT [dbo].[SalidasDiciembre] ([SalidaId], [ProductoId], [Fecha], [Cantidad]) VALUES (1087, 22, CAST(N'2020-12-28' AS Date), 1)
INSERT [dbo].[SalidasDiciembre] ([SalidaId], [ProductoId], [Fecha], [Cantidad]) VALUES (1088, 8, CAST(N'2020-12-28' AS Date), 1)
INSERT [dbo].[SalidasDiciembre] ([SalidaId], [ProductoId], [Fecha], [Cantidad]) VALUES (1089, 68, CAST(N'2020-12-28' AS Date), 3)
INSERT [dbo].[SalidasDiciembre] ([SalidaId], [ProductoId], [Fecha], [Cantidad]) VALUES (1090, 8, CAST(N'2020-12-31' AS Date), 2)
INSERT [dbo].[SalidasDiciembre] ([SalidaId], [ProductoId], [Fecha], [Cantidad]) VALUES (1091, 6, CAST(N'2020-12-31' AS Date), 2)
INSERT [dbo].[SalidasDiciembre] ([SalidaId], [ProductoId], [Fecha], [Cantidad]) VALUES (1092, 1, CAST(N'2020-12-31' AS Date), 1)
INSERT [dbo].[SalidasDiciembre] ([SalidaId], [ProductoId], [Fecha], [Cantidad]) VALUES (1093, 13, CAST(N'2020-12-31' AS Date), 1)
INSERT [dbo].[SalidasDiciembre] ([SalidaId], [ProductoId], [Fecha], [Cantidad]) VALUES (1094, 84, CAST(N'2020-12-31' AS Date), 1)
INSERT [dbo].[SalidasDiciembre] ([SalidaId], [ProductoId], [Fecha], [Cantidad]) VALUES (1095, 2, CAST(N'2020-12-31' AS Date), 1)
INSERT [dbo].[SalidasDiciembre] ([SalidaId], [ProductoId], [Fecha], [Cantidad]) VALUES (1096, 32, CAST(N'2020-12-31' AS Date), 1)
INSERT [dbo].[SalidasDiciembre] ([SalidaId], [ProductoId], [Fecha], [Cantidad]) VALUES (1115, 5, CAST(N'2020-12-26' AS Date), 0)
INSERT [dbo].[SalidasDiciembre] ([SalidaId], [ProductoId], [Fecha], [Cantidad]) VALUES (1116, 5, CAST(N'2020-12-31' AS Date), 0)
INSERT [dbo].[SalidasDiciembre] ([SalidaId], [ProductoId], [Fecha], [Cantidad]) VALUES (1130, 7, CAST(N'2020-12-31' AS Date), 0)
INSERT [dbo].[SalidasDiciembre] ([SalidaId], [ProductoId], [Fecha], [Cantidad]) VALUES (1145, 9, CAST(N'2020-12-26' AS Date), 0)
INSERT [dbo].[SalidasDiciembre] ([SalidaId], [ProductoId], [Fecha], [Cantidad]) VALUES (1146, 9, CAST(N'2020-12-31' AS Date), 0)
INSERT [dbo].[SalidasDiciembre] ([SalidaId], [ProductoId], [Fecha], [Cantidad]) VALUES (1156, 10, CAST(N'2020-12-31' AS Date), 0)
INSERT [dbo].[SalidasDiciembre] ([SalidaId], [ProductoId], [Fecha], [Cantidad]) VALUES (1167, 30, CAST(N'2020-12-26' AS Date), 0)
INSERT [dbo].[SalidasDiciembre] ([SalidaId], [ProductoId], [Fecha], [Cantidad]) VALUES (1168, 30, CAST(N'2020-12-31' AS Date), 0)
INSERT [dbo].[SalidasDiciembre] ([SalidaId], [ProductoId], [Fecha], [Cantidad]) VALUES (1189, 12, CAST(N'2020-12-31' AS Date), 0)
INSERT [dbo].[SalidasDiciembre] ([SalidaId], [ProductoId], [Fecha], [Cantidad]) VALUES (1201, 14, CAST(N'2020-12-26' AS Date), 0)
INSERT [dbo].[SalidasDiciembre] ([SalidaId], [ProductoId], [Fecha], [Cantidad]) VALUES (1202, 14, CAST(N'2020-12-31' AS Date), 0)
INSERT [dbo].[SalidasDiciembre] ([SalidaId], [ProductoId], [Fecha], [Cantidad]) VALUES (1207, 15, CAST(N'2020-12-26' AS Date), 0)
INSERT [dbo].[SalidasDiciembre] ([SalidaId], [ProductoId], [Fecha], [Cantidad]) VALUES (1208, 15, CAST(N'2020-12-31' AS Date), 0)
INSERT [dbo].[SalidasDiciembre] ([SalidaId], [ProductoId], [Fecha], [Cantidad]) VALUES (1213, 16, CAST(N'2020-12-26' AS Date), 0)
INSERT [dbo].[SalidasDiciembre] ([SalidaId], [ProductoId], [Fecha], [Cantidad]) VALUES (1214, 16, CAST(N'2020-12-31' AS Date), 0)
INSERT [dbo].[SalidasDiciembre] ([SalidaId], [ProductoId], [Fecha], [Cantidad]) VALUES (1223, 17, CAST(N'2020-12-19' AS Date), 0)
INSERT [dbo].[SalidasDiciembre] ([SalidaId], [ProductoId], [Fecha], [Cantidad]) VALUES (1225, 18, CAST(N'2020-12-31' AS Date), 0)
INSERT [dbo].[SalidasDiciembre] ([SalidaId], [ProductoId], [Fecha], [Cantidad]) VALUES (1234, 19, CAST(N'2020-12-19' AS Date), 0)
INSERT [dbo].[SalidasDiciembre] ([SalidaId], [ProductoId], [Fecha], [Cantidad]) VALUES (1235, 19, CAST(N'2020-12-31' AS Date), 0)
INSERT [dbo].[SalidasDiciembre] ([SalidaId], [ProductoId], [Fecha], [Cantidad]) VALUES (1250, 20, CAST(N'2020-12-19' AS Date), 0)
INSERT [dbo].[SalidasDiciembre] ([SalidaId], [ProductoId], [Fecha], [Cantidad]) VALUES (1251, 20, CAST(N'2020-12-26' AS Date), 0)
INSERT [dbo].[SalidasDiciembre] ([SalidaId], [ProductoId], [Fecha], [Cantidad]) VALUES (1252, 20, CAST(N'2020-12-31' AS Date), 0)
INSERT [dbo].[SalidasDiciembre] ([SalidaId], [ProductoId], [Fecha], [Cantidad]) VALUES (1273, 22, CAST(N'2020-12-19' AS Date), 0)
INSERT [dbo].[SalidasDiciembre] ([SalidaId], [ProductoId], [Fecha], [Cantidad]) VALUES (1274, 22, CAST(N'2020-12-26' AS Date), 0)
INSERT [dbo].[SalidasDiciembre] ([SalidaId], [ProductoId], [Fecha], [Cantidad]) VALUES (1284, 23, CAST(N'2020-12-26' AS Date), 0)
INSERT [dbo].[SalidasDiciembre] ([SalidaId], [ProductoId], [Fecha], [Cantidad]) VALUES (1285, 23, CAST(N'2020-12-31' AS Date), 0)
INSERT [dbo].[SalidasDiciembre] ([SalidaId], [ProductoId], [Fecha], [Cantidad]) VALUES (1295, 24, CAST(N'2020-12-26' AS Date), 0)
INSERT [dbo].[SalidasDiciembre] ([SalidaId], [ProductoId], [Fecha], [Cantidad]) VALUES (1296, 24, CAST(N'2020-12-31' AS Date), 0)
INSERT [dbo].[SalidasDiciembre] ([SalidaId], [ProductoId], [Fecha], [Cantidad]) VALUES (1305, 25, CAST(N'2020-12-26' AS Date), 0)
INSERT [dbo].[SalidasDiciembre] ([SalidaId], [ProductoId], [Fecha], [Cantidad]) VALUES (1306, 25, CAST(N'2020-12-31' AS Date), 0)
INSERT [dbo].[SalidasDiciembre] ([SalidaId], [ProductoId], [Fecha], [Cantidad]) VALUES (1314, 26, CAST(N'2020-12-31' AS Date), 0)
INSERT [dbo].[SalidasDiciembre] ([SalidaId], [ProductoId], [Fecha], [Cantidad]) VALUES (1324, 27, CAST(N'2020-12-26' AS Date), 0)
INSERT [dbo].[SalidasDiciembre] ([SalidaId], [ProductoId], [Fecha], [Cantidad]) VALUES (1325, 27, CAST(N'2020-12-31' AS Date), 0)
INSERT [dbo].[SalidasDiciembre] ([SalidaId], [ProductoId], [Fecha], [Cantidad]) VALUES (1334, 28, CAST(N'2020-12-26' AS Date), 0)
INSERT [dbo].[SalidasDiciembre] ([SalidaId], [ProductoId], [Fecha], [Cantidad]) VALUES (1335, 28, CAST(N'2020-12-31' AS Date), 0)
INSERT [dbo].[SalidasDiciembre] ([SalidaId], [ProductoId], [Fecha], [Cantidad]) VALUES (2112, 34, CAST(N'2020-12-31' AS Date), 0)
INSERT [dbo].[SalidasDiciembre] ([SalidaId], [ProductoId], [Fecha], [Cantidad]) VALUES (2138, 36, CAST(N'2020-12-13' AS Date), 0)
INSERT [dbo].[SalidasDiciembre] ([SalidaId], [ProductoId], [Fecha], [Cantidad]) VALUES (2139, 36, CAST(N'2020-12-20' AS Date), 0)
INSERT [dbo].[SalidasDiciembre] ([SalidaId], [ProductoId], [Fecha], [Cantidad]) VALUES (2140, 36, CAST(N'2020-12-31' AS Date), 0)
INSERT [dbo].[SalidasDiciembre] ([SalidaId], [ProductoId], [Fecha], [Cantidad]) VALUES (2152, 37, CAST(N'2020-12-27' AS Date), 0)
INSERT [dbo].[SalidasDiciembre] ([SalidaId], [ProductoId], [Fecha], [Cantidad]) VALUES (2153, 37, CAST(N'2020-12-31' AS Date), 0)
GO
INSERT [dbo].[Semanas] ([NumeroSemana], [FechaInicio], [FechaFin]) VALUES (1, CAST(N'2020-08-01' AS Date), CAST(N'2020-08-08' AS Date))
INSERT [dbo].[Semanas] ([NumeroSemana], [FechaInicio], [FechaFin]) VALUES (2, CAST(N'2020-08-09' AS Date), CAST(N'2020-08-15' AS Date))
INSERT [dbo].[Semanas] ([NumeroSemana], [FechaInicio], [FechaFin]) VALUES (3, CAST(N'2020-08-16' AS Date), CAST(N'2020-08-22' AS Date))
INSERT [dbo].[Semanas] ([NumeroSemana], [FechaInicio], [FechaFin]) VALUES (4, CAST(N'2020-08-23' AS Date), CAST(N'2020-08-29' AS Date))
INSERT [dbo].[Semanas] ([NumeroSemana], [FechaInicio], [FechaFin]) VALUES (5, CAST(N'2020-08-30' AS Date), CAST(N'2020-09-05' AS Date))
INSERT [dbo].[Semanas] ([NumeroSemana], [FechaInicio], [FechaFin]) VALUES (6, CAST(N'2020-09-06' AS Date), CAST(N'2020-09-12' AS Date))
INSERT [dbo].[Semanas] ([NumeroSemana], [FechaInicio], [FechaFin]) VALUES (7, CAST(N'2020-09-13' AS Date), CAST(N'2020-09-19' AS Date))
INSERT [dbo].[Semanas] ([NumeroSemana], [FechaInicio], [FechaFin]) VALUES (8, CAST(N'2020-09-20' AS Date), CAST(N'2020-09-26' AS Date))
INSERT [dbo].[Semanas] ([NumeroSemana], [FechaInicio], [FechaFin]) VALUES (9, CAST(N'2020-09-27' AS Date), CAST(N'2020-10-03' AS Date))
INSERT [dbo].[Semanas] ([NumeroSemana], [FechaInicio], [FechaFin]) VALUES (10, CAST(N'2020-10-04' AS Date), CAST(N'2020-10-10' AS Date))
INSERT [dbo].[Semanas] ([NumeroSemana], [FechaInicio], [FechaFin]) VALUES (11, CAST(N'2020-10-11' AS Date), CAST(N'2020-10-17' AS Date))
INSERT [dbo].[Semanas] ([NumeroSemana], [FechaInicio], [FechaFin]) VALUES (12, CAST(N'2020-10-18' AS Date), CAST(N'2020-10-24' AS Date))
INSERT [dbo].[Semanas] ([NumeroSemana], [FechaInicio], [FechaFin]) VALUES (13, CAST(N'2020-10-25' AS Date), CAST(N'2020-10-31' AS Date))
INSERT [dbo].[Semanas] ([NumeroSemana], [FechaInicio], [FechaFin]) VALUES (14, CAST(N'2020-11-01' AS Date), CAST(N'2020-11-07' AS Date))
INSERT [dbo].[Semanas] ([NumeroSemana], [FechaInicio], [FechaFin]) VALUES (15, CAST(N'2020-11-08' AS Date), CAST(N'2020-11-14' AS Date))
INSERT [dbo].[Semanas] ([NumeroSemana], [FechaInicio], [FechaFin]) VALUES (16, CAST(N'2020-11-15' AS Date), CAST(N'2020-11-21' AS Date))
INSERT [dbo].[Semanas] ([NumeroSemana], [FechaInicio], [FechaFin]) VALUES (17, CAST(N'2020-11-22' AS Date), CAST(N'2020-11-28' AS Date))
INSERT [dbo].[Semanas] ([NumeroSemana], [FechaInicio], [FechaFin]) VALUES (18, CAST(N'2020-11-29' AS Date), CAST(N'2020-12-05' AS Date))
INSERT [dbo].[Semanas] ([NumeroSemana], [FechaInicio], [FechaFin]) VALUES (19, CAST(N'2020-12-06' AS Date), CAST(N'2020-12-12' AS Date))
INSERT [dbo].[Semanas] ([NumeroSemana], [FechaInicio], [FechaFin]) VALUES (20, CAST(N'2020-12-13' AS Date), CAST(N'2020-12-19' AS Date))
INSERT [dbo].[Semanas] ([NumeroSemana], [FechaInicio], [FechaFin]) VALUES (21, CAST(N'2020-12-20' AS Date), CAST(N'2020-12-26' AS Date))
INSERT [dbo].[Semanas] ([NumeroSemana], [FechaInicio], [FechaFin]) VALUES (22, CAST(N'2020-12-27' AS Date), CAST(N'2021-01-02' AS Date))
INSERT [dbo].[Semanas] ([NumeroSemana], [FechaInicio], [FechaFin]) VALUES (23, CAST(N'2021-01-03' AS Date), CAST(N'2021-01-09' AS Date))
INSERT [dbo].[Semanas] ([NumeroSemana], [FechaInicio], [FechaFin]) VALUES (24, CAST(N'2021-01-10' AS Date), CAST(N'2021-01-16' AS Date))
INSERT [dbo].[Semanas] ([NumeroSemana], [FechaInicio], [FechaFin]) VALUES (25, CAST(N'2021-01-17' AS Date), CAST(N'2021-01-23' AS Date))
INSERT [dbo].[Semanas] ([NumeroSemana], [FechaInicio], [FechaFin]) VALUES (26, CAST(N'2021-01-24' AS Date), CAST(N'2021-01-30' AS Date))
INSERT [dbo].[Semanas] ([NumeroSemana], [FechaInicio], [FechaFin]) VALUES (27, CAST(N'2021-01-31' AS Date), CAST(N'2021-02-06' AS Date))
INSERT [dbo].[Semanas] ([NumeroSemana], [FechaInicio], [FechaFin]) VALUES (28, CAST(N'2021-02-07' AS Date), CAST(N'2021-02-13' AS Date))
INSERT [dbo].[Semanas] ([NumeroSemana], [FechaInicio], [FechaFin]) VALUES (29, CAST(N'2021-02-14' AS Date), CAST(N'2021-02-20' AS Date))
INSERT [dbo].[Semanas] ([NumeroSemana], [FechaInicio], [FechaFin]) VALUES (30, CAST(N'2021-02-21' AS Date), CAST(N'2021-02-27' AS Date))
INSERT [dbo].[Semanas] ([NumeroSemana], [FechaInicio], [FechaFin]) VALUES (31, CAST(N'2021-02-28' AS Date), CAST(N'2021-03-06' AS Date))
INSERT [dbo].[Semanas] ([NumeroSemana], [FechaInicio], [FechaFin]) VALUES (32, CAST(N'2021-03-07' AS Date), CAST(N'2021-03-13' AS Date))
INSERT [dbo].[Semanas] ([NumeroSemana], [FechaInicio], [FechaFin]) VALUES (33, CAST(N'2021-03-14' AS Date), CAST(N'2021-03-20' AS Date))
INSERT [dbo].[Semanas] ([NumeroSemana], [FechaInicio], [FechaFin]) VALUES (34, CAST(N'2021-03-21' AS Date), CAST(N'2021-03-27' AS Date))
INSERT [dbo].[Semanas] ([NumeroSemana], [FechaInicio], [FechaFin]) VALUES (35, CAST(N'2021-03-28' AS Date), CAST(N'2021-04-03' AS Date))
INSERT [dbo].[Semanas] ([NumeroSemana], [FechaInicio], [FechaFin]) VALUES (36, CAST(N'2021-04-04' AS Date), CAST(N'2021-04-10' AS Date))
INSERT [dbo].[Semanas] ([NumeroSemana], [FechaInicio], [FechaFin]) VALUES (37, CAST(N'2021-04-11' AS Date), CAST(N'2021-04-17' AS Date))
INSERT [dbo].[Semanas] ([NumeroSemana], [FechaInicio], [FechaFin]) VALUES (38, CAST(N'2021-04-18' AS Date), CAST(N'2021-04-24' AS Date))
INSERT [dbo].[Semanas] ([NumeroSemana], [FechaInicio], [FechaFin]) VALUES (39, CAST(N'2021-04-25' AS Date), CAST(N'2021-05-01' AS Date))
INSERT [dbo].[Semanas] ([NumeroSemana], [FechaInicio], [FechaFin]) VALUES (40, CAST(N'2021-05-02' AS Date), CAST(N'2021-05-08' AS Date))
INSERT [dbo].[Semanas] ([NumeroSemana], [FechaInicio], [FechaFin]) VALUES (41, CAST(N'2021-05-09' AS Date), CAST(N'2021-05-15' AS Date))
INSERT [dbo].[Semanas] ([NumeroSemana], [FechaInicio], [FechaFin]) VALUES (42, CAST(N'2021-05-16' AS Date), CAST(N'2021-05-22' AS Date))
INSERT [dbo].[Semanas] ([NumeroSemana], [FechaInicio], [FechaFin]) VALUES (43, CAST(N'2021-05-23' AS Date), CAST(N'2021-05-29' AS Date))
INSERT [dbo].[Semanas] ([NumeroSemana], [FechaInicio], [FechaFin]) VALUES (44, CAST(N'2021-05-30' AS Date), CAST(N'2021-06-05' AS Date))
INSERT [dbo].[Semanas] ([NumeroSemana], [FechaInicio], [FechaFin]) VALUES (45, CAST(N'2021-06-06' AS Date), CAST(N'2021-06-12' AS Date))
INSERT [dbo].[Semanas] ([NumeroSemana], [FechaInicio], [FechaFin]) VALUES (46, CAST(N'2021-06-13' AS Date), CAST(N'2021-06-19' AS Date))
INSERT [dbo].[Semanas] ([NumeroSemana], [FechaInicio], [FechaFin]) VALUES (47, CAST(N'2021-06-20' AS Date), CAST(N'2021-06-26' AS Date))
INSERT [dbo].[Semanas] ([NumeroSemana], [FechaInicio], [FechaFin]) VALUES (48, CAST(N'2021-06-27' AS Date), CAST(N'2021-07-03' AS Date))
INSERT [dbo].[Semanas] ([NumeroSemana], [FechaInicio], [FechaFin]) VALUES (49, CAST(N'2021-07-04' AS Date), CAST(N'2021-07-10' AS Date))
INSERT [dbo].[Semanas] ([NumeroSemana], [FechaInicio], [FechaFin]) VALUES (50, CAST(N'2021-07-11' AS Date), CAST(N'2021-07-17' AS Date))
INSERT [dbo].[Semanas] ([NumeroSemana], [FechaInicio], [FechaFin]) VALUES (51, CAST(N'2021-07-18' AS Date), CAST(N'2021-07-24' AS Date))
INSERT [dbo].[Semanas] ([NumeroSemana], [FechaInicio], [FechaFin]) VALUES (52, CAST(N'2021-07-25' AS Date), CAST(N'2021-07-31' AS Date))
INSERT [dbo].[Semanas] ([NumeroSemana], [FechaInicio], [FechaFin]) VALUES (53, CAST(N'2021-08-01' AS Date), CAST(N'2021-08-07' AS Date))
INSERT [dbo].[Semanas] ([NumeroSemana], [FechaInicio], [FechaFin]) VALUES (54, CAST(N'2021-08-08' AS Date), CAST(N'2021-08-14' AS Date))
INSERT [dbo].[Semanas] ([NumeroSemana], [FechaInicio], [FechaFin]) VALUES (55, CAST(N'2021-08-15' AS Date), CAST(N'2021-08-21' AS Date))
INSERT [dbo].[Semanas] ([NumeroSemana], [FechaInicio], [FechaFin]) VALUES (56, CAST(N'2021-08-22' AS Date), CAST(N'2021-08-28' AS Date))
INSERT [dbo].[Semanas] ([NumeroSemana], [FechaInicio], [FechaFin]) VALUES (57, CAST(N'2021-08-29' AS Date), CAST(N'2021-09-04' AS Date))
INSERT [dbo].[Semanas] ([NumeroSemana], [FechaInicio], [FechaFin]) VALUES (58, CAST(N'2021-09-05' AS Date), CAST(N'2021-09-11' AS Date))
INSERT [dbo].[Semanas] ([NumeroSemana], [FechaInicio], [FechaFin]) VALUES (59, CAST(N'2021-09-12' AS Date), CAST(N'2021-09-18' AS Date))
INSERT [dbo].[Semanas] ([NumeroSemana], [FechaInicio], [FechaFin]) VALUES (60, CAST(N'2021-09-19' AS Date), CAST(N'2021-09-25' AS Date))
INSERT [dbo].[Semanas] ([NumeroSemana], [FechaInicio], [FechaFin]) VALUES (61, CAST(N'2021-09-26' AS Date), CAST(N'2021-10-02' AS Date))
INSERT [dbo].[Semanas] ([NumeroSemana], [FechaInicio], [FechaFin]) VALUES (62, CAST(N'2021-10-03' AS Date), CAST(N'2021-10-09' AS Date))
INSERT [dbo].[Semanas] ([NumeroSemana], [FechaInicio], [FechaFin]) VALUES (63, CAST(N'2021-10-10' AS Date), CAST(N'2021-10-16' AS Date))
INSERT [dbo].[Semanas] ([NumeroSemana], [FechaInicio], [FechaFin]) VALUES (64, CAST(N'2021-10-17' AS Date), CAST(N'2021-10-23' AS Date))
INSERT [dbo].[Semanas] ([NumeroSemana], [FechaInicio], [FechaFin]) VALUES (65, CAST(N'2021-10-24' AS Date), CAST(N'2021-10-30' AS Date))
INSERT [dbo].[Semanas] ([NumeroSemana], [FechaInicio], [FechaFin]) VALUES (66, CAST(N'2021-10-31' AS Date), CAST(N'2021-11-06' AS Date))
INSERT [dbo].[Semanas] ([NumeroSemana], [FechaInicio], [FechaFin]) VALUES (67, CAST(N'2021-11-07' AS Date), CAST(N'2021-11-13' AS Date))
INSERT [dbo].[Semanas] ([NumeroSemana], [FechaInicio], [FechaFin]) VALUES (68, CAST(N'2021-11-14' AS Date), CAST(N'2021-11-20' AS Date))
INSERT [dbo].[Semanas] ([NumeroSemana], [FechaInicio], [FechaFin]) VALUES (69, CAST(N'2021-11-21' AS Date), CAST(N'2021-11-27' AS Date))
INSERT [dbo].[Semanas] ([NumeroSemana], [FechaInicio], [FechaFin]) VALUES (70, CAST(N'2021-11-28' AS Date), CAST(N'2021-12-04' AS Date))
INSERT [dbo].[Semanas] ([NumeroSemana], [FechaInicio], [FechaFin]) VALUES (71, CAST(N'2021-12-05' AS Date), CAST(N'2021-12-11' AS Date))
INSERT [dbo].[Semanas] ([NumeroSemana], [FechaInicio], [FechaFin]) VALUES (72, CAST(N'2021-12-12' AS Date), CAST(N'2021-12-18' AS Date))
INSERT [dbo].[Semanas] ([NumeroSemana], [FechaInicio], [FechaFin]) VALUES (73, CAST(N'2021-12-19' AS Date), CAST(N'2021-12-25' AS Date))
INSERT [dbo].[Semanas] ([NumeroSemana], [FechaInicio], [FechaFin]) VALUES (74, CAST(N'2021-12-26' AS Date), CAST(N'2022-01-01' AS Date))
GO
ALTER TABLE [dbo].[Entradas]  WITH CHECK ADD  CONSTRAINT [FK_PROD_ENT] FOREIGN KEY([ProductoId])
REFERENCES [dbo].[Productos] ([ProductoId])
GO
ALTER TABLE [dbo].[Entradas] CHECK CONSTRAINT [FK_PROD_ENT]
GO
ALTER TABLE [dbo].[Predicciones]  WITH CHECK ADD  CONSTRAINT [FK_PROD_PRED] FOREIGN KEY([ProductoId])
REFERENCES [dbo].[Productos] ([ProductoId])
GO
ALTER TABLE [dbo].[Predicciones] CHECK CONSTRAINT [FK_PROD_PRED]
GO
ALTER TABLE [dbo].[Salidas]  WITH CHECK ADD  CONSTRAINT [FK_PROD_SAL] FOREIGN KEY([ProductoId])
REFERENCES [dbo].[Productos] ([ProductoId])
GO
ALTER TABLE [dbo].[Salidas] CHECK CONSTRAINT [FK_PROD_SAL]
GO
